title,subTitle,description,categoryName,address,neighborhood,street,city,postalCode,state,countryCode,phone,phoneUnformatted,claimThisBusiness,location/lat,location/lng,totalScore,permanentlyClosed,temporarilyClosed,placeId,categories/0,fid,cid,reviewsCount,imagesCount,scrapedAt,openingHours/0/day,openingHours/0/hours,openingHours/1/day,openingHours/1/hours,openingHours/2/day,openingHours/2/hours,openingHours/3/day,openingHours/3/hours,openingHours/4/day,openingHours/4/hours,openingHours/5/day,openingHours/5/hours,openingHours/6/day,openingHours/6/hours,additionalInfo/Service options/0/Curbside pickup,additionalInfo/Service options/1/Delivery/0,additionalInfo/Service options/2/In-store pickup,additionalInfo/Service options/3/In-store shopping,additionalInfo/Service options/4/Onsite services,additionalInfo/Accessibility/0/Wheelchair accessible seating,additionalInfo/Accessibility/1/Wheelchair accessible restroom,additionalInfo/Amenities/0/Gender-neutral restroom,additionalInfo/Amenities/1/Wi-Fi,additionalInfo/Amenities/2/Free Wi-Fi,additionalInfo/Crowd/0/LGBTQ+ friendly,additionalInfo/Planning/0/Quick visit,additionalInfo/Payments/0/Credit cards,additionalInfo/Payments/1/Debit cards,additionalInfo/Payments/2/Google Pay,additionalInfo/Payments/3/NFC mobile payments,additionalInfo/Parking/0/Free parking lot,additionalInfo/Parking/1/Free street parking,additionalInfo/Parking/2/Paid street parking,url,searchPageUrl,searchString,language,rank,isAdvertisement,imageUrl,kgmid,additionalInfo/Service options/0/Delivery/0,additionalInfo/Service options/1/Onsite services,additionalInfo/Payments/2/NFC mobile payments,website,additionalInfo/Service options/0/Onsite services,additionalInfo/Accessibility/0/Wheelchair accessible entrance,categories/1,additionalInfo/From the business/0/Identifies as women-owned,additionalInfo/Service options/1/In-store pickup,additionalInfo/Service options/2/In-store shopping,additionalInfo/Service options/3/Onsite services,additionalInfo/Accessibility/0/Wheelchair accessible parking lot,additionalInfo/Amenities/0/Wi-Fi,additionalInfo/Amenities/1/Free Wi-Fi,additionalInfo/Payments/4/Credit cards,additionalInfo/Payments/3/Credit cards,additionalInfo/Accessibility/1/Wheelchair accessible parking lot,additionalInfo/Amenities/0/Restroom,categories/2,categories/3,additionalInfo/Service options/1/In-store shopping,additionalInfo/Service options/2/Onsite services,additionalInfo/Payments/0/Debit cards,additionalInfo/Service options/2/Same-day delivery,additionalInfo/Service options/0/In-store shopping,additionalInfo/Service options/2/Delivery/0,additionalInfo/Parking/1/On-site parking,additionalOpeningHours/Delivery/0/day,additionalOpeningHours/Delivery/0/hours,additionalOpeningHours/Delivery/1/day,additionalOpeningHours/Delivery/1/hours,additionalOpeningHours/Delivery/2/day,additionalOpeningHours/Delivery/2/hours,additionalOpeningHours/Delivery/3/day,additionalOpeningHours/Delivery/3/hours,additionalOpeningHours/Delivery/4/day,additionalOpeningHours/Delivery/4/hours,additionalOpeningHours/Delivery/5/day,additionalOpeningHours/Delivery/5/hours,additionalOpeningHours/Delivery/6/day,additionalOpeningHours/Delivery/6/hours,additionalInfo/Accessibility/2/Wheelchair accessible seating,additionalInfo/Payments/1/Google Pay,additionalInfo/Recycling/0/Electronics,categories/4,additionalInfo/Accessibility/0/Wheelchair accessible restroom,additionalInfo/Accessibility/1/Wheelchair accessible seating,additionalInfo/Accessibility/2/Wheelchair accessible parking lot,additionalInfo/Amenities/1/Paid Wi-Fi,additionalInfo/Payments/1/NFC mobile payments,additionalInfo/Parking/0/Free parking garage,additionalInfo/Parking/1/Free parking lot,additionalInfo/Parking/2/On-site parking,reviewsDistribution/oneStar,reviewsDistribution/twoStar,reviewsDistribution/threeStar,reviewsDistribution/fourStar,reviewsDistribution/fiveStar,additionalInfo/Parking/1/Paid parking lot,categories/5,categories/6,additionalInfo/Payments/2/Credit cards,additionalInfo/Payments/0/NFC mobile payments,additionalInfo/Accessibility/2/Wheelchair accessible restroom,additionalInfo/Accessibility/3/Wheelchair accessible seating,additionalInfo/Accessibility/0/Assistive hearing loop,additionalInfo/Parking/2/Free street parking,additionalInfo/Parking/3/On-site parking,additionalInfo/Parking/0/Paid parking lot,additionalInfo/Parking/0/Free street parking,additionalInfo/Parking/1/Paid street parking,additionalInfo/Service options/0/In-store pickup,additionalInfo/Service options/3/Delivery/0,additionalInfo/Accessibility/1/Wheelchair accessible entrance,additionalInfo/Accessibility/3/Wheelchair accessible restroom,additionalInfo/Accessibility/4/Wheelchair accessible seating,additionalInfo/Payments/0/Cash-only,additionalInfo/Planning/0/Appointment required,additionalInfo/Planning/1/Quick visit,additionalInfo/Payments/0/Google Pay,categories/7,categories/8,categories/9,additionalOpeningHours/Access/0/day,additionalOpeningHours/Access/0/hours,additionalOpeningHours/Access/1/day,additionalOpeningHours/Access/1/hours,additionalOpeningHours/Access/2/day,additionalOpeningHours/Access/2/hours,additionalOpeningHours/Access/3/day,additionalOpeningHours/Access/3/hours,additionalOpeningHours/Access/4/day,additionalOpeningHours/Access/4/hours,additionalOpeningHours/Access/5/day,additionalOpeningHours/Access/5/hours,additionalOpeningHours/Access/6/day,additionalOpeningHours/Access/6/hours,additionalOpeningHours/Online service hours/0/day,additionalOpeningHours/Online service hours/0/hours,additionalOpeningHours/Online service hours/1/day,additionalOpeningHours/Online service hours/1/hours,additionalOpeningHours/Online service hours/2/day,additionalOpeningHours/Online service hours/2/hours,additionalOpeningHours/Online service hours/3/day,additionalOpeningHours/Online service hours/3/hours,additionalOpeningHours/Online service hours/4/day,additionalOpeningHours/Online service hours/4/hours,additionalOpeningHours/Online service hours/5/day,additionalOpeningHours/Online service hours/5/hours,additionalOpeningHours/Online service hours/6/day,additionalOpeningHours/Online service hours/6/hours,additionalInfo/Service options/0/Online appointments,additionalInfo/Service options/1/Online estimates,additionalInfo/Offerings/0/Repair services,additionalInfo/Recycling/0/Batteries,additionalInfo/Recycling/1/Electronics,additionalOpeningHours/Pickup/0/day,additionalOpeningHours/Pickup/0/hours,additionalOpeningHours/Pickup/1/day,additionalOpeningHours/Pickup/1/hours,additionalOpeningHours/Pickup/2/day,additionalOpeningHours/Pickup/2/hours,additionalOpeningHours/Pickup/3/day,additionalOpeningHours/Pickup/3/hours,additionalOpeningHours/Pickup/4/day,additionalOpeningHours/Pickup/4/hours,additionalOpeningHours/Pickup/5/day,additionalOpeningHours/Pickup/5/hours,additionalOpeningHours/Pickup/6/day,additionalOpeningHours/Pickup/6/hours,additionalInfo/Parking/0/On-site parking,additionalInfo/Parking/1/Paid parking garage,additionalInfo/Parking/2/Paid parking lot,additionalInfo/Parking/3/Paid street parking,additionalInfo/Parking/3/Paid parking garage,additionalInfo/Parking/4/Paid parking lot,additionalInfo/Accessibility/0/Assisted listening devices,additionalInfo/Accessibility/1/Assistive hearing loop,additionalInfo/Accessibility/2/Wheelchair accessible entrance,additionalInfo/Payments/1/Credit cards,additionalInfo/Accessibility/3/Wheelchair accessible parking lot,additionalInfo/Accessibility/4/Wheelchair accessible restroom,additionalInfo/Accessibility/5/Wheelchair accessible seating,additionalInfo/Accessibility/4/Assistive hearing loop,additionalOpeningHours/Happy hours/0/day,additionalOpeningHours/Happy hours/0/hours,additionalOpeningHours/Happy hours/1/day,additionalOpeningHours/Happy hours/1/hours,additionalOpeningHours/Happy hours/2/day,additionalOpeningHours/Happy hours/2/hours,additionalOpeningHours/Happy hours/3/day,additionalOpeningHours/Happy hours/3/hours,additionalOpeningHours/Happy hours/4/day,additionalOpeningHours/Happy hours/4/hours,additionalOpeningHours/Happy hours/5/day,additionalOpeningHours/Happy hours/5/hours,additionalOpeningHours/Happy hours/6/day,additionalOpeningHours/Happy hours/6/hours
timex world,,,watch store,th main rd next to upahara darshini th t block east th block jayanagar bengaluru karnataka india,th t block east th block jayanagar,th main rd next to upahara darshini,bengaluru,560011,karnataka,in,,,False,12.9290332,77.58373,,False,False,chijiygioievrjsrtpruuureau,watch store,xbaeaxdeeefc,421190899887699020,,42,tz,monday,am to pm,tuesday,am to pm,wednesday,am to pm,thursday,am to pm,friday,am to pm,saturday,am to pm,sunday,am to pm,true,true,true,true,true,true,false,true,true,true,true,true,true,true,true,true,true,true,true,,,timex,en,1,False,,gwzhr,,,,,,,,,,,,,,,,,,,,,,,,,,,,,,,,,,,,,,,,,,,,,,,,,,,,,,,,,,,,,,,,,,,,,,,,,,,,,,,,,,,,,,,,,,,,,,,,,,,,,,,,,,,,,,,,,,,,,,,,,,,,,,,,,,,,,,,,,,,,,,,,,,,,,,,,,,,,,,
timex,టైమెక్స్,,watch store,bhagya nagar colony kukatpally hyderabad telangana india,bhagya nagar colony kukatpally,,hyderabad,500072,telangana,in,,,False,17.4942685,78.4014201,,False,False,chijkesruuryzsrnwkfgylcm,watch store,xbcbebdebxbacada,5984058413513209306,,11,tz,monday,am to pm,tuesday,am to pm,wednesday,am to pm,thursday,am to pm,friday,am to pm,saturday,am to pm,sunday,am to pm,,,,,,,,,,,,true,true,true,,,,,,,,timex,en,2,False,,gwlvh,true,true,true,,,,,,,,,,,,,,,,,,,,,,,,,,,,,,,,,,,,,,,,,,,,,,,,,,,,,,,,,,,,,,,,,,,,,,,,,,,,,,,,,,,,,,,,,,,,,,,,,,,,,,,,,,,,,,,,,,,,,,,,,,,,,,,,,,,,,,,,,,,,,,,,,,,,,,,,,,,
timex service centre,,,watch repair service,plot no flat no first floorac nd ave block ac ac block anna nagar chennai tamil nadu india,block ac ac block anna nagar,plot no flat no first floorac nd ave,chennai greater chennai,600040,tamil nadu,in,,,False,13.084537,80.212358,,False,False,chijlwlynkujorqmdrazbug,watch repair service,xadcdxdbdbdfaa,5219024450493444010,,28,tz,monday,am to pm,tuesday,am to pm,wednesday,am to pm,thursday,am to pm,friday,am to pm,saturday,am to pm,sunday,closed,,,,,,,,,,,,,,,,,,,,,,timex,en,3,False,,gczxvvv,,,,,true,false,,,,,,,,,,,,,,,,,,,,,,,,,,,,,,,,,,,,,,,,,,,,,,,,,,,,,,,,,,,,,,,,,,,,,,,,,,,,,,,,,,,,,,,,,,,,,,,,,,,,,,,,,,,,,,,,,,,,,,,,,,,,,,,,,,,,,,,,,,,,,,,,,,,,,,,,
timex service center,ಟೈಮೆಕ್ಷ್,,watch repair service,land mark srirampura metro station timex group india ltd vishnu priya complex nd floor mkk roadkgb road st main rd nagappa block srirampuram bengaluru karnataka india,ramamohanapuram nagappa block srirampuram,land mark srirampura metro station timex group india ltd vishnu priya complex nd floor mkk roadkgb road st main rd,bengaluru,560022,karnataka,in,,,False,12.9967693,77.5625528,,False,False,chijhemrenkrjsrzvhxwizny,watch repair service,xbaedaexfffcdcd,17770950759833620941,,22,tz,monday,am to pm,tuesday,am to pm,wednesday,am to pm,thursday,am to pm,friday,am to pm,saturday,am to pm,sunday,closed,,,,,,,,,,,,,,,,,,,,,,timex,en,4,False,,gtfgt,,,,,,,,,,,,,,,,,,,,,,,,,,,,,,,,,,,,,,,,,,,,,,,,,,,,,,,,,,,,,,,,,,,,,,,,,,,,,,,,,,,,,,,,,,,,,,,,,,,,,,,,,,,,,,,,,,,,,,,,,,,,,,,,,,,,,,,,,,,,,,,,,,,,,,,,,,,,,,
timex exclusive store,ଟାଇମେକ୍ସ ଏକ୍ସକ୍ଲୁସିଭ ଷ୍ଟୋର,,watch store,ground floor nscb arcade dargah bazaar cuttack odisha india,dargah bazaar,ground floor nscb arcade,cuttack,753001,odisha,in,,,False,20.4718477,85.8752744,,False,False,chijnorwyqngtorrcyrwvochki,watch store,xadcabffxecfa,4764418024806622788,,23,tz,monday,am to pm,tuesday,am to pm,wednesday,am to pm,thursday,am to pm,friday,am to pm,saturday,am to pm,sunday,am to pm,,,,,,,,,,,,true,true,true,,,,,,,,timex,en,5,False,,ghjglyc,true,true,true,,,,,,,,,,,,,,,,,,,,,,,,,,,,,,,,,,,,,,,,,,,,,,,,,,,,,,,,,,,,,,,,,,,,,,,,,,,,,,,,,,,,,,,,,,,,,,,,,,,,,,,,,,,,,,,,,,,,,,,,,,,,,,,,,,,,,,,,,,,,,,,,,,,,,,,,,,,
timex world,,,watch store,janpath rd satya nagar bhubaneswar odisha india,satya nagar,janpath rd,bhubaneswar,751007,odisha,in,,,False,20.2803135,85.8441136,,False,False,chijnpkhgtormdvpuglk,watch store,xaafadefdxbfeefbb,13399396261953517467,,34,tz,monday,am to pm,tuesday,am to pm,wednesday,am to pm,thursday,am to pm,friday,am to pm,saturday,am to pm,sunday,am to pm,,,,,,,,,,,,true,true,true,true,true,,,,,,timex,en,6,False,,gppssyth,true,,,,,,watch repair service,true,true,true,true,false,true,true,true,,,,,,,,,,,,,,,,,,,,,,,,,,,,,,,,,,,,,,,,,,,,,,,,,,,,,,,,,,,,,,,,,,,,,,,,,,,,,,,,,,,,,,,,,,,,,,,,,,,,,,,,,,,,,,,,,,,,,,,,,,,,,,,,,,,,,,,,,,,,,,,
timex,টাইমেক্স,,watch store,hffh choura bustee shibpur howrah west bengal india,choura bustee shibpur,hffh,howrah,711102,west bengal,in,,,True,22.5633173,88.3237498,,False,False,chijqsdpudvajormdmgyvmsys,watch store,xadexbcfa,7738078008595986736,,16,tz,monday,am to pm,tuesday,am to pm,wednesday,am to pm,thursday,am to pm,friday,am to pm,saturday,am to pm,sunday,am to pm,,,,,,,,,,,,true,true,true,,,,,,,,timex,en,7,False,,gwqmrhs,true,true,true,,,,,,,,,,,,,,,,,,,,,,,,,,,,,,,,,,,,,,,,,,,,,,,,,,,,,,,,,,,,,,,,,,,,,,,,,,,,,,,,,,,,,,,,,,,,,,,,,,,,,,,,,,,,,,,,,,,,,,,,,,,,,,,,,,,,,,,,,,,,,,,,,,,,,,,,,,,
timex,ଟାଇମେକ୍ସ,,watch store,near durga temple sambalpur road veer surendra sai marg modipada sambalpur odisha india,modipada,near durga temple sambalpur road veer surendra sai marg,sambalpur,768002,odisha,in,,,True,21.4751823,83.966065,,False,False,chijnwvhiuwitornsnulrm,watch store,xacbxbdddab,10612604213392157495,,12,tz,monday,am to pm,tuesday,am to pm,wednesday,am to pm,thursday,am to pm,friday,am to pm,saturday,am to pm,sunday,am to pm,,,,,,,,,,,,true,true,true,,,,,,,,timex,en,8,False,,gbnnrp,true,,true,,,,,,,,,true,,,,,,,,,,,,,,,,,,,,,,,,,,,,,,,,,,,,,,,,,,,,,,,,,,,,,,,,,,,,,,,,,,,,,,,,,,,,,,,,,,,,,,,,,,,,,,,,,,,,,,,,,,,,,,,,,,,,,,,,,,,,,,,,,,,,,,,,,,,,,,,,,,
timex world,टाइमेक्स विश्व,,watch store,metro station f first floor vs mall near vikas marg nirman vihar swasthya vihar new delhi delhi india,nirman vihar swasthya vihar,metro station f first floor vs mall near vikas marg,new delhi delhi,110092,delhi,in,,,False,28.6377573,77.2865748,,False,False,chijxqivbddkrmjvivgqlqe,watch store,xcfbedxdaadeb,84911354542177074,,41,tz,monday,am to pm,tuesday,am to pm,wednesday,am to pm,thursday,am to pm,friday,am to pm,saturday,am to pm,sunday,am to pm,,,,,,,,,,,,true,true,true,,,,,,,,timex,en,9,False,,gbnrjlp,true,true,true,,,,,,,,,,,,,true,,,,,,,,,,,,,,,,,,,,,,,,,,,,,,,,,,,,,,,,,,,,,,,,,,,,,,,,,,,,,,,,,,,,,,,,,,,,,,,,,,,,,,,,,,,,,,,,,,,,,,,,,,,,,,,,,,,,,,,,,,,,,,,,,,,,,,,,,,,,,,
timex world,टाइम्स वर्ल्ड,,corporate office,st floor dlf mall of india no kb sector noida uttar pradesh india,sector,st floor dlf mall of india no kb,noida,201301,uttar pradesh,in,,,False,28.5672981,77.3211769,,False,False,chijandcmlddkrixfqcy,corporate office,xcedadabxbeedcf,9658943632316923681,,45,tz,monday,am to pm,tuesday,am to pm,wednesday,am to pm,thursday,am to pm,friday,am to pm,saturday,am to pm,sunday,closed,,,,,,,,,,,,,,,,,,,,,,timex,en,11,False,,gcxdvnm,,,,,true,true,,,,,,,,,,,true,true,,,,,,,,,,,,,,,,,,,,,,,,,,,,,,,,,,,,,,,,,,,,,,,,,,,,,,,,,,,,,,,,,,,,,,,,,,,,,,,,,,,,,,,,,,,,,,,,,,,,,,,,,,,,,,,,,,,,,,,,,,,,,,,,,,,,,,,,,,,,
timex,टाइमॅक्स,,watch store,wrjcc behind mangatram petrol pump janata market ganesh nagar bhandup west mumbai maharashtra india,janata market ganesh nagar bhandup west,wrjcc behind mangatram petrol pump,mumbai,400078,maharashtra,in,,,True,19.1410538,72.9305258,,False,False,chijpabehczsrbiyxovyno,watch store,xbebdaaxacafacbdb,8847936210050646235,,0,tz,monday,am to pm,tuesday,am to pm,wednesday,am to pm,thursday,am to pm,friday,am to pm,saturday,am to pm,sunday,closed,,,,,,,,,,,,true,,,,,,,,,,timex,en,12,False,,ghjgmq,true,,,,,,,,,,,,,,,,,,,,,,,,,,,,,,,,,,,,,,,,,,,,,,,,,,,,,,,,,,,,,,,,,,,,,,,,,,,,,,,,,,,,,,,,,,,,,,,,,,,,,,,,,,,,,,,,,,,,,,,,,,,,,,,,,,,,,,,,,,,,,,,,,,,,,,,,,,,,,
rajan watch company titan timex casio qq,,variety of watches plus clocks from leading brands sold at reasonable prices,watch store,s street rd fort east fort pazhavangadi thiruvananthapuram kerala india,fort east fort pazhavangadi,s street rd,thiruvananthapuram,695023,kerala,in,,,False,8.4808788,76.9468595,,False,False,chijqeiaqbtsrjtukgopyc,watch store,xbbbadedabxdfaaede,9786620001584602662,,98,tz,monday,am to pm,tuesday,am to pm,wednesday,am to pm,thursday,am to pm,friday,am to pm,saturday,am to pm,sunday,am to pm,,,,,,,,,,,,true,true,true,true,true,,,,,,timex,en,13,False,,ghjggmfr,true,,,,,,clock and watch maker,,,,,,,,true,,,,watch manufacturer,watch repair service,true,true,,,,,,,,,,,,,,,,,,,,,,,,,,,,,,,,,,,,,,,,,,,,,,,,,,,,,,,,,,,,,,,,,,,,,,,,,,,,,,,,,,,,,,,,,,,,,,,,,,,,,,,,,,,,,,,,,,,,,,,,,,,,,,,,,,,,,,,,
timex watch gallery,,,watch store,ecil cross roads south kamala nagar ecil north kamala nagar kushaiguda secunderabad telangana india,south kamala nagar ecil north kamala nagar kushaiguda,ecil cross roads,secunderabad,500062,telangana,in,,,False,17.4717932,78.5681673,,False,False,chijwuvfgcdyzsrnrrfvqzihyy,watch store,xbcbddxffbe,2747022077060953246,,26,tz,monday,am to pm,tuesday,am to pm,wednesday,am to pm,thursday,am to pm,friday,am to pm,saturday,am to pm,sunday,am to pm,,,,,,,,,,,,true,,,,,,,,,,timex,en,15,False,,gzzyrxtn,,,,,,,,,,,,,,,,,,,,,,,,,,,,,,,,,,,,,,,,,,,,,,,,,,,,,,,,,,,,,,,,,,,,,,,,,,,,,,,,,,,,,,,,,,,,,,,,,,,,,,,,,,,,,,,,,,,,,,,,,,,,,,,,,,,,,,,,,,,,,,,,,,,,,,,,,,,,,,
jay umiya watch co titanfastracktimexcasioguesstommy hilfigerkenneth coleanne klein,જય ઉમિયા વોચ કંપની,watch store offering a variety of wristwatches and wall clocks plus repairs,watch store,shopping center ii near dhanjibhai na kuva manilal nagar chandlodiya ahmedabad gujarat india,manilal nagar ghatlodiya chandlodiya,shopping center ii near dhanjibhai na kuva,ahmedabad,382481,gujarat,in,,,False,23.076189,72.555416,,False,False,chijaqaaqecdxjkrwigskyiphw,watch store,xexcffaca,9004964096108142938,,126,tz,monday,am to pm,tuesday,am to pm,wednesday,am to pm,thursday,am to pm,friday,am to pm,saturday,am to pm,sunday,am to pm,,,,,,true,false,,,,,true,true,true,true,true,,,,,,timex,en,16,False,,gvlfr,true,,,,,,watch repair service,,true,true,true,,true,true,true,,,,,,,,,,,,,,,,,,,,,,,,,,,,,,,,,,,,,,,,,,,,,,,,,,,,,,,,,,,,,,,,,,,,,,,,,,,,,,,,,,,,,,,,,,,,,,,,,,,,,,,,,,,,,,,,,,,,,,,,,,,,,,,,,,,,,,,,,,,,,,,
timex world,,,watch manufacturer,shop no a unit no ludhiana chandigarh nh hiran kohara punjab india,,shop no a unit no ludhiana chandigarh nh,hiran kohara,141112,punjab,in,,,False,30.8663151,76.0066277,,False,False,chijiseiakfgjkrjztbquz,watch manufacturer,xafadxefbafdfc,17250920428375112743,,2,tz,monday,am to pm,tuesday,am to pm,wednesday,am to pm,thursday,am to pm,friday,am to pm,saturday,am to pm,sunday,am to pm,,,,,,,,,,,,,,,,,,,,,,timex,en,17,False,,gyxznsq,,,,,,,watch repair service,,,,,,,,,,,,watch store,,,,,,,,,,,,,,,,,,,,,,,,,,,,,,,,,,,,,,,,,,,,,,,,,,,,,,,,,,,,,,,,,,,,,,,,,,,,,,,,,,,,,,,,,,,,,,,,,,,,,,,,,,,,,,,,,,,,,,,,,,,,,,,,,,,,,,,,,,,
timex world,,,watch manufacturer,wwv madura ave kovur anna nagar mangadu chennai kovur tamil nadu india,kovur anna nagar mangadu,wwv madura ave,chennai kovur,600128,tamil nadu,in,,,True,13.0048609,80.1197813,,False,False,chijsasinfhujoryiahajmgu,watch manufacturer,xacebxbccb,7285641159160464992,,1,tz,monday,am to pm,tuesday,am to pm,wednesday,am to pm,thursday,am to pm,friday,am to pm,saturday,am to pm,sunday,am to pm,,,,,,,,,,,,,,,,,,,,,,timex,en,18,False,,gxgrln,,,,,,,watch repair service,,,,,,,,,,,,watch store,,,,true,,,,,,,,,,,,,,,,,,,,,,,,,,,,,,,,,,,,,,,,,,,,,,,,,,,,,,,,,,,,,,,,,,,,,,,,,,,,,,,,,,,,,,,,,,,,,,,,,,,,,,,,,,,,,,,,,,,,,,,,,,,,,,,,,,,,,,,
timex,டிமெக்ஸ்,,watch store,no srinivasam pillai rd graham nagar shivaji nagar thanjavur tamil nadu india,graham nagar shivaji nagar,no srinivasam pillai rd,thanjavur,613001,tamil nadu,in,,,True,10.7773922,79.1423722,,False,False,chijaaokdpcqjsrmhxqoxne,watch store,xbaabeaaxbdfa,4699419956456265114,,1,tz,,,,,,,,,,,,,,,,,,,,,,,,,,true,true,true,,,,,,,,timex,en,20,False,,gjxmvh,,,,,,,,,,,,,,,,,,,,,,,,,,,,,,,,,,,,,,,,,,,,,,,,,,,,,,,,,,,,,,,,,,,,,,,,,,,,,,,,,,,,,,,,,,,,,,,,,,,,,,,,,,,,,,,,,,,,,,,,,,,,,,,,,,,,,,,,,,,,,,,,,,,,,,,,,,,,,,
timex ceramic,टाइमेक्स सिरॅमिक,,tile store,nehru rd opp shiv sagar rest navpada vile parle east vile parle e mumbai maharashtra india,navpada vile parle east vile parle,nehru rd opp shiv sagar rest,e mumbai,400057,maharashtra,in,,,False,19.098663,72.8461817,,False,False,chijxezbpjzsraakqdfrg,tile store,xbecbeafxddbabafb,1764740051911724907,,211,tz,monday,am to pm,tuesday,am to pm,wednesday,am to pm,thursday,am to pm,friday,am to pm,saturday,am to pm,sunday,closed,,,,,,,,,,,,,true,true,,,,,,,,timex,en,14,False,,gygd,true,true,,,,,,,,,,,,,,,,,,,,,,true,,,,,,,,,,,,,,,,,,,,,,,,,,,,,,,,,,,,,,,,,,,,,,,,,,,,,,,,,,,,,,,,,,,,,,,,,,,,,,,,,,,,,,,,,,,,,,,,,,,,,,,,,,,,,,,,,,,,,,,,,,,,,,,,,,,,,,
titan showroom bhavani enterprises – titan casio timex watches,टाइटन शोरूम भवानी एंटरप्राइजेज टाइटन केसिया टाइम्स वाचेज,,watch store,kirtidhar society plot no beltarodi rd opposite lohar samaj bhavan jaywant nagar omkar nagar nagpur maharashtra india,jaywant nagar omkar nagar,kirtidhar society plot no beltarodi rd opposite lohar samaj bhavan,nagpur,440027,maharashtra,in,,,False,21.1002808,79.0866339,,False,False,chijdjitksdsroiffljlnpi,watch store,xbdbfacbfxfcebcfaa,17482100434078959520,,76,tz,monday,am to pm,tuesday,am to pm,wednesday,am to pm,thursday,am to pm,friday,am to pm,saturday,am to pm,sunday,am to pm,,,,,,,,true,true,true,true,true,true,true,true,true,true,,,,,timex,en,19,False,,gsvbpbf,,true,,,,,clock and watch maker,,,,,,,,,,,,watch repair service,,,,,,true,false,true,,,,,,,,,,,,,,,,,,,,,,,,,,,,,,,,,,,,,,,,,,,,,,,,,,,,,,,,,,,,,,,,,,,,,,,,,,,,,,,,,,,,,,,,,,,,,,,,,,,,,,,,,,,,,,,,,,,,,,,,,,,,,,,,,,,
timex watch repair shop,ಟೈಮೆಕ್ಸ್ ವಾಚ್ ರಿಪೇರ್ ಶಾಪ್,,watch repair service,xjgfv halasuru someshwarpura bengaluru karnataka india,halasuru someshwarpura,xjgfv,bengaluru,560008,karnataka,in,,,True,12.9754916,77.6229192,,False,False,chijnoflswrjsrpvukvtbqqw,watch repair service,xbaebffxcaebafe,912332878552692030,,2,tz,monday,am to pm,tuesday,am to pm,wednesday,am to pm,thursday,am to pm,friday,am to pm,saturday,am to pm,sunday,am to pm,,,,,,,,,,,,,,,,,,,,,,timex,en,18,False,,ghctxcfl,,,,,true,,,,,,,,,,,,,,,,,,,,,,,,,,,,,,,,,,,,,,,,,,,,,,,,,,,,,,,,,,,,,,,,,,,,,,,,,,,,,,,,,,,,,,,,,,,,,,,,,,,,,,,,,,,,,,,,,,,,,,,,,,,,,,,,,,,,,,,,,,,,,,,,,,,,,,,,,
timex showroom,టైమెక్స్ షోరూమ్,,watch store,shop no plot no upper ground floor main road abids hyderabad telangana india,brook bond colony chirag ali lane abids,shop no plot no upper ground floor main road,hyderabad,500001,telangana,in,,,False,17.3935503,78.4757978,,False,False,chijssiekxyzsrdefifytgeo,watch store,xbcbbbbxadcdee,5393278826126174069,,9,tz,monday,am to pm,tuesday,am to pm,wednesday,am to pm,thursday,am to pm,friday,am to pm,saturday,am to pm,sunday,am to pm,,,,,,,,,,,,true,true,true,,,,,,,,timex,en,10,False,,gtfqd,true,,true,,,,,,,,,,,,,,,,,,,,,,,,,,,,,,,,,,,,,,,,,,,,,,,,,,,,,,,,,,,,,,,,,,,,,,,,,,,,,,,,,,,,,,,,,,,,,,,,,,,,,,,,,,,,,,,,,,,,,,,,,,,,,,,,,,,,,,,,,,,,,,,,,,,,,,,,,,,
timex,ಟೈಮೆಕ್ಸ್,,watch store,forum fiza mall shoppers stop pandeshwar rd pandeshwar mangaluru karnataka india,pandeshwar,forum fiza mall shoppers stop pandeshwar rd,mangaluru,575001,karnataka,in,,,True,12.8573805,74.8382508,,False,False,chijfobozsrqlsybpm,watch store,xbabaebddxdeacbe,10655084201383168481,,1,tz,monday,am to pm,tuesday,am to pm,wednesday,am to pm,thursday,am to pm,friday,am to pm,saturday,am to pm,sunday,am to pm,,,,,,,,,,,,true,true,true,,,,,,,,timex,en,13,False,,ghbnxrb,true,,true,,,,,,,,,,,,,,,,,,,,,,,,,,,,,,,,,,,,,,,,,,,,,,,,,,,,,,,,,,,,,,,,,,,,,,,,,,,,,,,,,,,,,,,,,,,,,,,,,,,,,,,,,,,,,,,,,,,,,,,,,,,,,,,,,,,,,,,,,,,,,,,,,,,,,,,,,,,
time mart watch store since cross cut sales and service,,retailer of mens and womens wristwatches along with wall clocks,watch store,cross cut rd peranaidu layout ram nagar gandhipuram coimbatore tamil nadu india,peranaidu layout ram nagar,cross cut rd,gandhipuram coimbatore,641012,tamil nadu,in,,,False,11.0169895,76.9633338,,False,False,chijkqmzbzqdsrwjtmph,watch store,xbadcexdfaedbfbda,2160295628708199770,,18,tz,monday,am to pm,tuesday,am to pm,wednesday,am to pm,thursday,am to pm,friday,am to pm,saturday,am to pm,sunday,am to pm,,,,,,,,,,,,true,true,true,,,,,,,,timex,en,14,False,,gggc,true,true,true,,,,clock and watch maker,,,,,,,,,,,,watch repair service,,,,,,,,,,,,,,,,,,,,,,,,,,,,,,,,,,,,,,,,,,,,,,,,,,,,,,,,,,,,,,,,,,,,,,,,,,,,,,,,,,,,,,,,,,,,,,,,,,,,,,,,,,,,,,,,,,,,,,,,,,,,,,,,,,,,,,,,,,,
time art show room,ಟೈಟಾನ್ ಟೈಮ್ ಆರ್ಟ್ ಟೈಟಾನ್ ಷೋರೂಮ್,chain store selling titan fastrack and timex watches and accessories for men and women,watch store,icon no th main road st block west of chord road nd stage rajajinagar bengaluru karnataka india,west of chord road nd stage nd stage rajajinagar,icon no th main road st block,bengaluru,560010,karnataka,in,,,False,12.9983527,77.5510757,,False,False,chijyzrcorjsriyyqmsow,watch store,xbaedffadcacxeaadc,1054848010326936609,,53,tz,monday,am to pm,tuesday,am to pm,wednesday,am to pm,thursday,am to pm,friday,am to pm,saturday,am to pm,sunday,am to pm,,,,,,,,,,,,true,true,true,,,,,,,,timex,en,16,False,,gtksgm,true,true,true,,,false,,,,,,,,,,,false,,,,,,,,,,,,,,,,,,,,,,,,,,,,,,,,,,,,,,,,,,,,,,,,,,,,,,,,,,,,,,,,,,,,,,,,,,,,,,,,,,,,,,,,,,,,,,,,,,,,,,,,,,,,,,,,,,,,,,,,,,,,,,,,,,,,,,,,,,,,,
k m time square,ಕೆ ಎಂ ಟೈಮ್ ಸ್ಕ್ವೇರ್,watch shop specializing in casio’s gshock and timex lines as well as wall clocks,watch store,venkatesha bhavana pm rao rd opposite to excel mischeif mall hampankatta mangaluru karnataka india,hampankatta,venkatesha bhavana pm rao rd opposite to excel mischeif mall,mangaluru,575001,karnataka,in,,,False,12.8693346,74.8415128,,False,False,chijpzcllbozsrjsjbnslemi,watch store,xbabeeaxabfce,7096137497339609742,,51,tz,monday,am to pm,tuesday,am to pm,wednesday,am to pm,thursday,am to pm,friday,am to pm,saturday,am to pm,sunday,am to pm,,,,,,,,,,,,true,true,true,true,true,,,,,,timex,en,17,False,,gjxmwzk,,,,,true,,clock repair service,,,,,,,,,,,,watch repair service,,,,,,,,,,,,,,,,,,,,,,,,,,,,,,,,,,,,,,,,,,,,,,,,,,,,,,,,,,,,,,,,,,,,,,,,,,,,,,,,,,,,,,,,,,,,,,,,,,,,,,,,,,,,,,,,,,,,,,,,,,,,,,,,,,,,,,,,,,,
timex express service,टाइम्स एक्सप्रेस सर्विस,,,mrrqf sambhajinagar link rd sambhajinagar chinchwad pimprichinchwad maharashtra india,sambhajinagar chinchwad,mrrqf sambhajinagar link rd,pimprichinchwad,411019,maharashtra,in,,,True,18.6595717,73.8019308,,False,False,chijymbsmwjsrbaijbk,,xbcbdbfxfebbdf,5694348174005681657,,3,tz,,,,,,,,,,,,,,,,,,,,,,,,,,,,,,,,,,,,timex,en,20,False,,gxtxnfmb,,,,,,,,,,,,,,,,,,,,,,,,,,,,,,,,,,,,,,,,,,,,,,,,,,,,,,,,,,,,,,,,,,,,,,,,,,,,,,,,,,,,,,,,,,,,,,,,,,,,,,,,,,,,,,,,,,,,,,,,,,,,,,,,,,,,,,,,,,,,,,,,,,,,,,,,,,,,,,
the time world,,,watch store,phase rd block sangeetha store basement shop no feet ring road th kathriguppe signal phase banashankari bengaluru karnataka india,phase banashankari,phase rd block sangeetha store basement shop no feet ring road th kathriguppe signal,bengaluru,560085,karnataka,in,,,False,12.9252934,77.5500073,,False,False,chijvhavrrjsruymvjquvzo,watch store,xbaefdabfxabfefbb,4233153389355017147,,203,tz,monday,am to pm,tuesday,am to pm,wednesday,am to pm,thursday,am to pm,friday,am to pm,saturday,am to pm,sunday,am to pm,,,,,,,false,true,true,true,true,true,true,true,,,,,,,,timex,en,1,False,,gktjg,true,true,true,,,false,watch repair service,,,,,,,,,true,,,,,,,,,,,,monday,am– pm,tuesday,am– pm,wednesday,am– pm,thursday,am– pm,friday,am– pm,saturday,am– pm,sunday,am– pm,false,,,,,,,,,,,,,,,,,,,,,,,,,,,,,,,,,,,,,,,,,,,,,,,,,,,,,,,,,,,,,,,,,,,,,,,,,,,,,,,,,,,,,,,,,,,,,,,,,,,,,,,,,,,,,,,,,,,,
janani times,ಜನನಿ ಟೈಮ್ಸ್,,watch store,repco bank bulinding th main cross rd rd block west of chord road rd stage basaveshwar nagar bengaluru karnataka basawesharnagar karnataka india,east jayanagar west of chord road rd stage basaveshwar nagar,repco bank bulinding th main cross rd rd block west of chord road rd stage basaveshwar nagar bengaluru karnataka basawesharnagar,bengaluru,560079,karnataka,in,,,False,12.9911955,77.5383667,,False,False,chijnyksrkrjsrkydlqocwg,watch store,xbaedcxaaedae,7525981557052253924,,29,tz,monday,am to pm,tuesday,am to pm,wednesday,am to pm,thursday,am to pm,friday,am to pm,saturday,am to pm,sunday,am to pm,,,,,,,,,,,true,true,,,,,,,,,,timex,en,2,False,,gjxjfy,true,,true,,,,,,,,,,,,,true,,,,,,,true,,,,,,,,,,,,,,,,,,,,true,,,,,,,,,,,,,,,,,,,,,,,,,,,,,,,,,,,,,,,,,,,,,,,,,,,,,,,,,,,,,,,,,,,,,,,,,,,,,,,,,,,,,,,,,,,,,,,,,,,,,,,,,,,,,,,,,,,
just in time watch boutique,,,watch store,orion brigade gateway malleswaram west po ug dr rajkumar rd rajajinagar bengaluru karnataka india,rajajinagar,orion brigade gateway malleswaram west po ug dr rajkumar rd,bengaluru,560055,karnataka,in,,,False,13.0115296,77.5550686,,False,False,chijifxvoarjsrytvgcppqapi,watch store,xbaedaddfxadfcb,10550474819311647585,,142,tz,monday,am to pm,tuesday,am to pm,wednesday,am to pm,thursday,am to pm,friday,am to pm,saturday,am to pm,sunday,am to pm,,,,,,,,,,,,true,true,true,,,,,,,,timex,en,4,False,,gkqgf,true,true,true,,,,watch repair service,,,,,,,,,true,,,,,,,,,,,,,,,,,,,,,,,,,,,,,,,,,,,,,,,,,,,,,,,,,,,,,,,,,,,,,,,,,,,,,,,,,,,,,,,,,,,,,,,,,,,,,,,,,,,,,,,,,,,,,,,,,,,,,,,,,,,,,,,,,,,,,,,,,,,,,,
new time marttitan watch showroom,,,watch store,th cross th block outer ring rd kathreguppe banashankari rd stage bengaluru karnataka india,kathreguppe banashankari rd stage banashankari,th cross th block outer ring rd,bengaluru,560085,karnataka,in,,,False,12.9249974,77.5496871,,False,False,chijqhngzirjsrdoyonml,watch store,xbaeebeabxbfbdddf,13805993415530811254,,170,tz,monday,am to pm,tuesday,am to pm,wednesday,am to pm,thursday,am to pm,friday,am to pm,saturday,am to pm,sunday,am to pm,,,,,,,,,,,,true,true,true,true,true,true,true,,,,timex,en,5,False,,gyfjhp,true,,,,,,clock repair service,,true,true,true,,true,true,true,,,,watch repair service,,,,,,,,,,,,,,,,,,,,,,,,,true,,,,,,,,,,,,,,,,,,,,,,,,,,,,,,,,,,,,,,,,,,,,,,,,,,,,,,,,,,,,,,,,,,,,,,,,,,,,,,,,,,,,,,,,,,,,,,,,,,,,,,,,,,,,,,,,,,
time center yeshwanthpur,ಟೈಮ್ ಸೆಂಟರ್ ಯಶವಂತಪುರ,,watch store,no st cross rd l n colony yeswanthpur bengaluru karnataka india,l n colony yeswanthpur,no st cross rd,bengaluru,560022,karnataka,in,,,False,13.0217981,77.5562773,,False,False,chijazpddwmrjsrbrhyxuwuo,watch store,xbaedddxfabbbfdb,18067199649321103622,,117,tz,monday,am to pm,tuesday,am to pm,wednesday,am to pm,thursday,am to pm,friday,am to pm to pm,saturday,am to pm,sunday,am to pm,,,,,,,,,,,,true,,,,,,,,,,timex,en,6,False,,gvystzxg,true,true,,,,false,store,,,,,,,,,,false,,,,,,true,,,,,,,,,,,,,,,,,,,,,,,,,,,,,,,,,,,,,,,,,,,,,,,,,,,,,,,,,,,,,,,,,,,,,,,,,,,,,,,,,,,,,,,,,,,,,,,,,,,,,,,,,,,,,,,,,,,,,,,,,,,,,,,,,,,,,,,
bangalore timesಬೆಂಗಳೂರು ಟೈಮ್ಸ್,,,watch store,bashyam circle next to nandhini milk booth th block rajajinagar bengaluru karnataka india,th block rajajinagar,bashyam circle next to nandhini milk booth,bengaluru,560010,karnataka,in,,,False,12.984236,77.5540447,,False,False,chijiimarjsrygkinhmi,watch store,xbaedcdxcceedca,13987308729913576906,,144,tz,monday,am to pm,tuesday,am to pm,wednesday,am to pm,thursday,am to pm,friday,am to pm,saturday,am to pm,sunday,am to pm,,,,,,,,,,,,true,true,true,true,true,,,,,,timex,en,7,False,,gfpbxm,true,,,,,,clock repair service,,,,,false,,,,,,,clock and watch maker,watch manufacturer,true,true,,,,,,,,,,,,,,,,,,,,,,,watch repair service,,,,,,,,,,,,,,,,,,,,,,,,,,,,,,,,,,,,,,,,,,,,,,,,,,,,,,,,,,,,,,,,,,,,,,,,,,,,,,,,,,,,,,,,,,,,,,,,,,,,,,,,,,,,,,,,,
reliable time shop,ರಿಲಯೆಬಲ್ ಟೈಮ್ ಶಾಪ್,,watch store,mahalakshmi layout main rd mahalakshmipuram layout mahalakshmi layout bengaluru karnataka india,mahalakshmipuram layout mahalakshmi layout,mahalakshmi layout main rd,bengaluru,560086,karnataka,in,,,False,13.0083126,77.5439688,,False,False,chijvbjbzrjsrhwcsvwxvjck,watch store,xbaededfdxcdef,14523527591837697927,,38,tz,monday,am to pm,tuesday,am to pm,wednesday,am to pm,thursday,am to pm,friday,am to pm,saturday,am to pm,sunday,am to pm,,,,,,,,,,,,true,true,true,,,,,,,,timex,en,8,False,,gccfq,true,,true,,,false,watch repair service,,,,,,,,,true,false,,,,true,true,,,,,,,,,,,,,,,,,,,,,,,,,,,,,,,,,,,,,,,,,,,,,,,,,,,,,,,,,,,,,,,,,,,,,,,,,,,,,,,,,,,,,,,,,,,,,,,,,,,,,,,,,,,,,,,,,,,,,,,,,,,,,,,,,,,,,,,,
sri gajanana timestitan showroom,ಟೈಟಾನ್ ಶ್ರೀ ಗಜಾನನ ಟೈಮ್ಸ್,,watch store,cg complex magadi main rd anjana nagar tunganagara bengaluru karnataka india,anjana nagar tunganagara,cg complex magadi main rd,bengaluru,560091,karnataka,in,,,False,12.9860571,77.4873056,,False,False,chijzklnwrjsrkptcvojuy,watch store,xbaeccfbcfxeeafff,16637996157431182480,,175,tz,monday,am to pm,tuesday,am to pm,wednesday,am to pm,thursday,am to pm,friday,am to pm,saturday,am to pm,sunday,am to pm,,,,,,,,,,,true,true,true,true,true,true,,,,,,timex,en,9,False,,gydxcnf,true,,,,,,,,true,true,true,,true,,true,,,,,,,,,,,,,,,,,,,,,,,,,,,,,true,,true,true,false,true,,,,,,,,,,,,,,,,,,,,,,,,,,,,,,,,,,,,,,,,,,,,,,,,,,,,,,,,,,,,,,,,,,,,,,,,,,,,,,,,,,,,,,,,,,,,,,,,,,,,,,,,,,,,,
just in time watch boutique,,,watch store,ft road th block rd phase phase banashankari bengaluru karnataka india,th block rd phase phase banashankari,ft road,bengaluru,560085,karnataka,in,,,False,12.9248501,77.5512489,,False,False,chijlvuegrjsrryauviju,watch store,xbaeffbebdxafabff,3857948418142597111,,23,tz,monday,am to pm,tuesday,am to pm,wednesday,am to pm,thursday,am to pm,friday,am to pm,saturday,am to pm,sunday,am to pm,,,,,,,,,,,,true,,,,,,,,,,timex,en,10,False,,gyzkwmj,,,,,true,,watch repair service,,,,,,,,,,,,,,,,true,,,,,,,,,,,,,,,,,,,,,,,,,,,true,,,,,,,,,,,,,,,,,,,,,,,,,,,,,,,,,,,,,,,,,,,,,,,,,,,,,,,,,,,,,,,,,,,,,,,,,,,,,,,,,,,,,,,,,,,,,,,,,,,,,,,,,,,,
titan world vijayanagar bengaluru,,,watch store,shop no ge b magadi chord rd beside mcdonalds nd stage hosahalli extension vijayanagar bengaluru karnataka india,nd stage hosahalli extension vijayanagar,shop no ge b magadi chord rd beside mcdonalds,bengaluru,560104,karnataka,in,,,False,12.9685313,77.5372308,,False,False,chijowoqqtrjsrjstgqafa,watch store,xbaeddeaxfabdcb,5764883213820414758,,305,tz,monday,am to pm,tuesday,am to pm,wednesday,am to pm,thursday,am to pm,friday,am to pm,saturday,am to pm,sunday,am to pm,,,,,,,,,,,,true,true,true,,,,,,,,timex,en,12,False,,gvxzgw,true,,true,,,false,clock and watch maker,,true,true,true,,,,,,false,,watch manufacturer,watch repair service,,,,,,,,,,,,,,,,,,,,,,,,,,,,,,,,,,,,,,,,,,,,,,,,,,,,,,,,,,,,,,,,,,,,,,,,,,,,,,,,,,,,,,,,,,,,,,,,,,,,,,,,,,,,,,,,,,,,,,,,,,,,,,,,,,,,,,,,,,
bhavasara times,ಭಾವಸಾರ ಟೈಮ್ಸ್,,watch store,oops to govt school post teachers colony chikkabidarakallu madanayakanahalli karnataka india,teachers colony chikkabidarakallu,oops to govt school post,madanayakanahalli,560073,karnataka,in,,,False,13.0511356,77.4870306,,False,False,chijqsvgubmrjsrtgsjoghhq,watch store,xbaecbaxafcf,1479045808389275983,,51,tz,monday,am to pm,tuesday,am to pm,wednesday,am to pm,thursday,am to pm,friday,am to pm,saturday,am to pm,sunday,am to pm,,,,,,,,,,,,true,,,,,,,,,,timex,en,13,False,,gcw,,true,,,,,clock repair service,,,,,,,,,,,,clock and watch maker,smart shop,,,true,,true,,,,,,,,,,,,,,,,,,,,,,,,,true,,,,,,,,,,,,,,,,,,,,,,,,,,,,,,,,,,,,,,,,,,,,,,,,,,,,,,,,,,,,,,,,,,,,,,,,,,,,,,,,,,,,,,,,,,,,,,,,,,,,,,,,,,,,
fastrack store basaweshwar nagar bengaluru,,,watch store,fastrack titan world feet ring rd th block rd block shakthi ganapathi nagar basaveshwar nagar bengaluru karnataka india,th block rd block shakthi ganapathi nagar basaveshwar nagar,fastrack titan world feet ring rd,bengaluru,560079,karnataka,in,,,False,12.9917247,77.5383321,,False,False,chijzadjjcrjsrpfldkwqly,watch store,xbaedcdfxbabdafac,13161978429320090172,,167,tz,monday,am to pm,tuesday,am to pm,wednesday,am to pm,thursday,am to pm,friday,am to pm,saturday,am to pm,sunday,am to pm,,,,,,,,,,,,true,true,true,,,,,,,,timex,en,14,False,,ggztq,true,,true,,,false,bag shop,,true,true,true,,,,,true,false,,handbags shop,perfume store,,,,,,,,,,,,,,,,,,,,,,,,,sunglasses store,,,,,,,,,,,,,,,,,,,,,,,,,,,,,,,,,,,,,,,,,,,,,,,,,,,,,,,,,,,,,,,,,,,,,,,,,,,,,,,,,,,,,,,,,,,,,,,,,,,,,,,,,,,,,,,,,
titan world brigade orion mall bengaluru,,,watch store,shop no uga first floor brigade orion mall dr rajkumar rd near metro station rajajinagar bengaluru karnataka india,rajajinagar,shop no uga first floor brigade orion mall dr rajkumar rd near metro station,bengaluru,560055,karnataka,in,,,False,13.0109166,77.5550699,,False,False,chijcccvhgrjsrvpjcfoqe,watch store,xbaedbccbxaadba,11646877598539299415,,112,tz,monday,am to pm,tuesday,am to pm,wednesday,am to pm,thursday,am to pm,friday,am to pm,saturday,am to pm,sunday,am to pm,,,,,,,,,,,,true,true,true,,,,,,,,timex,en,15,False,,ghgyzr,true,,true,,,true,clock and watch maker,,true,true,true,,,,,,true,,watch manufacturer,watch repair service,,,,,,,,,,,,,,,,,,,,,,,,,,,,,,,,,,,,,,,,,,,,,,,,,,,,,,,,,,,,,,,,,,,,,,,,,,,,,,,,,,,,,,,,,,,,,,,,,,,,,,,,,,,,,,,,,,,,,,,,,,,,,,,,,,,,,,,,,,
millennium times,ಮಿಲೇನಿಯಮ್ ಟೈಮ್ಸ್,,watch store,ram mandir th cross th main rd th block rajajinagar bengaluru karnataka india,th block rajajinagar,ram mandir th cross th main rd,bengaluru,560010,karnataka,in,,,False,12.9860229,77.5564485,,False,False,chijvvrnpqrjsrwdbmurknhgs,watch store,xbaedfcdbdxbedbbacdc,801092875064234177,,13,tz,monday,am to pm,tuesday,am to pm,wednesday,am to pm,thursday,am to pm,friday,am to pm,saturday,am to pm,sunday,closed,,,,,,,,,,,,true,,,,,,,,,,timex,en,16,False,,gptxrldr,,,,,true,,,,,,,,,,,,,,,,,,,,,,,,,,,,,,,,,,,,,,,,,,,,,,,,,,,,,,,,,,,,,,,,,,,,,,,,,,,,,,,,,,,,,,,,,,,,,,,,,,,,,,,,,,,,,,,,,,,,,,,,,,,,,,,,,,,,,,,,,,,,,,,,,,,,,,,,,
navarang watch house titan showroom,,,watch store,nd stagenear chandra layoutwater tank th main rd rpc layout attiguppe bengaluru karnataka india,hampi nagar rpc layout attiguppe,nd stagenear chandra layoutwater tank th main rd,bengaluru,560040,karnataka,in,,,False,12.9571394,77.5316039,,False,False,chijohwperjsryomeuxt,watch store,xbaeefdaxdfeaeea,16134763478411268963,,287,tz,monday,am to pm,tuesday,am to pm,wednesday,am to pm,thursday,am to pm,friday,am to pm,saturday,am to pm,sunday,am to pm,true,true,true,true,true,,,,,,,true,true,true,true,true,,,,,,timex,en,17,False,,gptzzyhtf,,,,,,,clock and watch maker,,,,,,,,true,,,,watch manufacturer,watch repair service,,,,,,,,,,,,,,,,,,,,,,,,,,,,,,,true,true,true,,,,,,,,,,,,,,,,,,,,,,,,,,,,,,,,,,,,,,,,,,,,,,,,,,,,,,,,,,,,,,,,,,,,,,,,,,,,,,,,,,,,,,,,,,,,,,,,,,,,,,,,,
titan world dasarahalli bengaluru,,,watch store,shop no dasarahalli tumkur rd opposite metro station yeshwantpur bengaluru karnataka india,vidya nagar yeshwantpur,shop no dasarahalli tumkur rd opposite metro station,bengaluru,560057,karnataka,in,,,False,13.0430375,77.5119101,,False,False,chijzioikrjsrpbhyhlyea,watch store,xbaedacffxecbcbc,16197560516996307004,,105,tz,monday,am to pm,tuesday,am to pm,wednesday,am to pm,thursday,am to pm,friday,am to pm,saturday,am to pm,sunday,am to pm,,,,,,,,,,,,true,true,true,,,,,,,,timex,en,18,False,,gfbdkds,true,,true,,,false,clock and watch maker,,,,,,,,,,,,watch manufacturer,watch repair service,true,true,,,,,,,,,,,,,,,,,,,,,,,,,,,,,,,,,,,,,,,,,,,,,,,,,,,,,,,,,,,,,,,,,,,,,,,,,,,,,,,,,,,,,,,,,,,,,,,,,,,,,,,,,,,,,,,,,,,,,,,,,,,,,,,,,,,,,,,,
viky times,ವಿಕಿ ಟೈಮ್ಸ್,,watch store,no near hesarghatta rd bhuvaneshwari nagar t dasarahalli bengaluru karnataka india,bhuvaneshwari nagar t dasarahalli,no near hesarghatta rd,bengaluru,560057,karnataka,in,,,False,13.050709,77.5079393,,False,False,chijrdamrjsrijydgwuey,watch store,xbaecddcdafxefaebbc,16642399336507612296,,37,tz,monday,am to pm,tuesday,am to pm,wednesday,am to pm,thursday,am to pm,friday,am to pm,saturday,am to pm,sunday,am to pm,,,,,,,,,,,,true,true,true,,,,,,,,timex,en,19,False,,gbtrrsg,true,true,true,,,,,,,,,,,,,true,,,,,,,,,,,,,,,,,,,,,,,,,,,,,,,,,,,,,,,,,,,,,,,,,,,,,,,,,,,,,,,,,,,,,,,,,,,,,,,,,,,,,,,,,,,,,,,,,,,,,,,,,,,,,,,,,,,,,,,,,,,,,,,,,,,,,,,,,,,,,,
prime time,,,watch store,santosh theatre complex kempegowda rd balepete chickpet bengaluru karnataka india,balepete chickpet,santosh theatre complex kempegowda rd,bengaluru,560009,karnataka,in,,,False,12.9748845,77.5763457,,False,False,chijsrbyvqwrjsrwogenmlpo,watch store,xbaeexafadc,5350177235782830274,,88,tz,monday,am to pm,tuesday,am to pm,wednesday,am to pm,thursday,am to pm,friday,am to pm,saturday,am to pm,sunday,am to pm,,,,,,,,,,,,true,true,true,,,,,,,,timex,en,24,False,,gtcyrt,true,,true,,,,,,,,,,,,,true,,,,,true,,,,,,,,,,,,,,,,,,,,,,,,,,,,,,,,,,,,,,,,,,,,,,,,,,,,,,,,,,,,,,,,,,,,,,,,,,,,,,,,,,,,,,,,,,,,,,,,,,,,,,,,,,,,,,,,,,,,,,,,,,,,,,,,,,,,,,,,,
titan world malleshwaram bengaluru,,,watch store,shop no ground floor nd main road sampige road th cross rd beside homeo care international malleshwaram bengaluru karnataka india,vyalikaval kodandarampura malleshwaram,shop no ground floor nd main road sampige road th cross rd beside homeo care international,bengaluru,560003,karnataka,in,,,False,13.002486,77.5714663,,False,False,chijinfwaxrjsrdkjmcqf,watch store,xbaebxfbcffa,6863685672452989556,,244,tz,monday,am to pm,tuesday,am to pm,wednesday,am to pm,thursday,am to pm,friday,am to pm,saturday,am to pm,sunday,am to pm,,,,,,,,,,,,true,true,true,,,,,,,,timex,en,25,False,,ghmgbk,true,,true,,,false,clock and watch maker,,,,,,,,,,,,watch manufacturer,watch repair service,true,true,,,,,,,,,,,,,,,,,,,,,,,,,,,,,,,,,,,,,,,,,,,,,,,,,,,,,,,,,,,,,,,,,,,,,,,,,,,,,,,,,,,,,,,,,,,,,,,,,,,,,,,,,,,,,,,,,,,,,,,,,,,,,,,,,,,,,,,,
swiss time house since,,,watch store,ground floor lulu global mall majestic rd near twisting scoops gopalapura binnipete bengaluru karnataka india,gopalapura binnipete,ground floor lulu global mall majestic rd near twisting scoops,bengaluru,560023,karnataka,in,,,False,12.9810021,77.5634419,,False,False,chijeduhmgxrjsrtqjsjeiq,watch store,xbaeefbxffbddd,10736508154227591245,,510,tz,monday,am to pm,tuesday,am to pm,wednesday,am to pm,thursday,am to pm,friday,am to pm,saturday,am to pm,sunday,am to pm,,,,,,,,,,,,true,true,true,,,,,,,,timex,en,27,False,,grntry,true,true,true,,,true,,,,,,,,,,,true,,,,,,,,,,,,,,,,,,,,,,,,,,,,,,,,,,,,,,,,,,,,,,,,,,,,,,,,,,,,,,,,,,,,,,,,,,,,,,,,,,,,,,,,,,,,,,,,,,,,,,,,,,,,,,,,,,,,,,,,,,,,,,,,,,,,,,,,,,,,,
time electronics,ಟೈಮ್ ಎಲೆಕ್ಟ್ರಾನಿಕ್ಸ್,,watch store,bda complex nearsweet chariot banashankari nd stage bengaluru karnataka india,siddanna layout banashankari nd stage banashankari,bda complex nearsweet chariot banashankari nd stage,bengaluru,560070,karnataka,in,,,False,12.9249553,77.5645976,,False,False,chijcodoavrjsrjcmqpihs,watch store,xbaedbxbdaefbc,2006985794127643429,,19,tz,monday,am to pm,tuesday,am to pm,wednesday,am to pm,thursday,am to pm,friday,am to pm,saturday,am to pm,sunday,am to pm,,,,,,,,,,,,true,,,,,,,,,,timex,en,32,False,,gtjpb,true,,,,,,clock repair service,,true,true,true,,,,,,,,watch repair service,,,,true,,,,,,,,,,,,,,,,,,,,,,,,,,,true,,,,,,,,,,,,,,,,,,,,,,,,,,,,,,,,,,,,,,,,,,,,,,,,,,,,,,,,,,,,,,,,,,,,,,,,,,,,,,,,,,,,,,,,,,,,,,,,,,,,,,,,,,,,
time links,ಟೈಮ್ ಲಿಂಕ್ಸ್,,watch store,diagonal rd parvathipuram vishweshwarapura shankarapura bengaluru karnataka india,parvathipuram vishweshwarapura shankarapura,diagonal rd,bengaluru,560004,karnataka,in,,,True,12.953724,77.5777908,,False,False,chijoxgiqovrjsrgdsxvjfoo,watch store,xbaeefbxaeff,9979523729816971139,,8,tz,monday,am to pm,tuesday,am to pm,wednesday,am to pm,thursday,am to pm,friday,am to pm,saturday,am to pm,sunday,closed,,,,,,,,,,,,true,,,,,,,,,,timex,en,33,False,,gppxfb,,,,,true,false,,,,,,,,,,,,,,,,,,,,,,,,,,,,,,,,,,,,,,,,,,,,,,,,,,,,,,,,,,,,,,,,,,,,,,,,,,,,,,,,,,,,,,,,,,,,,,,,,,,,,,,,,,,,,,,,,,,,,,,,,,,,,,,,,,,,,,,,,,,,,,,,,,,,,,,,
just in time watch boutique,,,watch store,tower shop shubhasri building th main rd th t block east jayanagar rd block east jayanagar bengaluru karnataka india,th t block east jayanagar rd block east jayanagar,tower shop shubhasri building th main rd,bengaluru,560011,karnataka,in,,,False,12.9321168,77.5862649,,False,False,chijymgmvrjsriguvvzrkoiq,watch store,xbaeedxaeaf,9556889348502152584,,48,tz,monday,am to pm,tuesday,am to pm,wednesday,am to pm,thursday,am to pm,friday,am to pm,saturday,am to pm,sunday,am to pm,,,,,,,,,,,,true,true,true,,,,,,,,timex,en,34,False,,gyktwxp,,,true,,true,,watch repair service,,,,,,,,,,,,,,,,,,,,,,,,,,,,,,,,,,,,,,,,,,,,,,,,,,,,,,,,,,,,,,,,,,,,,,,,,,,,,,,,,,,,,,,,,,,,,,,,,,,,,,,,,,,,,,,,,,,,,,,,,,,,,,,,,,,,,,,,,,,,,,,,,,,,,,,
zimson watch store mantri mall,,,watch store,mantri square mall sampige rd ranganathapura malleshwaram bengaluru karnataka india,ranganathapura malleshwaram,mantri square mall sampige rd,bengaluru,560003,karnataka,in,,,False,12.9914227,77.5706173,,False,False,chijaymgymwrjsrezxjpmzzko,watch store,xbaefbxaafcec,12278107781199251180,,92,tz,monday,am to pm,tuesday,am to pm,wednesday,am to pm,thursday,am to pm,friday,am to pm,saturday,am to pm,sunday,am to pm,,,,,,,,,,,,true,true,true,,,,,,,,timex,en,35,False,,gymmz,true,,true,,,true,watch repair service,,true,true,true,,,,,true,true,,,,,,,,,,,,,,,,,,,,,,,,,,,,,,,,,,,,,,,,,,,,,,,,,,,,,,,,,,,,,,,,,,,,,,,,,,,,,,,,,,,,,,,,,,,,,,,,,,,,,,,,,,,,,,,,,,,,,,,,,,,,,,,,,,,,,,,,,,,,,
just in time watch boutique,,,watch store,th main ashoka pillar rd nd block jayanagar bengaluru karnataka india,nd block jayanagar,th main ashoka pillar rd,bengaluru,560011,karnataka,in,,,False,12.9408083,77.585141,,False,False,chijsbxfxsvrjsrbzemiezzys,watch store,xbaebfcbxbcfbfccf,3156939260440621423,,357,tz,monday,am to pm,tuesday,am to pm,wednesday,am to pm,thursday,am to pm,friday,am to pm,saturday,am to pm,sunday,am to pm,,,,,,,,,,,,true,true,true,true,true,true,,,,,timex,en,36,False,,gsptbbm,true,,,,,,watch repair service,,,,,,,,,,,,,,true,true,,,,,,,,,,,,,,,,,,,,,,,,,,,,,,,,,,,,,,,,,,,,,,,,,,,,,,,,,,,,,,,,,,,,,,,,,,,,,,,,,,,,,,,,,,,,,,,,,,,,,,,,,,,,,,,,,,,,,,,,,,,,,,,,,,,,,,,,
times corner,ಟೈಮ್ಸ್ ಕಾರ್ನರ್,,watch store,opp to royal comfort hotel th cross road th block jaya nagar bengaluru karnataka india,jaya nagar st block jayanagar rd block jayanagar,opp to royal comfort hotel th cross road th block jaya nagar,bengaluru,560011,karnataka,in,,,True,12.9308889,77.5851725,,False,False,chijssjnkivrjsrftycrqagolu,watch store,xbaeacedxad,6141256227402995222,,533,tz,monday,am to pm,tuesday,am to pm,wednesday,am to pm,thursday,am to pm,friday,am to pm,saturday,am to pm,sunday,am to pm,,,,,,,,true,,,,true,true,true,true,true,,,,,,timex,en,38,False,,gtfw,true,,,,,false,watch repair service,,true,,,,,,true,,false,,,,,true,,,,,,,,,,,,,,,,,,,,,,,,,,,,,,,,,,,,,,,,,,,,,,,,,,,,,,,,,,,,,,,,,,,,,,,,,,,,,,,,,,,,,,,,,,,,,,,,,,,,,,,,,,,,,,,,,,,,,,,,,,,,,,,,,,,,,,,,
kteck titan showroom,,showroom for titanbrand sonata and fastrack watches with repair services also available,auto parts store,thomas colony junglighat sri vijaya puram andaman and nicobar islands india,thomas colony junglighat,,sri vijaya puram,744101,andaman and nicobar islands,in,,,False,11.6636583,92.7351001,,False,False,chijyaiqavidarinudjysqa,auto parts store,xaexcabcda,13883239162273691018,,18,tz,monday,am to pm,tuesday,am to pm,wednesday,am to pm,thursday,am to pm,friday,am to pm,saturday,am to pm,sunday,closed,,,,,,,,,,,,true,true,true,,,,,,,,timex,en,1,False,,gbxbptv,true,true,,,,,,,,,,,,,,,,,,,,,,,,,,,,,,,,,,,,,,,,,,,,,,,,,,,,,,,,,,,,,,,,,,,,,,,,,,,,,,,,,,,,,,,,,,,,,,,,,,,,,,,,,,,,,,,,,,,,,,,,,,,,,,,,,,,,,,,,,,,,,,,,,,,,,,,,,,,,
sri ganesh time palace,ಶ್ರೀ ಗಣೇಶ್ ಟೈಮ್ ಪ್ಯಾಲೇಸ್,,watch store,shop no g esteem plaza th cross rd sadashiva nagar armane nagar bengaluru karnataka india,sadashiva nagar armane nagar,shop no g esteem plaza th cross rd,bengaluru,560080,karnataka,in,,,False,13.0069247,77.5792952,,False,False,chijsgpctqwrjsrdlolpcyii,watch store,xbaeafbxceeae,9394540288400710158,,73,tz,monday,am to pm,tuesday,am to pm,wednesday,am to pm,thursday,am to pm,friday,am to pm,saturday,am to pm,sunday,am to pm,,,,,,,,,,,,true,,,,,,,,,,timex,en,41,False,,gcxmb,true,,true,,,,,,,,,,,,,true,,,,,true,,true,,,,,,,,,,,,,,,,,,,,true,,,,,,,,,,,,,,,,,,,,,,,,,,,,,,,,,,,,,,,,,,,,,,,,,,,,,,,,,,,,,,,,,,,,,,,,,,,,,,,,,,,,,,,,,,,,,,,,,,,,,,,,,,,,,,,,,,,
helios watch store jayanagar bengaluru,,,watch store,ground floor trident towers shop no feet road next to pai international nd block jayanagar bengaluru karnataka india,nd block jayanagar,ground floor trident towers shop no feet road next to pai international,bengaluru,560011,karnataka,in,,,False,12.9381801,77.5849002,,False,False,chijonazyvrjsrlkaojdewaa,watch store,xbaefcbxacceeee,11583755431013402158,,669,tz,monday,am to pm,tuesday,am to pm,wednesday,am to pm,thursday,am to pm,friday,am to pm,saturday,am to pm,sunday,am to pm,,,,,,,,,,,,true,true,true,,,true,,,,,timex,en,43,False,,gtdwng,true,,true,,,,clock repair service,,true,true,true,,,,,true,,,clock and watch maker,watch manufacturer,,,,,,,,,,,,,,,,,,,,,,,,,watch repair service,,,,,,,,,,,,,,true,,,,,,,,,,,,,,,,,,,,,,,,,,,,,,,,,,,,,,,,,,,,,,,,,,,,,,,,,,,,,,,,,,,,,,,,,,,,,,,,,,,,,,,,,,,,,,,,,,,
helios watch store new bel road bengaluru,ಹೆಲಿಯೋಸ್ ವಾಚ್ ಸ್ಟೋರ್ ಬೈ ಟೈಟಾನ್,,watch store,shop no indira house oposite to nandhana palace new bel rd iti layout mathikere bengaluru karnataka india,iti layout mathikere,shop no indira house oposite to nandhana palace new bel rd,bengaluru,560094,karnataka,in,,,False,13.0330017,77.5694964,,False,False,chijvzgjdxrjsrkftxco,watch store,xbaedddbdbdxdebdcbfb,10223935111900691345,,318,tz,monday,am to pm,tuesday,am to pm,wednesday,am to pm,thursday,am to pm,friday,am to pm,saturday,am to pm,sunday,am to pm,true,true,true,true,true,,,,,,true,true,true,true,true,true,,,,,,timex,en,45,False,,gtxrn,,,,,,true,clock repair service,,,,,,true,true,true,,false,,clock and watch maker,watch manufacturer,,,,,,,,,,,,,,,,,,,,,,,,,watch repair service,,,,,,,,,,,,,,,,,,,,,,,,,,,,,,,,,,,,,,,,,,,,,,,,,,,,,,,,,,,,,,,,,,,,,,,,,,,,,,,,,,,,,,,,,,,,,,,,,,,,,,,,,,,,,,,,,
timex venner,,,furniture store,jc rd kalasipalyam new extension sudhama nagar bengaluru karnataka india,kalasipalyam new extension sudhama nagar,jc rd,bengaluru,560002,karnataka,in,,,True,12.9579514,77.5836378,,False,False,chijsxbfwavrjsrmcwkueyo,furniture store,xbaefdbbxddb,10220411661552342939,,2,tz,monday,am to pm,tuesday,am to pm,wednesday,am to pm,thursday,am to pm,friday,am to pm,saturday,am to pm,sunday,closed,,,,,,,,,,,,,,,,,,,,,,timex,en,48,False,,gxcxdhzv,,,,,,,,,,,,,,,,,,,,,,,,,,,,,,,,,,,,,,,,,,,,,,,,,,,,,,,,,,,,,,,,,,,,,,,,,,,,,,,,,,,,,,,,,,,,,,,,,,,,,,,,,,,,,,,,,,,,,,,,,,,,,,,,,,,,,,,,,,,,,,,,,,,,,,,,,,,,,,
nikko times,,,watch store,anu arcade mts layout gnanabharathi stage ii kengeri bengaluru karnataka india,mts layout gnanabharathi stage ii kengeri,anu arcade,bengaluru,560060,karnataka,in,,,False,12.9263724,77.4859992,,False,False,chijezibcrjsrgdvzpgxc,watch store,xbaefbeddxefafde,16672121630925719518,,75,tz,monday,am to pm,tuesday,am to pm,wednesday,am to pm,thursday,am to pm,friday,am to pm,saturday,am to pm,sunday,am to pm,,,,,,,,true,,,true,true,true,true,true,true,,,,,,timex,en,49,False,,gkpmb,true,true,,,,,,,,,,,,,,,,,,,,,,,,,,,,,,,,,,,,,,,,,,,,,,,,,,,,,,,,,,,,,,,,,,,,,,,,,,,,,,,,,,,,,,,,,,,,,,,,,,,,,,,,,,,,,,,,,,,,,,,,,,,,,,,,,,,,,,,,,,,,,,,,,,,,,,,,,,,,
zimson,,,watch store,unit st floor the collection ub city vittal mallya rd kg halli d souza layout ashok nagar bengaluru karnataka india,kg halli d souza layout ashok nagar,unit st floor the collection ub city vittal mallya rd,bengaluru,560001,karnataka,in,,,True,12.9723308,77.5961892,,False,False,chijfsbzvncwrjsrlatdqdklk,watch store,xbaedxbdafaf,13371219884131987349,,52,tz,monday,am to pm,tuesday,am to pm,wednesday,am to pm,thursday,am to pm,friday,am to pm,saturday,am to pm,sunday,am to pm,,,,,,,,,,,,true,true,true,,,,,,,,timex,en,51,False,,gtpjg,true,true,true,,,true,clock repair service,,,,,,,,,true,,,clock and watch maker,fashion accessories store,,,,,,,,,,,,,,,,,,,,,,,,,jeweler,,,,,,,,,,,,,,,jewelry store,watch repair service,,,,,,,,,,,,,,,,,,,,,,,,,,,,,,,,,,,,,,,,,,,,,,,,,,,,,,,,,,,,,,,,,,,,,,,,,,,,,,,,,,,,,,,,,,,,,,,,,
zimson watch store th main jayanagar,,,watch store,th main rd th t block east jayanagar rd block east jayanagar bengaluru karnataka india,th t block east jayanagar rd block east jayanagar,th main rd,bengaluru,560011,karnataka,in,,,False,12.932599,77.5862653,,False,False,chijbwctfvrjsrvgthjwic,watch store,xbaefdedadxefedebf,2875108638998784191,,188,tz,monday,am to pm,tuesday,am to pm,wednesday,am to pm,thursday,am to pm,friday,am to pm,saturday,am to pm,sunday,am to pm,,,,,,,,,,,,true,true,true,,,,,,,,timex,en,52,False,,gscfx,true,,true,,,,clock repair service,,true,true,true,,,,,,,,clock and watch maker,fashion accessories store,,,,,,,,,,,,,,,,,,,,,,,,,jeweler,,,,,,,,,,,,,,,leather goods store,watch repair service,,,,,,,,,,,,,,,,,,,,,,,,,,,,,,,,,,,,,,,,,,,,,,,,,,,,,,,,,,,,,,,,,,,,,,,,,,,,,,,,,,,,,,,,,,,,,,,,,
time paradise,ಟೈಮ್ ಪ್ಯಾರಡೈಸ್,,watch store,dv gundappa rd opp allahabad bank gandhi bazaar basavanagudi bengaluru karnataka india,gandhi bazaar basavanagudi,dv gundappa rd opp allahabad bank,bengaluru,560004,karnataka,in,,,True,12.9426609,77.5712507,,False,False,chijbznrvivrjsrvbmxbwrs,watch store,xbaefdafxdebfbc,3308335611908659644,,16,tz,monday,am to pm,tuesday,am to pm,wednesday,am to pm,thursday,am to pm,friday,am to pm,saturday,am to pm,sunday,am to pm,,,,,,,,,,,,true,true,true,,,,,,,,timex,en,53,False,,gtdbjfcr,true,,true,,,,,,,,,,,,,,,,,,,,,,,,,,,,,,,,,,,,,,,,,,,,,,,,,,,,,,,,,,,,,,,,,,,,,,,,,,,,,,,,,,,,,,,,,,,,,,,,,,,,,,,,,,,,,,,,,,,,,,,,,,,,,,,,,,,,,,,,,,,,,,,,,,,,,,,,,,,
mahendra times,ಮಹೇಂದ್ರ ಟೈಮ್ಸ್,,watch store,shop no st cross opp sbm gokula st stage mathikere extension mathikere bengaluru karnataka india,gokula st stage mathikere extension mathikere,shop no st cross opp sbm,bengaluru,560054,karnataka,in,,,False,13.0327161,77.5588156,,False,False,chijduxqhmarjsrvfnmqezky,watch store,xbaedacxacccdcde,12018986749042448361,,38,tz,monday,am to pm,tuesday,am to pm,wednesday,am to pm,thursday,am to pm,friday,am to pm,saturday,am to pm,sunday,am to pm,,,,,,,,,,,,true,true,true,,,,,,,,timex,en,55,False,,gtfgmvmw,true,true,true,,,false,watch repair service,,,,,,,,,,false,,,,,,,,,,,,,,,,,,,,,,,,,,,,,,,,,,,,,,,,,,,,,,,,,,,,,,,,,,,,,,,,,,,,,,,,,,,,,,,,,,,,,,,,,,,,,,,,,,,,,,,,,,,,,,,,,,,,,,,,,,,,,,,,,,,,,,,,,,,,,
mythri times q square,ಮೈತ್ರಿ ಟೈಮ್ಸ್ ಕ ಸ್ಕ್ವೇರ್,,watch store,an complex new bel rd nearreliance fresh sadashiva nagar bengaluru karnataka india,nearreliance fresh amarjyothi layout sadashiva nagar rmv nd stage,an complex new bel rd,bengaluru,560094,karnataka,in,,,True,13.0343678,77.5684008,,False,False,chijrcilmxrjsrwvrnvukh,watch store,xbaefcxdeedbacadb,9047994278646306139,,8,tz,monday,am to pm to pm,tuesday,am to pm to pm,wednesday,am to pm to pm,thursday,am to pm to pm,friday,am to pm to pm,saturday,am to pm to pm,sunday,am to pm to pm,,,,,,,,,,,,true,true,true,,,,,,,,timex,en,56,False,,gtdrlc,,,,,,,,,,,,,,,,,,,,,,,,,,,,,,,,,,,,,,,,,,,,,,,,,,,,,,,,,,,,,,,,,,,,,,,,,,,,,,,,,,,,,,,,,,,,,,,,,,,,,,,,,,,,,,,,,,,,,,,,,,,,,,,,,,,,,,,,,,,,,,,,,,,,,,,,,,,,,,
aadhunick time fashion,,,watch store,ground floor spc complex opp ice thunder gandhi bazaar basavanagudi bengaluru karnataka india,gandhi bazaar basavanagudi,ground floor spc complex opp ice thunder,bengaluru,560004,karnataka,in,,,False,12.9457276,77.5713899,,False,False,chijgskwkevrjsrmamntvrqc,watch store,xbaeaaabbxdeaae,523955591520366129,,66,tz,monday,am to pm,tuesday,am to pm,wednesday,am to pm,thursday,am to pm,friday,am to pm,saturday,am to pm,sunday,am to pm,,,,,,,,,,,,true,true,true,true,true,,,,,,timex,en,57,False,,ggjxspbbl,true,,,,,,fashion accessories store,,,,,,,,true,,,,home goods store,home improvement store,true,true,,,,,,,,,,,,,,,,,,,,,,,interior decorator,,,,,,,,,,,,,,,,,,,,,,,,,,,,,,,,,,,,,,,,,,,,,,,,,,,,,,,,,,,,,,,,,,,,,,,,,,,,,,,,,,,,,,,,,,,,,,,,,,,,,,,,,,,,,,,,,
ethos watch boutiques,ಎಥೋಸ್ ವಾಚ್ ಬಾಟಿಕ್ಸ್,,watch store,orion mall ga dr rajkumar rd subramanyanagar state rajajinagar bengaluru karnataka india,subramanyanagar state rajajinagar,orion mall ga dr rajkumar rd,bengaluru,560055,karnataka,in,,,False,13.0109481,77.5549616,,False,False,chijiawjcyirjsrdnocpjogse,watch store,xbaedacxeeaca,2414367274973297270,,63,tz,monday,am to pm,tuesday,am to pm,wednesday,am to pm,thursday,am to pm,friday,am to pm,saturday,am to pm,sunday,am to pm,,,,,,,,,,,,true,true,true,,,,,,,,timex,en,58,False,,ggnbs,,,true,,true,,,,,,,true,,,,true,,,,,,,,,,,,,,,,,,,,,,,,,,,,,,,,,,,,,,,,,,,,,,,,,,,,,,,,,,,,,,,,,,,,,,,,,,,,,,,,,,,,,,,,,,,,,,,,,,,,,,,,,,,,,,,,,,,,,,,,,,,,,,,,,,,,,,,,,,,,,,
titan world kengeri satellite town bengaluru,,,watch store,no kengeri upnagara near hoysala circle valagerahalli gnanabharathi stage ii kengeri satellite town bengaluru karnataka india,valagerahalli gnanabharathi stage ii kengeri satellite town,no kengeri upnagara near hoysala circle,bengaluru,560060,karnataka,in,,,False,12.9247839,77.4854558,,False,False,chijmuantrjsryfucfgbdi,watch store,xbaeedefedxdbfeccb,15133702171443249611,,102,tz,monday,am to pm,tuesday,am to pm,wednesday,am to pm,thursday,am to pm,friday,am to pm,saturday,am to pm,sunday,am to pm,,,,,,,,,,,,true,true,true,,,,,,,,timex,en,59,False,,gdxdndnhn,true,,true,,,false,clock and watch maker,,true,true,true,,,,,,false,,watch manufacturer,watch repair service,,,,,,,,,,,,,,,,,,,,,,,,,,,,,,,,,,,,,,,,,,,,,,,,,,,,,,,,,,,,,,,,,,,,,,,,,,,,,,,,,,,,,,,,,,,,,,,,,,,,,,,,,,,,,,,,,,,,,,,,,,,,,,,,,,,,,,,,,,
janatha watch works,ಜನತಾ ವಾಚ್ ವರ್ಕ್ಸ್,,watch store,feet main rd hanumanthnagar banashankari st stage banashankari bengaluru karnataka india,hanumanthnagar banashankari st stage banashankari,feet main rd,bengaluru,560050,karnataka,in,,,False,12.9416341,77.5603883,,False,False,chijjwnpyarjsrlzuknxwp,watch store,xbaeefaffxfded,18296038538415977879,,19,tz,monday,am to pm,tuesday,am to pm,wednesday,am to pm,thursday,am to pm,friday,am to pm,saturday,am to pm,sunday,am to pm,,,,,,,,,,,,true,,,,,,,,,,timex,en,60,False,,gppvdwg,,,,,true,,watch repair service,,,,,,,,,,,,,,,,true,,,,,,,,,,,,,,,,,,,,,,,,,,,true,,,,,,,,,,,,true,,,,,,,,,,,,,,,,,,,,,,,,,,,,,,,,,,,,,,,,,,,,,,,,,,,,,,,,,,,,,,,,,,,,,,,,,,,,,,,,,,,,,,,,,,,,,,,,
time square,ಟೈಮ್ ಸ್ಕ್ವೇರ್,,watch store,s feet road ganapathi temple rd near new shanti sagar khb colony th block koramangala bengaluru karnataka india,khb colony th block koramangala,s feet road ganapathi temple rd near new shanti sagar,bengaluru,560095,karnataka,in,,,False,12.936202,77.6171586,,False,False,chijtsbgsvrjsrruhuwrqmia,watch store,xbaeabfbxaf,9266272802809595973,,76,tz,monday,am to pm,tuesday,am to pm,wednesday,am to pm,thursday,am to pm,friday,am to pm,saturday,am to pm,sunday,am to pm,,,,,,,,,,,,true,true,true,,,,,,,,timex,en,2,False,,gtfvb,true,,,,,,,,,,,,,,,,,,,,true,true,,,,,,,,,,,,,,,,,,,,,,,,,,,,,,,,,,,,,,,,,,,,,,,,,,,,,,,,,,,,,,,,,,,,,,,,,,,,,,,,,,,,,,,,,,,,,,,,,,,,,,,,,,,,,,,,,,,,,,,,,,,,,,,,,,,,,,,,
times studio,,,watch store,ground floor chinmaya mission hospital rd next to kfc binnamangala extension indiranagar bengaluru karnataka india,binnamangala extension indiranagar,ground floor chinmaya mission hospital rd next to kfc,bengaluru,560038,karnataka,in,,,False,12.9781567,77.6399711,,False,False,chijcsfdgxrjsrefccskmob,watch store,xbaecacdffxfaacdc,2279004765530396435,,144,tz,monday,am to pm,tuesday,am to pm,wednesday,am to pm,thursday,am to pm,friday,am to pm,saturday,am to pm,sunday,am to pm,,,,,,,,,,,,true,true,true,,,,,,,,timex,en,3,False,,gktrfck,true,,true,,,,clock and watch maker,,true,,,,,,,true,,,perfume store,watch repair service,,true,,,,,,,,,,,,,,,,,,,,,,,,,,,,,,,,,,,,,,,,,,,,,,,,,,,,,,,,,,,,,,,,,,,,,,,,,,,,,,,,,,,,,,,,,,,,,,,,,,,,,,,,,,,,,,,,,,,,,,,,,,,,,,,,,,,,,,,,
just in time watch boutique,,,watch store,th main feet rd hal nd stage indiranagar bengaluru karnataka india,hal nd stage appareddipalya indiranagar,th main feet rd,bengaluru,560008,karnataka,in,,,False,12.9708145,77.6410805,,False,False,chijuneuxrjsrvoapvslc,watch store,xbaeefafxbeffdf,13207069373483212273,,252,tz,monday,am to pm,tuesday,am to pm,wednesday,am to pm,thursday,am to pm,friday,am to pm,saturday,am to pm,sunday,am to pm,,,,,,,,,,,,true,true,true,,,,,,,,timex,en,4,False,,gtnkmfh,true,,true,,,true,watch repair service,,true,true,true,,,,,true,,,,,,,,,,,,,,,,,,,,,,,,,,,,,,,,,,,,,,,,,,,,,,,,,,,,,,,,,,,,,,,,,,,,,,,,,,,,,,,,,,,,,,,,,,,,,,,,,,,,,,,,,,,,,,,,,,,,,,,,,,,,,,,,,,,,,,,,,,,,,,
maruthi times,ಮಾರುತಿ ಟೈಮ್ಸ್,,watch store,no renuka complex main road hal hal rd stage new thippasandra bengaluru karnataka india,hal hal rd stage new thippasandra,no renuka complex main road,bengaluru,560075,karnataka,in,,,False,12.9729167,77.6478743,,False,False,chijnjyaxrjsrcwkctlsm,watch store,xbaeadddfxcdcddad,14093572814779608433,,82,tz,monday,am to pm,tuesday,am to pm,wednesday,am to pm,thursday,am to pm,friday,am to pm,saturday,am to pm,sunday,am to pm,,,,,,,,,,,,true,true,true,,,,,,,,timex,en,7,False,,gfkvnydc,true,,true,,,,,,,,,,,,,,,,,,true,true,,,,,,,,,,,,,,,,,,,,,,,,,,,,,,,,,,,,,,,,,,,,,,,,,,,,,,,,,,,,,,,,,,,,,,,,,,,,,,,,,,,,,,,,,,,,,,,,,,,,,,,,,,,,,,,,,,,,,,,,,,,,,,,,,,,,,,,,
time shop,ಟೈಮ್ ಶಾಪ್,titan sonata and fastrack watch shop also featuring wall clocks and repairs,watch store,shop no narayan swamy building road nearold airport road mainroad marathahalli village marathahalli bengaluru karnataka india,marathahalli village marathahalli,shop no narayan swamy building road nearold airport road mainroad,bengaluru,560037,karnataka,in,,,False,12.955843,77.692629,,False,False,chijdvaeetrjsrhagaggzc,watch store,xbaeefedxeebaa,4028223911540467845,,32,tz,monday,am to pm,tuesday,am to pm,wednesday,am to pm,thursday,am to pm,friday,am to pm,saturday,am to pm,sunday,am to pm,,,,,,,,,,,,true,,,,,,,,,,timex,en,13,False,,gtfww,true,true,,,,false,watch repair service,,,,,,,,,,false,,,,,,,,,,,,,,,,,,,,,,,,,,,,,,,,,,,,,,,,,,,,,,true,,,,,,,,,,,,,,,,,,,,,,,,,,,,,,,,,,,,,,,,,,,,,,,,,,,,,,,,,,,,,,,,,,,,,,,,,,,,,,,,,,,,,,,,,,,,,,,
just in time watch boutique,,,watch store,ga lower ground floor phoenix market city whitefield mahadevpura nr itpl main rd mahadevapura bengaluru karnataka india,devasandra industrial estate mahadevapura,ga lower ground floor phoenix market city whitefield mahadevpura nr itpl main rd,bengaluru,560048,karnataka,in,,,False,12.9962073,77.6964765,,False,False,chijewtwwsrrjsrdpzkqvizis,watch store,xbaebbxbebda,10044401606509320823,,241,tz,monday,am to pm,tuesday,am to pm,wednesday,am to pm,thursday,am to pm,friday,am to pm,saturday,am to pm,sunday,am to pm,,,,,,,,,,,,true,true,true,,,,,,,,timex,en,16,False,,gtdbr,true,true,true,,,,watch repair service,,,,,,,,,,,,,,,,,,,,,,,,,,,,,,,,,,,,,,,,,,,,,,,,,,,,,,,,,,,,,,,,,,,,,,,,,,,,,,,,,,,,,,,,,,,,,,,,,,,,,,,,,,,,,,,,,,,,,,,,,,,,,,,,,,,,,,,,,,,,,,,,,,,,,,,
watch studio,,,watch store,basementbelow adidas showroom th cross kammanahalli main rd hoysala nagar bengaluru karnataka india,saint thomas town hoysala nagar kammanahalli,basementbelow adidas showroom th cross kammanahalli main rd,bengaluru,560084,karnataka,in,,,False,13.0158474,77.6361376,,False,False,chijaratezaxrjsrofbrxcltsbs,watch store,xbaexbbcbfa,13495409197246574753,,255,tz,monday,am to pm,tuesday,am to pm,wednesday,am to pm,thursday,am to pm,friday,to pm,saturday,am to pm,sunday,am to pm,,,,,,,,,,,,true,true,true,true,true,,,,,,timex,en,17,False,,gqyckrvj,true,,,,,false,cell phone store,,true,true,true,,,,true,,,,clock and watch maker,watch manufacturer,,,,,,,,,,,,,,,,,,,,,,,,,watch repair service,,,,,,,,,,,,,,,,,,,,,,,,,,,,,,,,,,,,,,,,,,,,,,,,,,,,,,,,,,,,,,,,,,,,,,,,,,,,,,,,,,,,,,,,,,,,,,,,,,,,,,,,,,,,,,,,,
new bellanina times,ನ್ಯೂ ಬೆಳ್ಳನಿನ ಟೈಮ್ಸ್,,watch store,chinmaya mission hospital rd indira nagar ii stage hoysala nagar indiranagar bengaluru karnataka india,indira nagar ii stage hoysala nagar indiranagar,chinmaya mission hospital rd,bengaluru,560008,karnataka,in,,,False,12.978353,77.635368,,False,False,chijgdbaequwrjsrabbmendys,watch store,xbaeaadxbfb,10049071474783073897,,1,tz,monday,open hours,tuesday,open hours,wednesday,open hours,thursday,open hours,friday,open hours,saturday,open hours,sunday,open hours,,,,,,,,,,,,true,true,true,,,,,,,,timex,en,18,False,,gtplnrrv,true,,,,,false,,,,,,,,,,,false,,,,,,,,,,,,,,,,,,,,,,,,,,,,,,,,,,,,,,,,,,,,,,,,,,,,,,,,,,,,,,,,,,,,,,,,,,,,,,,,,,,,,,,,,,,,,,,,,,,,,,,,,,,,,,,,,,,,,,,,,,,,,,,,,,,,,,,,,,,,,
the global times,,,watch store,feet rd khb colony th block koramangala bengaluru karnataka india,khb colony th block koramangala,feet rd,bengaluru,560095,karnataka,in,,,True,12.9375382,77.6193415,,False,False,chijutzvngvrjsrnxmopmokfu,watch store,xbaedbxfecdcd,17665667287977849757,,13,tz,monday,am to pm,tuesday,am to pm,wednesday,am to pm,thursday,am to pm,friday,am to pm,saturday,am to pm,sunday,am to pm,,,,,,,,,,,,true,true,true,,,,,,,,timex,en,20,False,,gnxqysq,true,,,,,,,,,,,,,,,,,,,,,,,,,,,,,,,,,,,,,,,,,,,,,,,,,,,,,,,,,,,,,,,,,,,,,,,,,,,,,,,,,,,,,,,,,,,,,,,,,,,,,,,,,,,,,,,,,,,,,,,,,,,,,,,,,,,,,,,,,,,,,,,,,,,,,,,,,,,,,
navnikh times,ನವನಿಕ್ಖ್ ಟೈಮ್ಸ್,,watch store,th cross th block st block jayanagar rd block jayanagar bengaluru karnataka india,th block st block jayanagar rd block jayanagar,th cross,bengaluru,560011,karnataka,in,,,False,12.9308806,77.5851179,,False,False,chijjtzgsgvrjsrkdswlhxv,watch store,xbaecafecdxecbdd,6828971102522129704,,21,tz,monday,am to pm,tuesday,am to pm,wednesday,am to pm,thursday,am to pm,friday,am to pm,saturday,am to pm,sunday,am to pm,,,,,,,,,,,,true,true,true,,,,,,,,timex,en,61,False,,gjxmlgp,true,,true,,,,,,,,,,,,,true,,,,,true,,,,,,,,,,,,,,,,,,,,,,,,,,,,,,,,,,,,,,,,,,,,,,,,,,,,,,,,,,,,,,,,,,,,,,,,,,,,,,,,,,,,,,,,,,,,,,,,,,,,,,,,,,,,,,,,,,,,,,,,,,,,,,,,,,,,,,,,,
fastrack store malleshwaram bengaluru,ಫಾಸ್ಟ್ರ್ಯಾಕ್ ಅಂಗಡಿ,,watch store,th cross sampige rd malleshwaram bengaluru karnataka india,yalappa garden malleshwaram,th cross sampige rd,bengaluru,560003,karnataka,in,,,False,13.0010645,77.5714312,,False,False,chijywolywrjsrvlljoetdy,watch store,xbaefdxddfa,15481567406293473622,,237,tz,monday,am to pm,tuesday,am to pm,wednesday,am to pm,thursday,am to pm,friday,am to pm,saturday,am to pm,sunday,am to pm,,,,,,,,,,,,true,true,true,true,true,,,,,,timex,en,63,False,,gtjmct,true,,,,,false,bag shop,,true,true,true,,,,true,,false,,handbags shop,perfume store,,,,,,,,,,,,,,,,,,,,,,,,,sunglasses store,,,,,,,,,,,,,,,,,,,false,false,,,,,,,,,,,,,,,,,,,,,,,,,,,,,,,,,,,,,,,,,,,,,,,,,,,,,,,,,,,,,,,,,,,,,,,,,,,,,,,,,,,,,,,,,,,,,
the times,,,watch store,avenue rd near chandra vihar hotel ragipet old tharagupet dodpete nagarathpete bengaluru karnataka india,ragipet old tharagupet dodpete nagarathpete,avenue rd near chandra vihar hotel,bengaluru,560002,karnataka,in,,,False,12.9654838,77.5775144,,False,False,chijusdwwswrjsrqmdazfikg,watch store,xbaebcbbbxadeca,12166554184862189480,,48,tz,monday,am to pm,tuesday,am to pm,wednesday,am to pm,thursday,am to pm,friday,am to pm,saturday,am to pm,sunday,am to pm,,,,,,,,,,,,true,,,,,,,,,,timex,en,64,False,,gwnbwg,,,,,,,clock repair service,,,,,,,,,,,,clock and watch maker,watch manufacturer,,,true,,,,,,,,,,,,,,,,,,,,,,watch repair service,,,,,true,,,,,,,,,,,,true,,,,,,,,,,,,,,,,,,,,,,,,,,,,,,,,,,,,,,,,,,,,,,,,,,,,,,,,,,,,,,,,,,,,,,,,,,,,,,,,,,,,,,,,,,,,,,,,
sri kalika time centre,,,watch store,swathi complex st main rd near sony show room nd stage havanur circle basaveshwar nagar bengaluru karnataka india,nd stage havanur circle basaveshwar nagar,swathi complex st main rd near sony show room,bengaluru,560079,karnataka,in,,,False,12.9877914,77.5377449,,False,False,chijaqaawlcrjsrykmckdg,watch store,xbaedbcxffafad,1148984905232188113,,9,tz,monday,am to pm,tuesday,closed,wednesday,am to pm,thursday,am to pm,friday,am to pm,saturday,am to pm,sunday,am to pm,,,,,,,,,,,,,,,,,,,,,,timex,en,66,False,,gtfcghj,,,,,,,,,,,,,,,,,,,,,,,,,,,,,,,,,,,,,,,,,,,,,,,,,,,,,,,,,,,,,,,,,,,,,,,,,,,,,,,,,,,,,,,,,,,,,,,,,,,,,,,,,,,,,,,,,,,,,,,,,,,,,,,,,,,,,,,,,,,,,,,,,,,,,,,,,,,,,,
time ventures,,,watch store,th main rd opposite to paragon foot wear ganga nagar layout ganganagar bengaluru karnataka india,ganga nagar layout ganganagar,th main rd opposite to paragon foot wear,bengaluru,560032,karnataka,in,,,False,13.0250111,77.5870339,,False,False,chijstzriwxrjsrmorgjgexy,watch store,xbaecbebcbxebda,8536914597283335578,,12,tz,monday,am to pm,tuesday,am to pm,wednesday,am to pm,thursday,am to pm,friday,am to pm,saturday,am to pm,sunday,am to pm,true,true,true,true,true,,,,,,true,true,true,true,true,true,,,,,,timex,en,67,False,,gwfkgh,,,,,,,watch manufacturer,true,,,,,true,true,,,,,watch repair service,,,,,,,,,,,,,,,,,,,,,,,,,true,,,true,,,,true,true,,,,,,,,,,,,false,,true,true,true,,,,,,,,,,,,,,,,,,,,,,,,,,,,,,,,,,,,,,,,,,,,,,,,,,,,,,,,,,,,,,,,,,,,,,,,,,,,,,,,,,,,,,,,,,
helios watch store rt nagar bengaluru,,,watch store,shop no nirmala arcade main road beside hdfc bank krishnappa block rt nagar bengaluru karnataka india,krishnappa block rt nagar,shop no nirmala arcade main road beside hdfc bank,bengaluru,560032,karnataka,in,,,False,13.0201495,77.5921937,,False,False,chijnxwijixrjsrxjvgwxhbua,watch store,xbaeadxebccebe,16142668790421797726,,20,tz,monday,am to pm,tuesday,am to pm,wednesday,am to pm,thursday,am to pm,friday,am to pm,saturday,am to pm,sunday,am to pm,,,,,,,,,,,,true,true,true,,,,,,,,timex,en,68,False,,gvktvhwql,true,,true,,,,clock repair service,,true,,,,,,,,,,clock and watch maker,watch manufacturer,,true,,,,,,,,,,,,,,,,,,,,,,,watch repair service,,,,,,,,,,,,,,,,,,,,,,,,,,,,,,,,,,,,,,,,,,,,,,,,,,,,,,,,,,,,,,,,,,,,,,,,,,,,,,,,,,,,,,,,,,,,,,,,,,,,,,,,,,,,,,,,,
time world,ಟೈಮ್ ವರ್ಲ್ಡ್,,watch store,roshan colony th e main rd jayanagar rd block jayanagar bengaluru karnataka india,jayanagar rd block jayanagar,roshan colony th e main rd,bengaluru,560011,karnataka,in,,,True,12.9309421,77.5836504,,False,True,chijwbraevrjsrpbrhjqw,watch store,xbaeaadcdxcabcddbff,8983494960288100415,,1,tz,,,,,,,,,,,,,,,,,,,,,,,,,,,,,,,,,,,,timex,en,70,False,,ggjyd,true,,,,,,,,,,,,,,,,,,,,,,,,,,,,,,,,,,,,,,,,,,,,,,,,,,,,,,,,,,,,,,true,,,,,,,,,,,,,,,,,,,,,,,,,,,,,,,,,,,,,,,,,,,,,,,,,,,,,,,,,,,,,,,,,,,,,,,,,,,,,,,,,,,,,,,,,,,,,,,
sln watches accessories all watch brands sales service,ಎಸ್ಎಲ್ಎನ್ ವಾಚಸ್ ಆಕ್ಸೆಸ್ಸರೀಸ್ ಆಲ್ ವಾಚ್ ಬ್ರಾಂಡ್ಸ್ ಸೇಲ್ಸ್ ಸರ್ವಿಸ್,,watch store,m kammanahalli main rd nd block hrbr layout rd block hrbr layout kalyan nagar bengaluru karnataka india,nd block hrbr layout rd block hrbr layout kalyan nagar,m kammanahalli main rd,bengaluru,560043,karnataka,in,,,False,13.0245351,77.6372812,,False,False,chijztbxvcqxrjsrlagapefiq,watch store,xbaebcdcdxbffa,9550761937306952085,,139,tz,monday,am to pm,tuesday,am to pm,wednesday,am to pm,thursday,am to pm,friday,am to pm,saturday,am to pm,sunday,am to pm,,,,,,,,,,,,true,true,true,,,,,,,,timex,en,31,False,,gcpbv,true,,true,,,false,cell phone accessory store,,true,true,true,,,,,,false,,clock repair service,phone repair service,,,,,,,,,,,,,,,,,,,,,,,,,watch repair service,,,,,,,,,,,,,,,,,,,,,,,,,,,,,,,,,,,,,,,,,,,,,,,,,,,,,,,,,,,,,,,,,,,,,,,,,,,,,,,,,,,,,,,,,,,,,,,,,,,,,,,,,,,,,,,,,
helios luxe kammanahalli,ಹೆಲಿಯೊಸ್ ದಿ ವಾಚ್ ಅಂಗಡಿ,a large retailer specializing in timepieces from a variety of makers including titan,watch store,shop no kammanahalli main rd next to tanishq jewellery showroom hrbr layout nd block hrbr layout kalyan nagar bengaluru karnataka india,hrbr layout nd block hrbr layout kalyan nagar,shop no kammanahalli main rd next to tanishq jewellery showroom,bengaluru,560043,karnataka,in,,,False,13.024721,77.6373306,,False,False,chijycxvsqxrjsrwvdxuqlk,watch store,xbaebdfxbefcddcbc,13394989864003161027,,633,tz,monday,am to pm,tuesday,am to pm,wednesday,am to pm,thursday,am to pm,friday,am to pm,saturday,am to pm,sunday,am to pm,,,,,,,,,,,,true,true,true,true,true,,,,,,timex,en,37,False,,gtffk,true,,,,,false,clock repair service,,true,true,true,,,,true,,false,,clock and watch maker,watch manufacturer,,,,,,,,,,,,,,,,,,,,,,,,,watch repair service,,,,,,,,,,,,,,,,,,,,,,,,,,,,,,,,,,,,,,,,,,,,,,,,,,,,,,,,,,,,,,,,,,,,,,,,,,,,,,,,,,,,,,,,,,,,,,,,,,,,,,,,,,,,,,,,,
helios watch store marathahalli bengaluru,ಹೆಲಿಯೊಸ್ ಗಡಿಯಾರದ ಅಂಗಡಿ,retailer for watches including titan in an ample space,watch store,shop no opposite innovative multiplex ckb layout chandra layout marathahalli bengaluru karnataka india,ckb layout chandra layout marathahalli,shop no opposite innovative multiplex,bengaluru,560037,karnataka,in,,,False,12.9509575,77.7000004,,False,False,chijzuomstusrjsrycrszauao,watch store,xbaeacdxaaebfca,743193576153557600,,575,tz,monday,am to pm,tuesday,am to pm,wednesday,am to pm,thursday,am to pm,friday,am to pm,saturday,am to pm,sunday,am to pm,,,,,,,,,,,,true,true,true,,,,,,,,timex,en,40,False,,gtmnxn,true,,,,,,clock repair service,,true,true,true,false,,,,,,,clock and watch maker,watch manufacturer,,,,,,,,,,,,,,,,,,,,,,,,,watch repair service,,,,,,true,true,true,,,,,,,,,true,,,,,,,,,,,,,,,,,,,,,,,,,,,,,,,,,,,,,,,,,,,,,,,,,,,,,,,,,,,,,,,,,,,,,,,,,,,,,,,,,,,,,,,,,,,,,,,,
sri vinayaka times,,,watch store,new thippasandra main rd seethappa colony hal rd stage new thippasandra bengaluru karnataka india,seethappa colony hal rd stage new thippasandra,new thippasandra main rd,bengaluru,560075,karnataka,in,,,False,12.9722715,77.6529081,,False,False,chijmbdbhdaxrjsrdglvsary,watch store,xbaeddbbxefbd,7417165941865934196,,79,tz,monday,am to pm,tuesday,am to pm,wednesday,am to pm,thursday,am to pm,friday,am to pm,saturday,am to pm,sunday,am to pm,,,,,,,false,true,true,true,,true,true,true,true,true,,,,,,timex,en,49,False,,gthsbdw,true,,,,,,,true,true,true,true,false,,,true,,,,,,,,,,,,,,,,,,,,,,,,,,,false,,,,,,,,,,,,,,,,,,,,,,,,,,,,,,,,,,,,,,,,,,,,,,,,,,,,,,,,,,,,,,,,,,,,,,,,,,,,,,,,,,,,,,,,,,,,,,,,,,,,,,,,,,,,,,,,,,,,
time machine,,,watch repair service,diagnal th main rd opp to umesh restaurant hal nd stage doopanahalli indiranagar bengaluru karnataka india,hal nd stage doopanahalli indiranagar,diagnal th main rd opp to umesh restaurant,bengaluru,560008,karnataka,in,,,False,12.9684423,77.6406152,,False,False,chijiwbqacvrjsroscqvoqkc,watch repair service,xbaebexdaabf,5176342803289940025,,37,tz,monday,am to pm,tuesday,am to pm,wednesday,am to pm,thursday,am to pm,friday,closed,saturday,am to pm,sunday,am to pm,,,,,,,,,,,,,,,,,,,,,,timex,en,50,False,,gtwvws,,,,,true,,,,,,,,,,,,,,,,,,,,,,,,,,,,,,,,,,,,,,,,,,,,,,,,,,,,,,,,,,,,,,,,,,,,,,,,,,,,,,,,,,,,,,,,,,,,,,,,,,,,,,,,,,,,,,,,,,,,,,,,,,,,,,,,,,,,,,,,,,,,,,,,,,,,,,,,,
new hindustan watch show room,,,watch store,new thippasandra main rd near anjaneya temple hal rd stage colony new new thippasandra bengaluru karnataka india,hal rd stage colony new new thippasandra,new thippasandra main rd near anjaneya temple,bengaluru,560075,karnataka,in,,,False,12.9731365,77.6476178,,False,False,chijefkkwrjsrexqmccqgaii,watch store,xbaeaceefbxaaa,2479829883956918905,,127,tz,monday,am to pm,tuesday,am to pm,wednesday,am to pm,thursday,am to pm,friday,am to pm,saturday,am to pm,sunday,am to pm,,,,,,,,,,,,true,true,true,,,,,,,,timex,en,57,False,,gxrkl,true,,true,,,,,,,,,,,,,,,,,,true,true,,,,,,,,,,,,,,,,,,,,,,,,,,,,,,,,,,,,,,,,,,,,,,,,,,,,,,,,,,,,,,,,,,,,,,,,,,,,,,,,,,,,,,,,,,,,,,,,,,,,,,,,,,,,,,,,,,,,,,,,,,,,,,,,,,,,,,,,
just in time watch boutique,,,watch store,ug nexus shantiniketan mall whitefield main rd thigalarapalya krishnarajapuram bengaluru karnataka india,thigalarapalya krishnarajapuram,ug nexus shantiniketan mall whitefield main rd,bengaluru,560048,karnataka,in,,,False,12.9895371,77.7281013,,False,False,chijnfrxsyrrjsrbdbaelvmpyo,watch store,xbaeccfexadccbba,9961343054618701828,,19,tz,monday,am to pm,tuesday,am to pm,wednesday,am to pm,thursday,am to pm,friday,am to pm,saturday,am to pm,sunday,am to pm,,,,,,,,,,,,true,,,,,,,,,,timex,en,58,False,,gzr,,,,,true,,watch repair service,,,,,,,,,,,,,,,,,,,,,,,,,,,,,,,,,,,,,,,,,,,,,,,,,,,,,,,,true,,,,,,,,,,,,,,,,,,,,,,,,,,,,,,,,,,,,,,,,,,,,,,,,,,,,,,,,,,,,,,,,,,,,,,,,,,,,,,,,,,,,,,,,,,,,,,,
time zone westend,,,watch store,commercial street opp peter england tasker town shivaji nagar bengaluru karnataka india,tasker town shivaji nagar,commercial street opp peter england,bengaluru,560001,karnataka,in,,,False,12.9827805,77.6070479,,False,False,chijqbcmugxrjsrhsdspbac,watch store,xbaeeaedxadcffdbffce,12064527663604154398,,45,tz,monday,am to pm,tuesday,am to pm,wednesday,am to pm,thursday,am to pm,friday,am to pm,saturday,am to pm,sunday,am to pm,,,,,,,,,,,,true,true,true,true,,,,,,,timex,en,62,False,,gsffxb,true,,,,,false,watch repair service,,true,true,true,,,,,,false,,,,,,,,,,,,,,,,,,,,,,,,,,,,,,,,,,,,,,,,,,,,,,,,,,,,,,,,,,,,,,,,,,,,,,,,,,,,,,,,,,,,,,,,,,,,,,,,,,,,,,,,,,,,,,,,,,,,,,,,,,,,,,,,,,,,,,,,,,,,,
watch showroom harsha creation,,store selling titan and sonata watches along with repairs and batteryreplacement services,watch store,international tech park st floor park square mall itpb main road whitefield main rd bengaluru karnataka india,pattandur agrahara whitefield,international tech park st floor park square mall itpb main road whitefield main rd,bengaluru,560066,karnataka,in,,,False,12.9870114,77.7363596,,False,False,chijtnqdprjsrrghhlkaepm,watch store,xbaefedfdxaadd,10626835242537130205,,171,tz,monday,am to pm,tuesday,am to pm,wednesday,am to pm,thursday,am to pm,friday,am to pm,saturday,am to pm,sunday,am to pm,,,,,,,,,,,,true,true,true,true,true,,,,,,timex,en,64,False,,gylxtvm,,,,,true,,clock and watch maker,,,,,,,,true,,,,watch manufacturer,,,,,,,,,,,,,,,,,,,,,,,,,,,,,,,,,,,,,,,,,,,,,,,,,,,,,,,,,,,,,,,,,,,,,,,,,,,,,,,,,,,,,,,,,,,,,,,,,,,,,,,,,,,,,,,,,,,,,,,,,,,,,,,,,,,,,,,,,,,
pooja times,ಪೂಜಾ ಟೈಮ್ಸ್,,watch store,kammanahalli main rd opposite to sbi bank ramaswamipalya kammanahalli bengaluru karnataka india,ramaswamipalya kammanahalli,kammanahalli main rd opposite to sbi bank,bengaluru,560033,karnataka,in,,,False,13.0120161,77.6353112,,False,False,chijywhnxrjsridoxyim,watch store,xbaededadcxcfbfcfcedb,14925139296176230539,,34,tz,monday,am to pm,tuesday,am to pm,wednesday,am to pm,thursday,am to pm,friday,am to pm,saturday,am to pm,sunday,am to pm,,,,,,,,,,,,true,true,true,,,,,,,,timex,en,66,False,,gtdntk,true,true,true,,,,,,,,,,,,,true,,,,,,,,,,,,,,,,,,,,,,,,,,,,,,,,,,,,,,,,,,,,,,,,,,,,,,,,,,,,,,,,,,,,,,,,,,,,,,,,,,,,,,,,,,,,,,,,,,,,,,,,,,,,,,,,,,,,,,,,,,,,,,,,,,,,,,,,,,,,,,
just in time watch boutique,,,watch store,shop no koramangala industrial layout th block bengaluru karnataka india,khb colony th block koramangala,shop no koramangala industrial layout,bengaluru,560095,karnataka,in,,,False,12.9352748,77.6137983,,False,False,chijgbefmvrjsrvyztciyq,watch store,xbaefbcdbxbcbcdffebf,13027515382870769343,,76,tz,monday,am to pm,tuesday,am to pm,wednesday,am to pm,thursday,am to pm,friday,am to pm,saturday,am to pm,sunday,am to pm,,,,,,,,,,,,true,true,true,,,,,,,,timex,en,69,False,,gygzddk,true,true,true,,,,watch repair service,,,,,,,,,,,,,,,,,,,,,,,,,,,,,,,,,,,,,,,,,,,,,,,,,,,,,,,,,,,,,,,,,,,,,,,,,,,,,,,,,,,,,,,,,,,,,,,,,,,,,,,,,,,,,,,,,,,,,,,,,,,,,,,,,,,,,,,,,,,,,,,,,,,,,,,
titan casio showroom pooja times,,,watch store,pooja times kammanahalli main rd opposite to riti jewellery venkateshappa layout kammanahalli bengaluru karnataka india,venkateshappa layout kammanahalli,pooja times kammanahalli main rd opposite to riti jewellery,bengaluru,560033,karnataka,in,,,False,13.0141473,77.6358099,,False,False,chijpzjhjfkxrjsrqrrpnszc,watch store,xbaefcdxdecfbeab,4022819447510884011,,164,tz,monday,am to pm,tuesday,am to pm,wednesday,am to pm,thursday,am to pm,friday,am to pm,saturday,am to pm,sunday,am to pm,,,,,,,,,,,,true,true,true,true,true,,,,,,timex,en,70,False,,gjztx,true,,,,,,clock repair service,,true,,,,,,,,,,clock and watch maker,watch repair service,,true,,,,,,,,,,,,,,,,,,,,,,,,,,,,,,,,,,,,,,,,,,,,,,,,,,,,,,,,,,,,,,,,,,,,,,,,,,,,,,,,,,,,,,,,,,,,,,,,,,,,,,,,,,,,,,,,,,,,,,,,,,,,,,,,,,,,,,,,
titan world mg road bengaluru,,,watch store,shop no mahatma gandhi rd beside deccan herald haridevpur shanthala nagar shivaji nagar bengaluru karnataka india,haridevpur shanthala nagar shivaji nagar,shop no mahatma gandhi rd beside deccan herald,bengaluru,560001,karnataka,in,,,False,12.9754688,77.6058184,,False,False,chijtrzxjwuxrjsrtlrrrriq,watch store,xbaedxebbddabdc,9531001912062754124,,157,tz,monday,am to pm,tuesday,am to pm,wednesday,am to pm,thursday,am to pm,friday,am to pm,saturday,am to pm,sunday,am to pm,true,true,true,true,true,,,true,true,true,true,true,true,true,true,true,,,,,,timex,en,71,False,,grkgmc,,,,,,true,,,,,,,,,true,,,,,,,,,,,,,,,,,,,,,,,,,,,,,,,,,,,,,,,,,,,,,,,,,,,,,,true,,,,,,,,,,,,,,,,,,,,,,,,,,,,,,,,,,,,,,,,,,,,,,,,,,,,,,,,,,,,,,,,,,,,,,,,,,,,,,,,,,,,,,,,,
omega time centre,ಒಮೆಗಾ ಟೈಮ್ ಸೆಂಟರ್,,watch repair service,th main rd indira nagar st stage stage indiranagar bengaluru karnataka india,indira nagar st stage stage indiranagar,th main rd,bengaluru,560038,karnataka,in,,,True,12.9792706,77.6412396,,False,False,chijoaauwrjsrwjjucrcxw,watch repair service,xbaeaceffbxceb,8937835328152769112,,3,tz,monday,am to pm,tuesday,am to pm,wednesday,am to pm,thursday,am to pm,friday,am to pm,saturday,am to pm,sunday,closed,,,,,,,,,,,,,,,,,,,,,,timex,en,73,False,,gcdkvjb,,,,,true,,,,,,,,,,,,,,,,,,,,,,,,,,,,,,,,,,,,,,,,,,,,,,,,,,,,,,,,,,,,,,,,,,,,,,,,,,,,,,,,,,,,,,,,,,,,,,,,,,,,,,,,,,,,,,,,,,,,,,,,,,,,,,,,,,,,,,,,,,,,,,,,,,,,,,,,,
helios watch store phoenix mall bengaluru,ಹೆಲಿಯೋಸ್ ವಾಚ್ ಸ್ಟೋರ್ ಬೈ ಟೈಟಾನ್,,watch store,lga lower ground floor phoenix market city mall mahadevapura opposite to max showroom whitefield mahadevapura bengaluru karnataka india,whitefield mahadevapura,lga lower ground floor phoenix market city mall mahadevapura opposite to max showroom,bengaluru,560048,karnataka,in,,,False,12.9959499,77.6967146,,False,False,chijipgorrjsrdijyrfigm,watch store,xbaeaeaexdf,15241104803439929359,,284,tz,monday,am to pm,tuesday,am to pm,wednesday,am to pm,thursday,am to pm,friday,am to pm,saturday,am to pm,sunday,am to pm,true,true,true,true,true,,,,,,true,true,true,true,true,true,,,,,,timex,en,79,False,,gwxncb,,,,,,true,clock repair service,,,,,,true,true,true,,true,,clock and watch maker,watch manufacturer,,,,,,,,,,,,,,,,,,,,,,,,,watch repair service,,,,,,,,,,,,,,,,,,,true,true,,,,,,,,,,,,,,,,,,,,,,,,,,,,,,,,,,,,,,,,,,,,,,,,,,,,,,,,,,,,,,,,,,,,,,,,,,,,,,,,,,,,,,,,,,,,,
titan times world,,,watch store,kodigehalli main rd defence layout maruti nagar koti hosahalli bengaluru karnataka india,defence layout maruti nagar koti hosahalli,kodigehalli main rd,bengaluru,560092,karnataka,in,,,False,13.0584768,77.5837869,,False,False,chijbykpfgzrjsrfyfggyqgwm,watch store,xbaecbfdxbcf,223931400420554263,,25,tz,monday,am to pm,tuesday,am to pm,wednesday,am to pm,thursday,am to pm,friday,am to pm,saturday,am to pm,sunday,am to pm,,,,,,,,,,,,true,true,true,true,true,,,,,,timex,en,1,False,,gjnjznf,true,,,,,,,,,,,,,,true,,,,,,true,true,,,,,,,,,,,,,,,,,,,,,,,,,,,,,,,,,,,,,,,,,,,,,,,,,,,,,,,,,,,,,,,,,,,,,,,,,,,,,,,,,,,,,,,,,,,,,,,,,,,,,,,,,,,,,,,,,,,,,,,,,,,,,,,,,,,,,,,,
just in time watch boutique,,,watch store,gf phoenix mall of asia byatarayanapura hobli yelahanka taluk bellary rd bengaluru karnataka india,indra nagar park view layout,gf phoenix mall of asia byatarayanapura hobli yelahanka taluk bellary rd,bengaluru,560092,karnataka,in,,,False,13.0702719,77.5915831,,False,False,chijdccqzrjsrhjaikxix,watch store,xbaefcdxeaee,9117873546264067718,,141,tz,monday,am to pm,tuesday,am to pm,wednesday,am to pm,thursday,am to pm,friday,am to pm,saturday,am to pm,sunday,am to pm,,,,,,,,,,,,true,true,true,true,true,,,,,,timex,en,2,False,,glsndq,true,,,,,,watch repair service,,true,true,true,,,,true,,,,,,,,,,,,,,,,,,,,,,,,,,,,,,,,,,,,,,,,,,,,,,,,,,,,,,,,,,,,,,,,,,,,,,,,,,,,,,,,,,,,,,,,,,,,,,,,,,,,,,,,,,,,,,,,,,,,,,,,,,,,,,,,,,,,,,,,,,,,,,,
titan world phoenix mall of asia bengaluru,,retailer for watches from an array of brands including anne klein kenneth cole and tommy hilfiger,watch store,shop no g phoenix mall of asia sabari nagar beside mia by tanishq bellary rd sahakar nagar bengaluru karnataka india,indra nagar sahakar nagar,shop no g phoenix mall of asia sabari nagar beside mia by tanishq bellary rd,bengaluru,560092,karnataka,in,,,False,13.0712512,77.5903345,,False,False,chijnekxaczrjsrnqsmtjhjeru,watch store,xbaeadxbacbcae,13076985683376907422,,98,tz,monday,am to pm,tuesday,am to pm,wednesday,am to pm,thursday,am to pm,friday,am to pm,saturday,am to pm,sunday,am to pm,,,,,,,,,,,,true,true,true,,,,,,,,timex,en,3,False,,gybwfwl,true,true,true,,,,clock and watch maker,,,,,,,,,,,,watch manufacturer,watch repair service,,,,,,,,,,,,,,,,,,,,,,,,,,,,,,,,,,,,,,,,,,,,,,,,,,,,,,,,,,,,,,,,,,,,,,,,,,,,,,,,,,,,,,,,,,,,,,,,,,,,,,,,,,,,,,,,,,,,,,,,,,,,,,,,,,,,,,,,,,
new ankad times,ನ್ಯೂ ಅಂಕದ್ ಟೈಮ್ಸ್,,watch store,lig th b cross rd nd stage mig sector b yelahanka new town bengaluru karnataka india,nd stage mig sector b yelahanka new town,lig th b cross rd,bengaluru,560064,karnataka,in,,,False,13.0974693,77.5780868,,False,False,chijieohsdszrjsrlgrtwv,watch store,xbaedbeaxebfdcf,10285999294124546294,,233,tz,monday,am to pm,tuesday,am to pm,wednesday,am to pm,thursday,am to pm,friday,am to pm,saturday,am to pm,sunday,am to pm,,,,,,,,,,,,true,true,true,,,,,,,,timex,en,4,False,,gcxfqyb,true,,true,,,false,,,,,,,,,,true,,,,,true,true,,,,,,,,,,,,,,,,,,,,,,,,,,,,,,,,,,,,,,,,,,,,,,,,,,,,,,,,,,,,,,,,,,,,,,,,,,,,,,,,,,,,,,,,,,,,,,,,,,,,,,,,,,,,,,,,,,,,,,,,,,,,,,,,,,,,,,,,
titan world yelahanka new town bengaluru,,,watch store,building no mig th cross road opposite kotak mahindra atm nd stage yelahanka new town bengaluru karnataka india,nd stage yelahanka satellite town yelahanka new town,building no mig th cross road opposite kotak mahindra atm,bengaluru,560064,karnataka,in,,,False,13.0943197,77.5811191,,False,False,chijbvtleoazrjsrrpnygfett,watch store,xbaeacbxddecffac,15946899278852979116,,90,tz,monday,am to pm,tuesday,am to pm,wednesday,am to pm,thursday,am to pm,friday,am to pm,saturday,am to pm,sunday,am to pm,,,,,,,,,,,,true,true,true,,,,,,,,timex,en,5,False,,gvbsty,true,true,true,,,,clock and watch maker,,,,,,,,,,,,watch manufacturer,watch repair service,,,,,,,,,,,,,,,,,,,,,,,,,,,,,,,,,,,,,,,,,,,,,,,,,,,,,,,,,,,,,,,,,,,,,,,,,,,,,,,,,,,,,,,,,,,,,,,,,,,,,,,,,,,,,,,,,,,,,,,,,,,,,,,,,,,,,,,,,,
zimson watch store rmz galleria mall,,luxury timepieces from seiko rolex breitling and other brands are sold at this store,watch store,unit a ugf rmz galleria bb rd allalasandra yelahanka bengaluru karnataka india,allalasandra yelahanka,unit a ugf rmz galleria bb rd,bengaluru,560064,karnataka,in,,,False,13.0943641,77.5948944,,False,False,chijkxohibzrjsrbgnsnmet,watch store,xbaedaxddaccdccff,15959292708653551471,,93,tz,monday,am to pm,tuesday,am to pm,wednesday,am to pm,thursday,am to pm,friday,am to pm,saturday,am to pm,sunday,am to pm,,,,,,,,,,,,true,true,true,,,,,,,,timex,en,6,False,,ggxnwvx,true,,true,,,true,clock repair service,,,,,,true,true,,,true,,clock and watch maker,watch repair service,true,true,,,,,,,,,,,,,,,,,,,,,,,,,,,,,,,,,,,,,,,,,,,,,,,,,,,,,,,,,,,,,,,,,,,,,,,,,,,,,,,,,,,,,,,,,,,,,,,,,,,,,,,,,,,,,,,,,,,,,,,,,,,,,,,,,,,,,,,,
just watches by timex group,,,watch store,ground floor mall of asia unit g yelahanka indra nagar byatarayanapura bengaluru karnataka india,indra nagar byatarayanapura,ground floor mall of asia unit g yelahanka,bengaluru,560092,karnataka,in,,,False,13.071231,77.589521,,False,False,chijeolizrjsrjrcimtkxlm,watch store,xbaeddbxcdbe,14813490610478167950,,5,tz,monday,am to pm,tuesday,am to pm,wednesday,am to pm,thursday,am to pm,friday,am to pm,saturday,am to pm,sunday,am to pm,,,,,,,,,,,,,true,true,,,,,,,,timex,en,7,False,,gxtwl,,,,,true,,watch repair service,,,,,,,,,,,,watch manufacturer,,,,,,,,,,,,,,,,,,,,,,,,,,,,,,,,,,,,,,,,,,,,,,,,,,,,,,,,,,,,,,,,,,,,,,,,,,,,,,,,,,,,,,,,,,,,,,,,,,,,,,,,,,,,,,,,,,,,,,,,,,,,,,,,,,,,,,,,,,,
fastrack store yelahanka bengaluru,,,watch store,mig th b cross rd nd stage yelahanka satellite town yelahanka new town bengaluru karnataka india,nd stage yelahanka satellite town yelahanka new town,mig th b cross rd,bengaluru,560064,karnataka,in,,,False,13.0943019,77.5812466,,False,False,chijsyqnjaazrjsryrdtyjcds,watch store,xbaeadabxbdaf,4253688563105900275,,26,tz,monday,am to pm,tuesday,am to pm,wednesday,am to pm,thursday,am to pm,friday,am to pm,saturday,am to pm,sunday,am to pm,,,,,,,,,,,,true,true,true,true,true,,,,,,timex,en,8,False,,gvsqr,true,,,,,,bag shop,,true,true,true,,true,true,true,,,,handbags shop,perfume store,,,,,,,,,,,,,,,,,,,,,,,,,sunglasses store,false,false,,,,,,,,,,,,,,,,,,,,,,,,,,,,,,,,,,,,,,,,,,,,,,,,,,,,,,,,,,,,,,,,,,,,,,,,,,,,,,,,,,,,,,,,,,,,,,,,,,,,,,,,,,,,,,,
just in time watch boutique,,chain selling fashion and premium watches from brands such casio and fossil plus battery replacement,watch store,unit no g bhartiya mall of bengaluru thanisandra main rd kannuru bengaluru karnataka india,kannuru,unit no g bhartiya mall of bengaluru thanisandra main rd,bengaluru,560064,karnataka,in,,,False,13.0833881,77.6433747,,False,False,chijtxouizrjsrposowimmetk,watch store,xbaefacfxdaceec,15670992374913229884,,135,tz,monday,am to pm,tuesday,am to pm,wednesday,am to pm,thursday,am to pm,friday,am to pm,saturday,am to pm,sunday,am to pm,,,,,,,,,,,,true,true,true,,,,,,,,timex,en,9,False,,gsstmhzqh,true,true,true,,,true,watch repair service,,,,,,,,,,true,,,,,,,,,,,,,,,,,,,,,,,,,,,,,,,,,,,,,,,,,,,,,,,,,,,,,,,,,,,,,,,,,,,,,,,,,,,,,,,,,,,,,,,,,,,,,,,,,,,,,,,,,,,,,,,,,,,,,,,,,,,,,,,,,,,,,,,,,,,,,
just in time watch boutique,,watch emporium featuring brands like citizen and tissot plus smart watches straps and repair,watch store,ug galleria mall bellary rd ambedkar colony yelahanka bengaluru karnataka india,ambedkar colony yelahanka,ug galleria mall bellary rd,bengaluru,560064,karnataka,in,,,False,13.0945294,77.5947127,,False,False,chijnypsynszrjsrbiflwslcew,watch store,xbaedbddxcdcb,5537389194634797318,,202,tz,monday,am to pm,tuesday,am to pm,wednesday,am to pm,thursday,am to pm,friday,am to pm,saturday,am to pm,sunday,am to pm,,,,,,,,,,,,true,true,true,true,true,,,,,,timex,en,10,False,,gsdjyyn,true,,,,,,watch repair service,,true,true,true,,,,true,,,,,,,,,,,,,,,,,,,,,,,,,,,,,,,,,,,,,,,,,,,,,,,,,,,,,,,,,,,,,,,,,,,,,,,,,,,,,,,,,,,,,,,,,,,,,,,,,,,,,,,,,,,,,,,,,,,,,,,,,,,,,,,,,,,,,,,,,,,,,,,
time links,ಟೈಮ್ ಲಿಂಕ್ಸ್,,watch store,th b cross rd mig sector b udaya layout yelahanka bengaluru karnataka india,mig sector b udaya layout yelahanka,th b cross rd,bengaluru,560064,karnataka,in,,,True,13.098329,77.577732,,False,False,chijsuphugmyrjsrnkoseecw,watch store,xbaebcbxacdfbecae,12456877267318753950,,9,tz,monday,am to pm,tuesday,am to pm,wednesday,am to pm,thursday,am to pm,friday,am to pm,saturday,am to pm,sunday,am to pm,,,,,,,,,,,,true,true,true,,,,,,,,timex,en,11,False,,gglvjw,,,true,,true,false,,,,,,,,,,true,false,,,,,,,,,,,,,,,,,,,,,,,,,,,,,,,,,,,,,,,,,,,,,,,,,,,,,,,,,,,,,,,,,,,,,,,,,,,,,,,,,,,,,,,,,,,,,,,,,,,,,,,,,,,,,,,,,,,,,,,,,,,,,,,,,,,,,,,,,,,,,
durga times,ದುರ್ಗಾ ಟೈಮ್ಸ್,,watch store,opp post office old town yelahanka bengaluru karnataka india,old town yelahanka,opp post office,bengaluru,560064,karnataka,in,,,False,13.0980284,77.5963829,,False,False,chijjbmlwvcyrjsrylawsngujk,watch store,xbaebbdxbcaad,11076709675668507089,,58,tz,monday,am to pm,tuesday,am to pm,wednesday,am to pm,thursday,am to pm,friday,am to pm,saturday,am to pm,sunday,am to pm,,,,,,,,,,,,true,true,true,,,,,,,,timex,en,12,False,,gtfrhwy,true,,true,,,,,,,,,,,,,true,,,,,true,true,,,,,,,,,,,,,,,,,,,,,,,,,,,,,,,,,,,,,,,,,,,,,,,,,,,,,,,,,,,,,,,,,,,,,,,,,,,,,,,,,,,,,,,,,,,,,,,,,,,,,,,,,,,,,,,,,,,,,,,,,,,,,,,,,,,,,,,,
the ankad times,ದಿ ಅಂಕಡ್ ಟೈಮ್ಸ್,,watch store,kodigehalli main rd opp sterling apartment sahakar nagar byatarayanapura bengaluru karnataka india,sahakar nagar byatarayanapura,kodigehalli main rd opp sterling apartment,bengaluru,560092,karnataka,in,,,False,13.0579908,77.5882253,,False,False,chijffhsayrjsrfymhtkiag,watch store,xbaefedxabfce,614822829815416807,,78,tz,monday,am to pm,tuesday,am to pm,wednesday,am to pm,thursday,am to pm,friday,am to pm,saturday,am to pm,sunday,am to pm,,,,,,,,,,,,true,true,true,,,,,,,,timex,en,13,False,,gbqrhcp,true,,true,,,false,,,,,,,,,,true,false,,,,true,true,,,,,,,,,,,,,,,,,,,,,,,,,,,,,,,,,,,,,,,,,,,,,,,,,,,,,,,,,,,,,,,,,,,,,,,,,,,,,,,,,,,,,,,,,,,,,,,,,,,,,,,,,,,,,,,,,,,,,,,,,,,,,,,,,,,,,,,,
titan showroom sri durga times,ಟೈಟಾನ್,a range of watches from brands including titan and sonata,watch store,vidyaranyapura main rd narasipura layout vidyaranyapura bengaluru karnataka india,narasipura layout vidyaranyapura,vidyaranyapura main rd,bengaluru,560097,karnataka,in,,,False,13.082331,77.55981,,False,False,chijixcprjirjsrlyzncnyu,watch store,xbaeefxfceff,2711099054583478783,,116,tz,monday,am to pm,tuesday,am to pm,wednesday,am to pm,thursday,am to pm,friday,am to pm,saturday,am to pm,sunday,am to pm,,,,,,,,,,,true,true,true,true,true,true,,,,,,timex,en,14,False,,gdyljs,true,,,,,false,,true,,,,,,,true,,,,,,true,true,,,,,,,,,,,,,,,,,,,,,,true,,,,,,,,,,,,,,,,,,,,,,,,,,,,,,,,,,,,,,,,,,,,,,,,,,,,,,,,,,,,,,,,,,,,,,,,,,,,,,,,,,,,,,,,,,,,,,,,,,,,,,,,,,,,,,,,,,
maruthi times,ಮಾರುತಿ ಟೈಮ್ಸ್,,watch store,srk post thanisandra main rd next to sridevi vaibhav hotel drsrk nagar post rachenahalli thanisandra bengaluru karnataka india,drsrk nagar post rachenahalli thanisandra,srk post thanisandra main rd next to sridevi vaibhav hotel,bengaluru,560077,karnataka,in,,,False,13.0553719,77.6319532,,False,False,chijjtosiwrjsrdoglsqxfglc,watch store,xbaefbeexce,6305819054764845172,,61,tz,monday,am to pm,tuesday,am to pm,wednesday,am to pm,thursday,am to pm,friday,am to pm,saturday,am to pm,sunday,am to pm,,,,,,,,,,,,true,true,true,,,,,,,,timex,en,15,False,,gtdnvbw,true,true,true,,,false,,,,,,,,,,true,false,,,,,,,,,,,,,,,,,,,,,,,,,,,,,,,,,,,,,,,,,,,,,,,,,,,,,,,,,,,,,,,,,,,,,,,,,,,,,,,,,,,,,,,,,,,,,,,,,,,,,,,,,,,,,,,,,,,,,,,,,,,,,,,,,,,,,,,,,,,,,
royal time zone,ರಾಯಲ್ ಟೈಮ್ ಝೋನ್,,watch store,no rd cross st floor near union bank dasarahalli main road bhuvaneshwari nagar hebbal bengaluru karnataka india,varma layout bhuvaneswari nagar hebbal kempapura,no rd cross st floor near union bank dasarahalli main road bhuvaneshwari nagar hebbal,bengaluru,560024,karnataka,in,,,True,13.0552202,77.6008051,,False,False,chijivziyxrjsrdhwfkkld,watch store,xbaedxddbcfafc,15966875102115493132,,13,tz,monday,am to pm,tuesday,am to pm,wednesday,am to pm,thursday,am to pm,friday,am to pm,saturday,am to pm,sunday,am to pm,,,,,,,,,,,,,,,,,,,,,,timex,en,16,False,,gbqbxg,,,,,true,false,,,,,,,,,,,false,,,,,,true,,,,,,,,,,,,,,,,,,,,,,,,,,,true,,,,,,,,,,,,true,,,,,,,,,,,,,,,,,,,,,,,,,,,,,,,,,,,,,,,,,,,,,,,,,,,,,,,,,,,,,,,,,,,,,,,,,,,,,,,,,,,,,,,,,,,,,,,,
omega boutique phoenix mall of asia,,,watch store,hcrjg indra nagar park view layout bengaluru karnataka india,indra nagar park view layout,hcrjg,bengaluru,560092,karnataka,in,,,True,13.0702686,77.591622,,False,False,chijdyzaegazrjsrxtszlsxec,watch store,xbaeafxfbcdbd,9798500370800524125,,13,tz,monday,am to pm,tuesday,am to pm,wednesday,am to pm,thursday,am to pm,friday,am to pm,saturday,am to pm,sunday,am to pm,,,,,,,,,,,,true,true,true,,,,,,,,timex,en,17,False,,gxttwsc,,,true,,true,true,,,,,,,,,,,true,,,,,,,,,,,,,,,,,,,,,,,,,,,,,,,,,,,,,,,,,,,,,,,,,,,,,,,,,,,,,,,,,,,,,,,,,,,,,,,,,,,,,,,,,,,,,,,,,,,,,,,,,,,,,,,,,,,,,,,,,,,,,,,,,,,,,,,,,,,,,
sk times center,,,watch store,kakolu rd opp gs complex sbi bank rajanukunte yellahanka karnataka india,sbi bank,kakolu rd opp gs complex,rajanukunte yellahanka,560119,karnataka,in,,,False,13.1725222,77.5618249,,False,False,chijxjgcfrjsrstdnnr,watch store,xbaefadcexbdfbbb,13634218185962601291,,61,tz,monday,am to pm,tuesday,am to pm,wednesday,am to pm,thursday,am to pm,friday,am to pm,saturday,am to pm,sunday,am to pm,,,,,,,,true,,,true,true,true,true,true,true,,,,,,timex,en,18,False,,gtnyrkd,true,,,,,,cell phone store,,,,,,,,true,,,,clock repair service,watch repair service,true,,,,,,,,,,,,,,,,,,,,,,,,,false,false,,,,,,,,,,,,,,,,,,,,,,,,,,,,,,,,,,,,,,,,,,,,,,,,,,,,,,,,,,,,,,,,,,,,,,,,,,,,,,,,,,,,,,,,,,,,,,,,,,,,,,,,,,,,,,,
sri maruthi times,ಶ್ರೀ ಮಾರುತಿ ಟೈಮ್ಸ್,,watch store,a st main road th phase yelahanka new town yelahanka bengaluru karnataka india,rwf west colony yelahanka new town,a st main road th phase yelahanka new town yelahanka,bengaluru,560064,karnataka,in,,,True,13.1038747,77.5768483,,False,False,chijxmsikyrjsrvjecxasdcu,watch store,xbaebcdffxcedbcc,14258709831612118870,,5,tz,monday,am to pm,tuesday,am to pm,wednesday,am to pm,thursday,am to pm,friday,am to pm,saturday,am to pm,sunday,am to pm,,,,,,,,,,,,true,,,,,,,,,,timex,en,20,False,,gtfjz,true,,,,,,,,,,,,,,,,,,,,,,true,,,,,,,,,,,,,,,,,,,,,,,,,,,,,,,,,,,,,,,,,,,,,,,,,,,,,,,,,,,,,,,,,,,,,,,,,,,,,,,,,,,,,,,,,,,,,,,,,,,,,,,,,,,,,,,,,,,,,,,,,,,,,,,,,,,,,,,
pooja times,ಪೂಜಾ ಟೈಮ್ಸ್,,watch store,no trishool plaza nanjappa garden kalyan nagar bengaluru karnataka india,cnr layout nanjappa garden kalyan nagar,no trishool plaza,bengaluru,560113,karnataka,in,,,True,13.0228235,77.6487091,,False,False,chijunmcwxrjsrfkfadxanfu,watch store,xbaecfxfcdc,17669099341245405660,,19,tz,monday,am to pm,tuesday,am to pm,wednesday,am to pm,thursday,am to pm,friday,am to pm,saturday,am to pm,sunday,am to pm,,,,,,,,,,,,true,,,,,,,,,,timex,en,82,False,,gcsfg,true,true,,,,false,watch repair service,,,,,,,,,,,,,,,,true,,,,,,,,,,,,,,,,,,,,,,,,,,,true,,,,,,,,,,,,true,,,,,,,,,,,,,,,,,,,,,,,,,,,,,,,,,,,,,,,,,,,,,,,,,,,,,,,,,,,,,,,,,,,,,,,,,,,,,,,,,,,,,,,,,,,,,,,,
rk time zone,,,watch store,st main rd next to padmavathi school madiwala new extension maruti nagar st stage btm st stage bengaluru karnataka india,madiwala new extension maruti nagar st stage btm st stage,st main rd next to padmavathi school,bengaluru,560068,karnataka,in,,,False,12.924464,77.6150301,,False,False,chijjrkqvrjsrepeloenm,watch store,xbaeddbxaddaab,12480333980258506514,,324,tz,monday,am to pm,tuesday,am to pm,wednesday,am to pm,thursday,am to pm,friday,to pm,saturday,am to pm,sunday,am to pm,,,,,,,,,,,true,true,true,true,true,true,,,,,,timex,en,86,False,,gykldbvv,true,,,,,,clock and watch maker,,,,,,,,,,,,,,true,true,,,,,,,,,,,,,,,,,,,,,,,,,,,,,,,,,,,,,,,,,,,,,,,,true,,,,,,,,,,,,,,,,,,,,,,,,,,,,,,,,,,,,,,,,,,,,,,,,,,,,,,,,,,,,,,,,,,,,,,,,,,,,,,,,,,,,,,,,
watch store by swiss group,,,watch store,lg floor lulu hypermarket devasandra industrial estate mahadevapura bengaluru karnataka india,devasandra industrial estate mahadevapura,lg floor lulu hypermarket,bengaluru,560048,karnataka,in,,,False,12.9962848,77.6954938,,False,False,chijrqffnrjsrgtdhaydyb,watch store,xbaedbfffeafxbdcbe,13675591655172943897,,32,tz,monday,am to pm,tuesday,am to pm,wednesday,am to pm,thursday,am to pm,friday,am to pm,saturday,am to pm,sunday,am to pm,,,,,,,,,,,,true,true,true,,,,,,,,timex,en,89,False,,gxhc,,,true,,true,,,,,,,,,,,,,,,,,,,,,,,,,,,,,,,,,,,,,,,,,,,,,,,,,,,,,,,,,,,,,,,,,,,,,,,,,,,,,,,,,,,,,,,,,,,,,,,,,,,,,,,,,,,,,,,,,,,,,,,,,,,,,,,,,,,,,,,,,,,,,,,,,,,,,,,,,
mangalagowri times titan sonata fastrack ajanta,,,watch store,whpqmc th cross rd nr colony basavanagudi bengaluru karnataka india,nr colony basavanagudi,whpqmc th cross rd,bengaluru,560004,karnataka,in,,,True,12.9369329,77.5691545,,False,False,chijewolvrjsrnrwwkfb,watch store,xbaeeeexffcdbb,2303597589904274742,,8,tz,monday,am to pm,tuesday,am to pm,wednesday,am to pm,thursday,am to pm,friday,am to pm,saturday,am to pm,sunday,am to pm,,,,,,,,,,,,true,true,true,,,,,,,,timex,en,93,False,,ggzfvx,true,,true,,,false,,,,,,,,,,,,,,,,,,,,,,,,,,,,,,,,,,,,,,,,,,,,,,,,,,,,,,,,,,,,,,,,,,,,,,,,,,,,,,,,,,,,,,,,,,,,,,,,,,,,,,,,,,,,,,,,,,,,,,,,,,,,,,,,,,,,,,,,,,,,,,,,,,,,,,,,
titan world,ದಿ ವರ್ಲ್ಡ್ ಆಫ್ ಟೈಟಾನ್,,watch store,no nirmala complex main road near hdfc bank krishnappa block rt nagar bengaluru karnataka india,krishnappa block rt nagar,no nirmala complex main road near hdfc bank,bengaluru,560032,karnataka,in,,,False,13.0202069,77.5923653,,False,False,chijmxudoxrjsrzvwzhxtawg,watch store,xbaebaaeexabdafccd,12131529801208519885,,184,tz,monday,am to pm,tuesday,am to pm,wednesday,am to pm,thursday,am to pm,friday,am to pm,saturday,am to pm,sunday,am to pm,,,,,,,,,,,,true,true,true,,,,,,,,timex,en,94,False,,gvkzbl,true,,true,,,,clock and watch maker,,true,true,true,false,,,,,,,watch manufacturer,watch repair service,,,,,,,,,,,,,,,,,,,,,,,,,,,,,,,,,,,,,,,,,,,,,,,,,,,,,,,,,,,,,,,,,,,,,,,,,,,,,,,,,,,,,,,,,,,,,,,,,,,,,,,,,,,,,,,,,,,,,,,,,,,,,,,,,,,,,,,,,,
shubh times,,,watch store,shubh times dinnur main rd dinnur rt nagar bengaluru karnataka india,dinnur rt nagar,shubh times dinnur main rd,bengaluru,560032,karnataka,in,,,False,13.0241953,77.5977034,,False,False,chijubgszxrjsrduphsuisu,watch store,xbaebfcfbxebaef,2675470349924362227,,116,tz,monday,am to pm,tuesday,am to pm,wednesday,am to pm,thursday,am to pm,friday,am to pm,saturday,am to pm,sunday,am to pm,,,,,,,,,,,,true,true,true,true,true,,,,,,timex,en,95,False,,gwxvwmnp,true,,,,,true,clock repair service,true,true,true,true,,,,,,,,clock and watch maker,watch repair service,,,,,,,,,,,,,,,,,,,,,,,,,,,,,,,,,,,,,,,,,,,,,,,,,,true,,,,,,,,,,,,,,,,,,,,,,,,,,,,,,,,,,,,,,,,,,,,,,,,,,,,,,,,,,,,,,,,,,,,,,,,,,,,,,,,,,,,,,,,
time,ಟೈಮ್,,watch store,krishna rajendra rd tata silk farm jayanagar bengaluru karnataka india,tata silk farm jayanagar,krishna rajendra rd,bengaluru,560004,karnataka,in,,,False,12.9341754,77.5739391,,False,False,chijutexksvrjsrengegku,watch store,xbaebecbxedfdc,17118885241743108371,,41,tz,monday,am to pm,tuesday,am to pm,wednesday,am to pm,thursday,am to pm,friday,am to pm,saturday,am to pm,sunday,closed,,,,,,,,,,,,,,,,,,,,,,timex,en,96,False,,gfjzzys,,,,,,,,,,,,,,,,,,,,,,,,,,,,,,,,,,,,,,,,,,,,,,,,,,,,,,,,,,,,,,,true,,,,,,,,,,,,,,,,,,,,,,,,,,,,,,,,,,,,,,,,,,,,,,,,,,,,,,,,,,,,,,,,,,,,,,,,,,,,,,,,,,,,,,,,,,,,,,,
unique times and communications,,,electronics repair shop,th main rd kanaka nagar bhavnedhwar nagar bengaluru karnataka india,kanaka nagar bhavnedhwar nagar,th main rd,bengaluru,560032,karnataka,in,,,False,13.0344586,77.6046414,,False,False,chijyqgyexrjsrcftqmvcgsoi,electronics repair shop,xbaeacbcdcxead,16305458717188445192,,11,tz,monday,am to pm to pm,tuesday,am to pm to pm,wednesday,am to pm to pm,thursday,am to pm to pm,friday,am to pm to pm,saturday,am to pm to pm,sunday,am to pm to pm,,,,,,,,,,,,,,,,,,,,,,timex,en,97,False,,gthvcq,,,,,,,watch store,,,,,,,,,,,,,,,,,,,,,,,,,,,,,,,,,,,,,,,,,,,,,,,,,,,,,,,,,,,,,,,,,,,,,,,,,,,,,,,,,,,,,,,,,,,,,,,,,,,,,,,,,,,,,,,,,,,,,,,,,,,,,,,,,,,,,,,,,,,,,,,,,,,,,,,
safina plaza,,,watch store,st floor infantry rd next to tissot boutique tasker town shivaji nagar bengaluru karnataka india,tasker town shivaji nagar,st floor infantry rd next to tissot boutique,bengaluru,560001,karnataka,in,,,False,12.9796922,77.6068431,,False,False,chijdptfwmwrjsryhcmwrzq,watch store,xbaeddafxcdfed,10683970721371028832,,41,tz,monday,am to pm,tuesday,am to pm,wednesday,am to pm,thursday,am to pm,friday,am to pm,saturday,am to pm,sunday,am to pm,,,,,,,,,,,,true,true,true,true,true,,,,,,timex,en,98,False,,gtdjvgcw,true,,,,,true,,,true,true,true,,true,true,true,,true,,,,,,,,,,,,,,,,,,,,,,,,,,,,,,,,,,,,,,,,,,,,,,,,,,,,,,,,,,,,,,,,,,,,,,,,,,,,,,,,,,,,,,,,,,,,,,,,,,,,,,,,,,,,,,,,,,,,,,,,,,,,,,,,,,,,,,,,,,,,,
zimson watch store nexus shantiniketan mall,,,watch store,unit forum shantiniketan ugf itpl main rd thigalarapalya whitefield bengaluru karnataka india,thigalarapalya whitefield,unit forum shantiniketan ugf itpl main rd,bengaluru,560048,karnataka,in,,,True,12.9895885,77.7279971,,False,False,chijzjdgrrjsrsbohmlcsg,watch store,xbaedddcfxbcdba,2914193779944045129,,53,tz,monday,am to pm,tuesday,am to pm,wednesday,am to pm,thursday,am to pm,friday,am to pm,saturday,am to pm,sunday,am to pm,true,true,true,true,true,,,,,,,true,true,true,,,,,,,,timex,en,99,False,,gjvjpf,,,true,,,,clock repair service,,,,,true,,,,true,,,jewelry store,leather goods store,,,,,,,,,,,,,,,,,,,,,,,,,watch repair service,,,,,,,,,,,,,,,,,,,,,,,,,,,,,,,,,,,,,,,,,,,,,,,,,,,,,,,,,,,,,,,,,,,,,,,,,,,,,,,,,,,,,,,,,,,,,,,,,,,,,,,,,,,,,,,,,
world times,ವಿಶ್ವ ಟೈಮ್ಸ್,,watch store,st c cross rd main rd gokula extension mathikere extension mathikere bengaluru karnataka india,gokula extension mathikere extension mathikere,st c cross rd main rd,bengaluru,560054,karnataka,in,,,False,13.0342717,77.5596343,,False,False,chijewdzrjsrlveqwgmhrm,watch store,xbaedfcfcbxdfcfe,1377369278911672622,,12,tz,monday,am to pm,tuesday,am to pm,wednesday,am to pm,thursday,am to pm,friday,closed,saturday,am to pm,sunday,closed,,,,,,,,,,,,true,,,,,,,,,,timex,en,100,False,,gptvtfbrq,,,,,,,watch repair service,,,,,,,,,,,,,,,,true,,,,,,,,,,,,,,,,,,,,,,,,,,,,,,,,,,,,,,,,,,,,,,,,,,,,,,,,,,,,,,,,,,,,,,,,,,,,,,,,,,,,,,,,,,,,,,,,,,,,,,,,,,,,,,,,,,,,,,,,,,,,,,,,,,,,,,,
omkar watches,,,watch store,omkar watches hosahalli road hunasamaranahalli karnataka india,hunasamaranahalli,omkar watches hosahalli road,hunasamaranahalli,562157,karnataka,in,,,False,13.14357,77.6201516,,False,False,chijfeyngqszrjsrzkxtxh,watch store,xbaebdecdxfefffde,9215755809989107177,,8,tz,monday,am to pm,tuesday,am to pm,wednesday,am to pm,thursday,am to pm,friday,am to pm,saturday,am to pm,sunday,am to pm,,,,,,,,,,,,true,,,,,,,,,,timex,en,36,False,,gsmzjt,,,,,,,general store,,,,,,,,,,,,,,,,,,,,,,,,,,,,,,,,,,,,,,,,,,,,,,,,,,,,,,,,,,,,,,,,,,,,,,,,,,,,,,,,,,,,,,,,,,,,,,,,,,,,,,,,,,,,,,,,,,,,,,,,,,,,,,,,,,,,,,,,,,,,,,,,,,,,,,,
naganna rai shopping center,,,jewelry store,hanumanth gowda road chikkasandra jalahalli west bengaluru karnataka india,chikkasandra jalahalli west,hanumanth gowda road,bengaluru,560057,karnataka,in,,,False,13.0667966,77.506478,,False,False,chijyesiwjrjsrsurcucjwq,jewelry store,xbaecacexdabbd,7245504856963361749,,9,tz,monday,am to pm,tuesday,am to pm,wednesday,am to pm,thursday,am to pm,friday,am to pm,saturday,am to pm,sunday,am to pm,,,,,,,,,,,,true,,,,,,,,,,timex,en,38,False,,gstr,,,,,,,,,,,,,,,,,,,,,,,,,,,,,,,,,,,,,,,,,,,,,,,,,,,,,,,,,,,,,,,,,,,,,,,,,,,,,,,,,,,,,,,,,,,,,,,,,,,,,,,,,,,,,,,,,,,,,,,,,,,,,,,,,,,,,,,,,,,,,,,,,,,,,,,,,,,,,,
durga times,,,watch store,g block near axis bank sahakar nagar byatarayanapura bengaluru karnataka india,sahakar nagar byatarayanapura,g block near axis bank,bengaluru,560092,karnataka,in,,,True,13.0635568,77.590365,,False,False,chijxxsbmqzrjsrmtlomn,watch store,xbaefbbbcxdfbadfe,16111688942478045745,,76,tz,monday,am to pm,tuesday,am to pm,wednesday,am to pm,thursday,am to pm,friday,am to pm,saturday,am to pm,sunday,am to pm,,,,,,,,,,,,true,,,,,,,,,,timex,en,39,False,,gprllg,true,true,,,,,,,,,,,,,,,,,,,,,,,,,,,,,,,,,,,,,,,,,,,,,,,,,,,,,,,,,,,,,,,,,,,,,,,,,,,,,,,,,,,,,,,,,,,,,,,,,,,,,,,,,,,,,,,,,,,,,,,,,,,,,,,,,,,,,,,,,,,,,,,,,,,,,,,,,,,,
titan watch showroom harsha creations,watch showroom harsha creations,,watch store,adjacent to chef bakers aecs layout brookefield bengaluru karnataka india,aecs layout brookefield,adjacent to chef bakers,bengaluru,560037,karnataka,in,,,False,12.9672236,77.7165271,,False,False,chijqypatrtrjsrqnsfyylmm,watch store,xbaebdedaabxccfbfe,14063671771500804419,,1018,tz,monday,am to pm,tuesday,am to pm,wednesday,am to pm,thursday,am to pm,friday,am to pm,saturday,am to pm,sunday,am to pm,,,,,,,,,,,,true,true,true,true,true,true,,,,,timex,en,101,False,,ghycrtcfb,true,,,,,,gift shop,,,,,,,,true,,,,watch repair service,,true,true,,,,,,,,,,,,,,,,,,,,,,,,,,,,,,,,,,,,,,,,,,,,,,,,,,,,,,,,,,,,,,,,,,,,,,,,,,,,,,,,,,,,,,,,,,,,,,,,,,,,,,,,,,,,,,,,,,,,,,,,,,,,,,,,,,,,,,,,
ramesh watch works,ರಮೇಶ್ ವಾಚ್ ವರ್ಕ್ಸ್,,watch store,bus stop whitefield main rd hoodi thigalarapalya mahadevapura bengaluru karnataka india,hoodi thigalarapalya mahadevapura,bus stop whitefield main rd,bengaluru,560048,karnataka,in,,,True,12.9923686,77.7164933,,False,False,chijjrsmorjsrinlxgyepuc,watch store,xbaeebbcebxeeccad,16662901272263097634,,26,tz,monday,am to pm,tuesday,am to pm,wednesday,am to pm,thursday,am to pm,friday,am to pm,saturday,am to pm,sunday,am to pm,,,,,,,,,,,,,,,,,,,,,,timex,en,102,False,,gbvt,,,,,true,false,,,,,,,,,,,false,,,,,,,,,,,,,,,,,,,,,,,,,,,,,,,,,,,,,,,,,,,,,,,,,,,,,true,true,,,,,,,,,,,,,,,,,,,,,,,,,,,,,,,,,,,,,,,,,,,,,,,,,,,,,,,,,,,,,,,,,,,,,,,,,,,,,,,,,,,,,,,
hindustan watch showroom,ಹಿಂದೂಸ್ತಾನ್ ವಾಚ್ ಶೋರೂಂ,,watch store,rd main rd rrv layout bsv reddy layout ramamurthy nagar bengaluru karnataka india,rrv layout bsv reddy layout ramamurthy nagar,rd main rd,bengaluru,560016,karnataka,in,,,False,13.0115946,77.6739189,,False,False,chijjuzngrrjsrrvqcdhsek,watch store,xbaeefbcdxbddbbea,8753681390300609514,,48,tz,monday,am to pm,tuesday,am to pm,wednesday,am to pm,thursday,am to pm,friday,am to pm,saturday,am to pm,sunday,am to pm,,,,,,,,,,,,true,true,true,,,,,,,,timex,en,103,False,,gtdrcthq,true,,true,,,,,,,,,,,,,,,,,,true,,,,,,,,,,,,,,,,,,,,,,,,,,,,,,,,,,,,,,,,,,,,,,,,,,,,,,,,,,,,,,,,,,,,,,,,,,,,,,,,,,,,,,,,,,,,,,,,,,,,,,,,,,,,,,,,,,,,,,,,,,,,,,,,,,,,,,,,,
fortune watch boutique,,,watch store,a rt nagar main rd weavers colony giddappa block ganganagar bengaluru karnataka india,weavers colony giddappa block ganganagar,a rt nagar main rd,bengaluru,560032,karnataka,in,,,False,13.0208509,77.5923977,,False,False,chijetizksxrjsrgdnnjcoem,watch store,xbaebxeacaddd,7960733335889498905,,32,tz,monday,am to pm,tuesday,am to pm,wednesday,am to pm,thursday,am to pm,friday,am to pm,saturday,am to pm,sunday,am to pm,,,,,,,,,,,,true,true,true,,,,,,,,timex,en,104,False,,gqxwfxr,true,,true,,,,watch repair service,,,,,,,,,,,,,,true,true,,,,,,,,,,,,,,,,,,,,,,,,,,,,,,,,,,,,,,,,,,,,,,,,,,,,,,,,,,,,,,,,,,,,,,,,,,,,,,,,,,,,,,,,,,,,,,,,,,,,,,,,,,,,,,,,,,,,,,,,,,,,,,,,,,,,,,,,
kanila times,,,watch store,new thippasandra main rd hal hal rd stage new thippasandra bengaluru karnataka india,hal hal rd stage new thippasandra,new thippasandra main rd,bengaluru,560075,karnataka,in,,,False,12.9727133,77.6482903,,False,False,chijzktgruxrjsrxowdgryxarw,watch store,xbaebecfxbcbcde,13547557464984880478,,38,tz,monday,am to pm,tuesday,am to pm,wednesday,am to pm,thursday,am to pm,friday,am to pm,saturday,am to pm,sunday,am to pm,,,,,,,,,,,,true,,,,,,,,,,timex,en,105,False,,gssqkk,true,true,,,,,,,,,,,,,,,,,,,,,true,,,,,,,,,,,,,,,,,,,,,,,,,,,true,,,,,,,,,,,,true,,,,,,,,,,,,,,,,,,,,,,,,,,,,,,,,,,,,,,,,,,,,,,,,,,,,,,,,,,,,,,,,,,,,,,,,,,,,,,,,,,,,,,,,,,,,,,,,
new modern times,ನ್ಯೂ ಮಾಡರ್ನ್ ಟೈಮ್ಸ್,shop for a variety of branded timepieces and wall clocks featuring good deals and discounts,watch store,no gr plaza shop no ground floor dv gundappa rd opposite vittals gandhi bazaar basavanagudi bengaluru karnataka india,gandhi bazaar basavanagudi,no gr plaza shop no ground floor dv gundappa rd opposite vittals,bengaluru,560004,karnataka,in,,,True,12.9442004,77.5706973,,False,False,chijrqrvivrjsrnyjtmfwzm,watch store,xbaefdafaxffffd,3746809070784578205,,55,tz,monday,am to pm,tuesday,am to pm,wednesday,am to pm,thursday,am to pm,friday,am to pm,saturday,am to pm,sunday,am to pm,,,,,,,,,,,,true,true,true,,,,,,,,timex,en,106,False,,gwmsh,true,true,,,,,gift shop,,,,,false,,,,,,,,,,,,,,,,,,,,,,,,,,,,,,,,,,,,,,,,,,,,,,,,,,,,,,,,,,,,,,,,,,,,,,,,,,,,,,,,,,,,,,,,,,,,,,,,,,,,,,,,,,,,,,,,,,,,,,,,,,,,,,,,,,,,,,,,,,,,,,,,,,
fastrack store jayanagar bengaluru,,retailer of watches – including smart watches – alongside belts wallets and sunglasses,watch store,th main rd jayanagar rd block jayanagar bengaluru karnataka india,jayanagar rd block jayanagar,th main rd,bengaluru,560011,karnataka,in,,,False,12.9314518,77.5837576,,False,False,chijevzezgvrjsrojidvdusk,watch store,xbaebxbecb,6463631212124076091,,286,tz,monday,am to pm,tuesday,am to pm,wednesday,am to pm,thursday,am to pm,friday,am to pm,saturday,am to pm,sunday,am to pm,,,,,,,,,,,,true,true,true,,,,,,,,timex,en,107,False,,gvpymsp,true,,true,,,false,bag shop,,true,true,true,,,,,true,false,,handbags shop,perfume store,,,,,,,,,,,,,,,,,,,,,,,,,sunglasses store,,,,,,,,,,,,,,,,,,,,,,,,,,,,,,,,,,,,,,,,,,,,,,,,,,,,,,,,,,,,,,,,,,,,,,,,,,,,,,,,,,,,,,,,,,,,,,,,,,,,,,,,,,,,,,,,,
clock house,ಕ್ಲಾಕ್ ಹೌಸ್,,watch store,bangalore development authority complex outer ring rd rd block bda layout nd stage nagarbhavi bengaluru karnataka india,rd block bda layout nd stage nagarbhavi,bangalore development authority complex outer ring rd,bengaluru,560072,karnataka,in,,,False,12.9798574,77.5112962,,False,False,chijdzotmrjsrysjnaerw,watch store,xbaecfbdxbcfcfca,13551965232845803466,,56,tz,monday,am to pm,tuesday,am to pm,wednesday,am to pm,thursday,am to pm,friday,am to pm,saturday,am to pm,sunday,am to pm,,,,,,true,,,,,,true,true,true,,,true,,,,,timex,en,108,False,,gtdvndk,true,,true,,,,watch repair service,,,,,,,,,true,,,,,true,true,,,,,,,,,,,,,,,,,,,,,,,,,,,,,,,,,,,,,,,,,,,,,,,,,,,,,,,,,,,,,,,,,,,,,,,,,,,,,,,,,,,,,,,,,,,,,,,,,,,,,,,,,,,,,,,,,,,,,,,,,,,,,,,,,,,,,,,,
titan world marathahalli bengaluru,,retail chain for titan and other brands of mens womens and kids watches,watch store,shop no marathahalli sarjapur outer ring rd opposite innovative multiplex ckb layout chandra layout marathahalli bengaluru karnataka india,ckb layout chandra layout marathahalli,shop no marathahalli sarjapur outer ring rd opposite innovative multiplex,bengaluru,560037,karnataka,in,,,False,12.9507322,77.6998927,,False,False,chijuctsmyitrjsrdyoelowkem,watch store,xbaedcxcfacead,14920437162662201869,,205,tz,monday,am to pm,tuesday,am to pm,wednesday,am to pm,thursday,am to pm,friday,am to pm,saturday,am to pm,sunday,am to pm,,,,,,,,,,,,true,true,true,,,,,,,,timex,en,109,False,,ghyrmc,true,,true,,,false,clock repair service,,true,true,true,,,,,,,,clock and watch maker,watch manufacturer,,,,,,,,,,,,,,,,,,,,,,,,,watch repair service,,,,,,true,true,true,,,,,,,,,,,,,,,,,,,,,,,,,,,,,,,,,,,,,,,,,,,,,,,,,,,,,,,,,,,,,,,,,,,,,,,,,,,,,,,,,,,,,,,,,,,,,,,,,,,,,,,,,
just watches,ಜಸ್ಟ್ ವಾಚಸ್,,watch store,unit no garuda mall magrath rd ashok nagar bengaluru karnataka india,ashok nagar,unit no garuda mall magrath rd,bengaluru,560025,karnataka,in,,,False,12.9702626,77.6099629,,False,False,chijvhltawrjsrugvohfwqae,watch store,xbaeffdxafebb,11619663557880081336,,12,tz,monday,am to pm,tuesday,am to pm,wednesday,am to pm,thursday,am to pm,friday,am to pm,saturday,am to pm,sunday,am to pm,,,,,,,,,,,,true,true,true,,,,,,,,timex,en,110,False,,gcgfyx,true,true,true,,,,,,,,,,,,,true,,,,,,,,,,,,,,,,,,,,,,,,,,,,,,,,,,,,,,,,,,,,,,,,,,,,,,,,,,,,,,,,,,,,,,,,,,,,,,,,,,,,,,,,,,,,,,,,,,,,,,,,,,,,,,,,,,,,,,,,,,,,,,,,,,,,,,,,,,,,,,
modern times and mobiles,ಮಾಡರ್ನ್ ಟೈಮ್ಸ್ ಅಂಡ್ ಮೊಬೈಲ್ಸ್,,watch store,st cross nehru rd venkateshappa layout kammanahalli bengaluru karnataka india,venkateshappa layout kammanahalli,st cross nehru rd,bengaluru,560084,karnataka,in,,,False,13.0141995,77.6365423,,False,False,chijzyeoiaxrjsrdbahbecq,watch store,xbaeabcfxcfd,14155733164668014711,,37,tz,monday,am to pm,tuesday,am to pm,wednesday,am to pm,thursday,am to pm,friday,am to pm,saturday,am to pm,sunday,am to pm,,,,,,,,,,,,true,true,true,,,,,,,,timex,en,111,False,,gbcmxsvj,,,true,,true,,clock repair service,,,,,,,,,true,,,telecommunications service provider,watch repair service,,,,,,,,,,,,,,,,,,,,,,,,,,,,,,,,,,,,,,,,,,,,,,,,,,,,,,,,,,,,,,,,,,,,,,,,,,,,,,,,,,,,,,,,,,,,,,,,,,,,,,,,,,,,,,,,,,,,,,,,,,,,,,,,,,,,,,,,,,
swiss watch co commercial street,,,watch store,commercial street next to blossom stores tasker town shivaji nagar bengaluru karnataka india,tasker town shivaji nagar,commercial street next to blossom stores,bengaluru,560001,karnataka,in,,,False,12.9825222,77.6076718,,False,False,chijhwmesyxrjsrpoajqyro,watch store,xbaecefxafafea,7658159677691781284,,39,tz,monday,am to pm,tuesday,am to pm,wednesday,am to pm,thursday,am to pm,friday,am to pm,saturday,am to pm,sunday,am to pm,true,true,true,true,true,true,false,true,true,true,true,true,true,true,true,true,,,,,,timex,en,112,False,,ghgmhtd,,,,,,,clock repair service,,,,,,,,true,,,,clock and watch maker,sunglasses store,,,,,,,,,,,,,,,,,,,,,,,,,watch manufacturer,,,,,,,,,,,,,,,watch repair service,,,,,,,,,,,,,,,,,,,,,,,,,,,,,,,,,,,,,,,,,,,,,,,,,,,,,,,,,,,,,,,,,,,,,,,,,,,,,,,,,,,,,,,,,,,,,,,,,,
new time shop,ನ್ಯೂ ಟೈಮ್ ಶಾಪ್,,watch store,nagawara main rd nearlassi park pillanna garden p and t colony kadugondanahalli bengaluru karnataka india,nearlassi park pillanna garden p and t colony kadugondanahalli,nagawara main rd,bengaluru,560045,karnataka,in,,,True,13.0104837,77.6149368,,False,False,chijccmsvwwrjsrwoibtcdde,watch store,xbaefcaccexcbbda,3534273182015324762,,5,tz,monday,am to pm,tuesday,am to pm,wednesday,am to pm,thursday,am to pm,friday,to pm,saturday,am to pm,sunday,am to pm,,,,,,,,,,,,true,,,,,,,,,,timex,en,113,False,,gtfdbxjg,true,,,,,,store,,,,,,,,,,,,,,,,,,,,,,,,,,,,,,,,,,,,,,,,,,,,,,,,,,,,,,,,,,,,,,,,,,,,,,,,,,,,,,,,,,,,,,,,,,,,,,,,,,,,,,,,,,,,,,,,,,,,,,,,,,,,,,,,,,,,,,,,,,,,,,,,,,,,,,,
geetha time center,,,watch store,bus stop near vijayalakshmi theatre garudachar palya mahadevapura bengaluru karnataka india,garudachar palya mahadevapura,bus stop near vijayalakshmi theatre,bengaluru,560048,karnataka,in,,,False,12.9937801,77.7017532,,False,False,chijarhqyorrjsrhjrumcmdxe,watch store,xbaeaxaebef,8175623631199266847,,15,tz,monday,am to pm,tuesday,am to pm,wednesday,am to pm,thursday,am to pm,friday,am to pm,saturday,am to pm,sunday,am to pm,,,,,,,,,,,,true,,,,,,,,,,timex,en,114,False,,gpwpppz,,,,,,,,,,,,,,,,,,,,,,,,,,,,,,,,,,,,,,,,,,,,,,,,,,,,,,,,,,,,,,,,,,,,,,,,,,,,,,,,,,,,,,,,,,,,,,,,,,,,,,,,,,,,,,,,,,,,,,,,,,,,,,,,,,,,,,,,,,,,,,,,,,,,,,,,,,,,,,
just watches,ಜಸ್ಟ್ ವಾಚಸ್,,watch store,ground floor phoenix marketcity devasandra industrial estate mahadevapura bengaluru karnataka india,devasandra industrial estate mahadevapura,ground floor phoenix marketcity,bengaluru,560048,karnataka,in,,,False,12.9970943,77.6966506,,False,False,chijopqorrjsrmqrbkwmka,watch store,xbaeafdfbxabbddbcf,4655227447102129400,,37,tz,monday,am to pm,tuesday,am to pm,wednesday,am to pm,thursday,am to pm,friday,am to pm,saturday,am to pm,sunday,am to pm,,,,,,,,,,,,true,true,true,,,,,,,,timex,en,115,False,,gwgwdl,true,,true,,,true,,,true,true,true,,,,,true,true,,,,,,,,,,,,,,,,,,,,,,,,,,,,,,,,,,,,,,,,,,,,,,,,,,,,,,,,,,,,,,,,,,,,,,,,,,,,,,,,,,,,,,,,,,,,,,,,,,,,,,,,,,,,,,,,,,,,,,,,,,,,,,,,,,,,,,,,,,,,,
slv time shop,,,watch store,th cross st muneshwara nagar ramamurthy nagar bengaluru karnataka india,muneshwara nagar ramamurthy nagar,th cross st,bengaluru,560016,karnataka,in,,,False,13.0184359,77.6725103,,False,False,chijolzgdqrjsrqjdahv,watch store,xbaedfdaxddcdeebcdaa,6709731083488607658,,25,tz,monday,am to pm,tuesday,am to pm,wednesday,am to pm,thursday,am to pm,friday,am to pm,saturday,am to pm,sunday,am to pm,,,,,,,,,,,,true,,,,,,,,,,timex,en,116,False,,gfjwr,,,,,,false,,,,,,,,,,,false,,,,,,,,,,,,,,,,,,,,,,,,,,,,,,,,,,,,,,,,,,,,,,,,,,,,,,,,,,,,,,,,,,,,,,,,,,,,,,,,,,,,,,,,,,,,,,,,,,,,,,,,,,,,,,,,,,,,,,,,,,,,,,,,,,,,,,,,,,,,,
shree hanu times,ಶ್ರೀ ಹನು ವಾಚ್ ವರ್ಕ್ಸ್,,watch repair service,th cross corner st main rd near tom jerry bakery venkateshwara layout sg palya bengaluru karnataka india,drc post venkateshwara layout sg palya,th cross corner st main rd near tom jerry bakery,bengaluru,560029,karnataka,in,,,False,12.9311246,77.6073801,,False,False,chijdtmgvmurjsredtmbrkde,watch repair service,xbaeedexeed,3542170580994445008,,83,tz,monday,am to pm,tuesday,am to pm,wednesday,am to pm,thursday,am to pm,friday,am to pm,saturday,am to pm,sunday,am to pm,,,,,,,,,,,,,,,,,,,,,,timex,en,117,False,,gckqsw,,,,,true,false,,,,,,,,,,,false,,,,,,,,,,,,,,,,,,,,,,,,,,,,,,,,,,,,,,,,,,,,,,,,,,,,,,,,,,,,,,,,,,,,,,,,,,,,,,,,,,,,,,,,,,,,,,,,,,,,,,,,,,,,,,,,,,,,,,,,,,,,,,,,,,,,,,,,,,,,,
casio exclusive watch store and multi branded watch store,,,watch store,safina plaza tasker town shivaji nagar bengaluru karnataka india,tasker town shivaji nagar,safina plaza,bengaluru,560001,karnataka,in,,,False,12.9797463,77.6068465,,False,False,chijvvoixywrjsrxyxkjyifk,watch store,xbaefcabdxdfbfacc,15672446613103217861,,50,tz,monday,am to pm,tuesday,am to pm,wednesday,am to pm,thursday,am to pm,friday,am to pm,saturday,am to pm,sunday,am to pm,,,,,,,,,,,,true,true,true,,,,,,,,timex,en,118,False,,ghcww,true,,true,,,,clock repair service,,,,,,,,,true,,,clock and watch maker,watch repair service,true,true,,,,,,,,,,,,,,,,,,,,,,,,,,,,,,,,,,,,,,,,,,,,,,,,,,,,,,,,,,,,,,,,,,,,,,,,,,,,,,,,,,,,,,,,,,,,,,,,,,,,,,,,,,,,,,,,,,,,,,,,,,,,,,,,,,,,,,,,
kubeera titan store,,store stocking titan watches along with casio fossil and timex brands,watch store,gfloor th block feet rd opp sapna book house khb colony th block koramangala bengaluru karnataka india,khb colony th block koramangala,gfloor th block feet rd opp sapna book house,bengaluru,560095,karnataka,in,,,False,12.9362429,77.6164958,,False,False,chijqvzmavrjsrqsoevrvzy,watch store,xbaecfecxedffaab,10875471770981804867,,25,tz,monday,am to pm,tuesday,am to pm,wednesday,am to pm,thursday,am to pm,friday,am to pm,saturday,am to pm,sunday,am to pm,,,,,,,,,,,,true,true,true,true,true,,,,,,timex,en,119,False,,gtkjjmrs,true,,,,,,watch repair service,,,,,,,,true,,,,,,true,true,,,,,,,,,,,,,,,,,,,,,,,,,,,,,,,,,,,,,,,,,,,,,,,,,,,,,,,,,,,,,,,,,,,,,,,,,,,,,,,,,,,,,,,,,,,,,,,,,,,,,,,,,,,,,,,,,,,,,,,,,,,,,,,,,,,,,,,,
sagar time world,ಸಾಗರ್ ಟೈಮ್ಸ್,,watch store,cm complex next to raitana aramane hotel dasarahalli coconut garden prashanth nagar nd stage bengaluru karnataka india,coconut garden prashanth nagar nd stage,cm complex next to raitana aramane hotel dasarahalli,bengaluru,560057,karnataka,in,,,False,13.0428004,77.5145037,,False,False,chijogcrjsrvoyxntogw,watch store,xbaecdaafdbxcadec,881136815520058454,,16,tz,monday,am to pm,tuesday,am to pm,wednesday,am to pm,thursday,am to pm,friday,am to pm,saturday,am to pm,sunday,am to pm,,,,,,,,,,,,true,true,true,true,true,,,,,,timex,en,120,False,,gtdxnwv,true,,,,,,,,,,,,,,,,,,,,true,,,,,,,,,,,,,,,,,,,,,,,,,,,,,,,,,,,,,,,,,,,,,,,,,,,,,,,,,,,,,,,,,,,,,,,,,,,,,,,,,,,,,,,,,,,,,,,,,,,,,,,,,,,,,,,,,,,,,,,,,,,,,,,,,,,,,,,,,
sri lakshmi times,,,watch store,chethan complex jakkur road amruthahalli main rd bengaluru karnataka india,talacauvery layout amrutahalli byatarayanapura,chethan complex jakkur road amruthahalli main rd,bengaluru,560092,karnataka,in,,,False,13.0671769,77.6012221,,False,False,chijkbnatyzrjsriqtgxljddau,watch store,xbaedacdbfxcee,363739690968286345,,7,tz,monday,am to pm,tuesday,am to pm,wednesday,am to pm,thursday,am to pm,friday,am to pm,saturday,am to pm,sunday,am to pm,,,,,,,,,,,,true,,,,,,,,,,timex,en,41,False,,glcmqnhlq,,,,,,,,,,,,,,,,,,,,,,,true,,,,,,,,,,,,,,,,,,,,,,,,,,,true,,,,,,,,,,,,true,,,,,,,,,,,,,,,,,,,,,,,,,,,,,,,,,,,,,,,,,,,,,,,,,,,,,,,,,,,,,,,,,,,,,,,,,,,,,,,,,,,,,,,,,,,,,,,,
world,ವಲ್ಡ್,,watch store,ground floor oppanjanaya temple no kaggadasapura main rd varsova layout c v raman nagar bengaluru karnataka india,varsova layout c v raman nagar,ground floor oppanjanaya temple no kaggadasapura main rd,bengaluru,560093,karnataka,in,,,False,12.9857447,77.6717687,,False,False,chijcutkyrrjsrnxfoctsyfdq,watch store,xbaedabxcbce,3781953016233359157,,51,tz,monday,am to pm,tuesday,am to pm,wednesday,am to pm,thursday,am to pm,friday,am to pm,saturday,am to pm,sunday,am to pm,,,,,,,,,,,,true,true,true,,,,,,,,timex,en,121,False,,gyknqm,true,,true,,,false,,,true,true,true,,,,,,false,,,,,,,,,,,,,,,,,,,,,,,,,,,,,,,,,,,,,,,,,,,,,,,,,,,,,,,,,,,,,,,,,,,,,,,,,,,,,,,,,,,,,,,,,,,,,,,,,,,,,,,,,,,,,,,,,,,,,,,,,,,,,,,,,,,,,,,,,,,,,
titan showroom payal times,,,watch store,mhrj jayanti nagar main rd next to ambedkar statue jayanti nagar horamavu bengaluru karnataka india,jayanti nagar horamavu,mhrj jayanti nagar main rd next to ambedkar statue,bengaluru,560113,karnataka,in,,,False,13.0280453,77.664538,,False,False,chijunkrsrrjsrcrwguwgjc,watch store,xbaebdxaeeeaaba,3970610192921441546,,85,tz,monday,am to pm,tuesday,am to pm,wednesday,am to pm,thursday,am to pm,friday,am to pm,saturday,am to pm,sunday,am to pm,,,,,,,,,,,,true,true,true,true,true,,,,,,timex,en,122,False,,ggvkbk,true,,,,,false,clock and watch maker,,,,,,,,,,,,watch repair service,,true,true,,,,,,,,,,,,,,,,,,,,,,,,,,,,,,,,,,,,,,,,,,,,,,,,,,,,,,,,,,,,,,,,,,,,,,,,,,,,,,,,,,,,,,,,,,,,,,,,,,,,,,,,,,,,,,,,,,,,,,,,,,,,,,,,,,,,,,,,
watches clocks,ವಾಚಸ್ ಕ್ಲಾಕ್ಸ್,,watch repair service,no m syno st floor itpl main rd opposite to phoenix marketcity rhb colony mahadevapura bengaluru karnataka india,rhb colony mahadevapura,no m syno st floor itpl main rd opposite to phoenix marketcity,bengaluru,560048,karnataka,in,,,False,12.995067,77.6962192,,False,False,chijgnkwsrrjsrxllxcmtq,watch repair service,xbaebbffdxdacaef,15319623154480283231,,59,tz,monday,am to pm,tuesday,am to pm,wednesday,am to pm,thursday,am to pm,friday,am to pm,saturday,am to pm,sunday,am to pm,,,,,,,,,,,,,,,,,,,,,,timex,en,123,False,,gcrhm,,,,,true,false,,,,,,,,,,,false,,,,,,,,,,,,,,,,,,,,,,,,,,,,,,,,,,,,,,,,,,,,,,,,,,,,,,,,,,,,,,,,,,,,,,,,,,,,,,,,,,,,,,,,,,,,,,,,,,,,,,,,,,,,,,,,,,,,,,,,,,,,,,,,,,,,,,,,,,,,,
lalith times,ಲಲಿತ್ ಟೈಮ್ಸ್,,watch store,feet main rd muneshwara block banashankari bengaluru karnataka india,muneshwara block banashankari,feet main rd,bengaluru,560050,karnataka,in,,,True,12.9423861,77.5487431,,False,False,chijxvjytrjsrzqvakoceyo,watch store,xbaeedebdxacaafcf,3031798492368434383,,1,tz,monday,am to pm to pm,tuesday,am to pm to pm,wednesday,am to pm to pm,thursday,am to pm to pm,friday,am to pm to pm,saturday,am to pm to pm,sunday,am to pm to pm,,,,,,,,,,,,true,,,,,,,,,,timex,en,124,False,,gbzyxqvv,,,,,,,watch repair service,,,,,,,,,,,,,,,,,,,,,,,,,,,,,,,,,,,,,,,,,,,,,,,,,,,,,,,,true,,,,,,,,,,,,,,,,,,,,,,,,,,,,,,,,,,,,,,,,,,,,,,,,,,,,,,,,,,,,,,,,,,,,,,,,,,,,,,,,,,,,,,,,,,,,,,,
tissot boutique safina plaza,,rooftop venue for watch sales repairs and service along with a glasswalled lift,watch store,shop no st floor safina plaza infantry rd tasker town shivaji nagar bengaluru karnataka india,tasker town shivaji nagar,shop no st floor safina plaza infantry rd,bengaluru,560001,karnataka,in,,,False,12.9795551,77.6068839,,False,False,chijykuaxrjsraodseypta,watch store,xbaefacbxddeede,15050512696624734312,,61,tz,monday,am to pm,tuesday,am to pm,wednesday,am to pm,thursday,am to pm,friday,am to pm,saturday,am to pm,sunday,am to pm,,,,,,,,true,true,true,,true,true,true,true,true,,,,,,timex,en,125,False,,gtxysy,true,,,,,true,,,true,true,true,,,,true,,true,,,,,,,,,,,,,,,,,,,,,,,,,,,,,,,,,,,,,,,,,,,,,,,,,,,,,,,,,,,,,,,,,,,,,,,,,,,,,,,,,,,,,,,,,,,,,,,,,,,,,,,,,,,,,,,,,,,,,,,,,,,,,,,,,,,,,,,,,,,,,
watch store by swiss group,,store offering a selection of watches including casio along with friendly service,watch store,first floor lulu fashion store majestic rd near taco bell gopalapura binnipete bengaluru karnataka india,gopalapura binnipete,first floor lulu fashion store majestic rd near taco bell,bengaluru,560023,karnataka,in,,,False,12.9811475,77.5635445,,False,False,chijocrdxrjsrahcbugpewzk,watch store,xbaefacfbxbdeb,4133141188894748776,,539,tz,monday,am to pm,tuesday,am to pm,wednesday,am to pm,thursday,am to pm,friday,am to pm,saturday,am to pm,sunday,am to pm,,,,,,,,,,,true,true,true,true,true,true,,,,,,timex,en,126,False,,gtvqlc,true,,,,,true,,,true,true,true,,true,true,true,,true,,,,,,,,,,,,,,,,,,,,,,,,,,,,,,,,,,,,,,,,,,,,,,,true,true,,,,,,,,,,,,,,,,,,,,,,,,,,,,,,,,,,,,,,,,,,,,,,,,,,,,,,,,,,,,,,,,,,,,,,,,,,,,,,,,,,,,,,,,,,,,,
dhanalakshmi times,ಧನಲಕ್ಷ್ಮಿ ಟೈಮ್ಸ್,,watch store,jogupalya rd halasuru udani layout jogupalya bengaluru karnataka india,halasuru udani layout jogupalya,jogupalya rd,bengaluru,560008,karnataka,in,,,False,12.9746917,77.6265869,,False,False,chijwatnjkwrjsrksyhmxeyjsg,watch store,xbaedcxceac,14451655479696370833,,22,tz,monday,am to pm,tuesday,am to pm,wednesday,am to pm,thursday,am to pm,friday,am to pm,saturday,am to pm,sunday,am to pm,,,,,,,,,,,,true,,,,,,,,,,timex,en,127,False,,gtjw,,,,,,,,,,,,,,,,,,,,,,,,,,,,,,,,,,,,,,,,,,,,,,,,,,,,,,,,,,,,,,,,,,,,,,,,,,,,,,,,,,,,,,,,,,,,,,,,,,,,,,,,,,,,,,,,,,,,,,,,,,,,,,,,,,,,,,,,,,,,,,,,,,,,,,,,,,,,,,
veeresh agencies rhythm wall clocks,ವೀರೇಶ್ ಏಜೆನ್ಸೀಸ್ ರಿದಮ್ ವಾಲ್ ಕ್ಲಾಕ್ಸ್,,watch store,modi hospital rd west of chord road nd stage west of chord road stage nagapura bengaluru karnataka india,west of chord road nd stage west of chord road stage nagapura,modi hospital rd,bengaluru,560086,karnataka,in,,,False,12.9976666,77.5488181,,False,False,chijytbinerjsrqebseeqac,watch store,xbaeddxdab,564122793349890112,,11,tz,monday,am to pm,tuesday,am to pm,wednesday,am to pm,thursday,am to pm,friday,am to pm,saturday,am to pm,sunday,am to pm,,,,,,,,,,,,true,,,,,,,,,,timex,en,128,False,,gtfqpp,true,,,,,,,,,,,,,,,,,,,,,,,,,,,,,,,,,,,,,,,,,,,,,,,,,,,,,,,,,,,,,,,,,,,,,,,,,,,,,,,,,,,,,,,,,,,,,,,,,,,,,,,,,,,,,,,,,,,,,,,,,,,,,,,,,,,,,,,,,,,,,,,,,,,,,,,,,,,,,
timexbond industries pvt ltd banglore,,,manufacturer,ground floor rd cross mysore rd new timberyard layout gef post bengaluru karnataka india,new timberyard layout telecom colony srinagar gef post,ground floor rd cross mysore rd,bengaluru,560026,karnataka,in,,,False,12.9517062,77.5479631,,False,False,chijbzfpmrjsroguvkqro,manufacturer,xbaefadfecxdfeef,10179842673344802616,,2,tz,monday,am to pm,tuesday,am to pm,wednesday,am to pm,thursday,am to pm,friday,am to pm,saturday,am to pm,sunday,closed,,,,,,,,,,,,,,,,,,,,,,timex,en,129,False,,glnhbdx,,,,,,,,,,,,,,,,,,,,,,,,,,,,,,,,,,,,,,,,,,,,,,,,,,,,,,,,,,,,,,,,,,,,,,,,,,,,,,,,,,,,,,,,,,,,,,,,,,,,,,,,,,,,,,,,,,,,,,,,,,,,,,,,,,,,,,,,,,,,,,,,,,,,,,,,,,,,,,
timex opticals,ಟೈಮೆಕ್ಸ್ ಆಪ್ಟಿಕಲ್ಸ್,,optician,veerapillai street nd parallel to comercial street nearcommercial street shivaji nagar bengaluru karnataka india,tasker town shivaji nagar,veerapillai street nd parallel to comercial street nearcommercial street shivaji nagar,bengaluru,560001,karnataka,in,,,True,12.9834679,77.6090455,,False,False,chijzgykwrjsrfjzqjnih,optician,xbaeeccfxeffadfcdc,17230669780366695444,,1,tz,monday,am to pm,tuesday,am to pm,wednesday,am to pm,thursday,am to pm,friday,am to pm,saturday,am to pm,sunday,am to pm,,,,,,,,,,,,true,,,,,,,,,,timex,en,130,False,,gtfqkx,,,,,,,,,,,,,,,,,,,,,,,,,,,,,,,,,,,,,,,,,,,,,,,,,,,,,,,,,,,,,,,true,,,,,,,,,,,,,,,,,,,,,,,,,,,,,,,,,,,,,,,,,,,,,,,,,,,,,,,,,,,,,,,,,,,,,,,,,,,,,,,,,,,,,,,,,,,,,,,
time watch center,ಟೈಮ್ ವಾಚ್ ಸೆಂಟರ್,,watch store,arabic college main rd near bus stop c l ramaiah layout shampura kaval bairasandra bengaluru karnataka india,c l ramaiah layout shampura kaval bairasandra,arabic college main rd near bus stop,bengaluru,560032,karnataka,in,,,True,13.0264424,77.6141971,,False,True,chijqrenwxrjsrnzeitezjjk,watch store,xbaefcabx,4118147373081137461,,2,tz,,,,,,,,,,,,,,,,,,,,,,,,,,,,,,,,,,,,timex,en,132,False,,gtdvsrtq,true,,,,,,,,,,,,,,,,,,,,,,,,,,,,,,,,,,,,,,,,,,,,,,,,,,,,,,,,,,,,,,,,,,,,,,,,,,,,,,,,,,,,,,,,,,,,,,,,,,,,,,,,,,,,,,,,,,,,,,,,,,,,,,,,,,,,,,,,,,,,,,,,,,,,,,,,,,,,,
the world times,ದಿ ವರ್ಲ್ಡ್ ಟೈಮ್ಸ್,,cell phone store,chinmaya mission hospital rd near shrinidi sagar hotel indira nagar ii stage hoysala nagar indiranagar bengaluru karnataka india,indira nagar ii stage hoysala nagar indiranagar,chinmaya mission hospital rd near shrinidi sagar hotel,bengaluru,560008,karnataka,in,,,True,12.9783343,77.635481,,False,True,chijvjlcamwrjsrthgmbfnjvo,cell phone store,xbaeacbcbfxadebfae,6525126212348940622,,1,tz,,,,,,,,,,,,,,,,,,,,,,,,,,,,,,,,,,,,timex,en,133,False,,gvgqbzb,true,,,,,,,,,,,,,,,,,,,,,,,,,,,,,,,,,,,,,,,,,,,,,,,,,,,,,,,,,,,,,,true,,,,,,,,,,,,,,,,,,,,,,,,,,,,,,,,,,,,,,,,,,,,,,,,,,,,,,,,,,,,,,,,,,,,,,,,,,,,,,,,,,,,,,,,,,,,,,,
just watches by timex group,,,store,no no the forum neighbourhood mall prestige ozone whitefield bengaluru karnataka india,prestige ozone whitefield,no no the forum neighbourhood mall,bengaluru,560066,karnataka,in,,,False,12.9595674,77.7486053,,False,False,chijhdvzponrjsrovvilmode,store,xbaedfaefexdfeed,15129014273442178512,,6,tz,monday,am to pm,tuesday,am to pm,wednesday,am to pm,thursday,am to pm,friday,am to pm,saturday,am to pm,sunday,am to pm,,,,,,,,,,,,true,true,true,,,,,,,,timex,en,2,False,,gtfvgy,,,true,,true,,,,,,,true,,,,,,,,,,,,,,,,,,,,,,,,,,,,,,,,,,,,,,,,,,,,,,,,,,,,,,,,,,,,,,,,,,,,,,,,,,,,,,,,,,,,,,,,,,,,,,,,,,,,,,,,,,,,,,,,,,,,,,,,,,,,,,,,,,,,,,,,,,,,,,,,,,
titan world whitefield bengaluru,,retailer of watches featuring models from the titan brand as well as tommy hilfiger kenneth cole and other makers,watch store,shop no main road beside simpli namdharis sathya sai layout whitefield bengaluru karnataka india,sathya sai layout whitefield,shop no main road beside simpli namdharis,bengaluru,560066,karnataka,in,,,False,12.9729835,77.7506318,,False,False,chijkqelnzmrrjsrnqmwxbedug,watch store,xbaebxdbdbcd,5192014542412972957,,162,tz,monday,am to pm,tuesday,am to pm,wednesday,am to pm,thursday,am to pm,friday,am to pm,saturday,am to pm,sunday,am to pm,,,,,,,,,,,,true,true,true,,,,,,,,timex,en,10,False,,gkpghwj,true,,true,,,,clock and watch maker,,true,,,,,,,,,,watch manufacturer,watch repair service,,true,,,,,,,,,,,,,,,,,,,,,,,,,,,,,,,,,,,,,,,,,,,,,,,true,,,,,,,,,,,,,,,,,,,,,,,,,,,,,,,,,,,,,,,,,,,,,,,,,,,,,,,,,,,,,,,,,,,,,,,,,,,,,,,,,,,,,,,,,
sri vinayaka watch works,ಶ್ರೀ ವಿನಾಯಕ ವಾಚ್ ವರ್ಕ್ಸ್,,watch store,kadugodi bengaluru karnataka india,kadugodi,,bengaluru,560067,karnataka,in,,,False,12.997513,77.7645867,,False,False,chijgahruorjsrhskzs,watch store,xbaeebbxbcfbeefcce,11227401728186699399,,31,tz,monday,am to pm,tuesday,am to pm,wednesday,am to pm,thursday,am to pm,friday,am to pm,saturday,am to pm,sunday,am to pm,,,,,,,,,,,,true,,,,,,,,,,timex,en,14,False,,gclbhgc,,,,,,false,,,,,,,,,,,,,,,true,true,,,,,,,,,,,,,,,,,,,,,,,,,,,,,,,,,,,,,,,,,true,,,,,,,,,true,false,,,,,,,,,,,,,,,,,,,,,,,,,,,,,,,,,,,,,,,,,,,,,,,,,,,,,,,,,,,,,,,,,,,,,,,,,,,,,,,,,,,,,
just in time watch boutique,,shop supplying an array of casual and classic timepieces from brands including seiko tissot fossil and citizen,watch store,orion uptown mall ug upper ground floor brigade golden triangle huskar village hobli bidarahalli bengaluru karnataka india,sannatammanahalli,orion uptown mall ug upper ground floor brigade golden triangle huskar village hobli,bidarahalli bengaluru,560049,karnataka,in,,,False,13.0554175,77.7635716,,False,False,chijbtrdeprjsruhqxsxuq,watch store,xbaefecddxfbbcded,17634743524028076371,,201,tz,monday,am to pm,tuesday,am to pm,wednesday,am to pm,thursday,am to pm,friday,am to pm,saturday,am to pm,sunday,am to pm,,,,,,,,,,,,true,true,true,,,,,,,,timex,en,15,False,,gssqbqylf,true,true,true,,,true,watch repair service,,,,,,,,,,true,,,,,,,,,,,,,,,,,,,,,,,,,,,,,,,,,,,,,,,,,,,,,,,,,,,,,,,,,,,,,,,,,,,,,,,,,,,,,,,,,,,,,,,,,,,,,,,,,,,,,,,,,,,,,,,,,,,,,,,,,,,,,,,,,,,,,,,,,,,,,
watch service centre sr times,,friendly retailer of watches including smartwatches with repair services also on offer analog battery replacement is also available,watch store,maheshwaramma temple rd maheswari nagar b narayanapura mahadevapura bengaluru karnataka india,maheswari nagar b narayanapura mahadevapura,maheshwaramma temple rd,bengaluru,560048,karnataka,in,,,False,12.9918464,77.689527,,False,False,chijdwxeorrjsrlqitbd,watch store,xbaeeadbdddxdfdfae,16130053491249163926,,30,tz,monday,am to pm,tuesday,am to pm,wednesday,am to pm,thursday,am to pm,friday,am to pm,saturday,am to pm,sunday,am to pm,,,,,,,,,,,,,,,,,,,,,,timex,en,17,False,,gkjltjks,,,,,true,,watch repair service,,,,,,,,,,,,,,,,true,,,,,,,,,,,,,,,,,,,,,,,,,,,,true,true,,,,,,,,,,,,,,,,,,,,,,,,,,,,,,,,,,,,,,,,,,,,,,,,,,,,,,,,,,,,,,,,,,,,,,,,,,,,,,,,,,,,,,,,,,,,,,,,,,,,,,,,,,
fastrack store marathalli bengaluru,ಫಾಸ್ಟ್ರ್ಯಾಕ್ ಅಂಗಡಿ,retailer offering a selection of watches from brands like titan and fastrack plus sunglasses friendly staff,watch store,outer ring rd opp to innovative multiplex ckb layout chandra layout marathahalli bengaluru karnataka india,ckb layout chandra layout marathahalli,outer ring rd opp to innovative multiplex,bengaluru,560037,karnataka,in,,,False,12.9509555,77.700005,,False,False,chijgxohkdusrjsrvtlliacvmw,watch store,xbaeabxcbebd,7806570518618521277,,174,tz,monday,am to pm,tuesday,am to pm,wednesday,am to pm,thursday,am to pm,friday,am to pm,saturday,am to pm,sunday,am to pm,,,,,,,,,,,,true,true,true,true,true,,,,,,timex,en,19,False,,gbtfbz,true,,,,,false,bag shop,,true,true,true,,,,true,,false,,handbags shop,perfume store,,,,,,,,,,,,,,,,,,,,,,,,,sunglasses store,,,,,,,,,,,,,,,,,,,,,,,,,,,,,,,,,,,,,,,,,,,,,,,,,,,,,,,,,,,,,,,,,,,,,,,,,,,,,,,,,,,,,,,,,,,,,,,,,,,,,,,,,,,,,,,,,
krishna times gifts,,,watch store,electricity bill no wlg vegetable market annamma devi road harsha layout kengeri bengaluru karnataka india,harsha layout kengeri,electricity bill no wlg vegetable market annamma devi road,bengaluru,560060,karnataka,in,,,False,12.9110373,77.4834414,,False,False,chijpaxjyurjsrazmriakaghu,watch store,xbaefdfacaxab,1520668572560472427,,39,tz,monday,am to pm,tuesday,am to pm,wednesday,am to pm,thursday,am to pm,friday,am to pm,saturday,am to pm,sunday,am to pm,,,,,,,,,,,,true,true,true,,,,,,,,timex,en,2,False,,gbyr,true,,true,,,,,,,,,,,,,true,,,,,true,true,,,,,,,,,,,,,,,,,,,,,,,,,,,,,,,,,,,,,,,,,,,,,,,,,,,,,,,,,,,,,,,,,,,,,,,,,,,,,,,,,,,,,,,,,,,,,,,,,,,,,,,,,,,,,,,,,,,,,,,,,,,,,,,,,,,,,,,,
titan show room shree renuka enterprises,ಟೈಟಾನ್ ಶೊ ರೂಮ್ ಶ್ರೀ ರೇಣುಕ ಎಂಟರ್‌ಪ್ರೈಸಸ್,retail and service center selling wristwatches including digital models wall clocks and straps,watch store,beml layout beml layout rd stage rajarajeshwari nagar bengaluru karnataka india,beml layout rd stage rajarajeshwari nagar,beml layout,bengaluru,560098,karnataka,in,,,False,12.9160671,77.5207463,,False,False,chijhyibpagrjsrlwkbmbnemnu,watch store,xbaefaabxbbf,8444887789440008751,,109,tz,monday,am to pm,tuesday,am to pm,wednesday,am to pm,thursday,am to pm,friday,am to pm,saturday,am to pm,sunday,am to pm,,,,,,,,,,,,true,true,true,,,,,,,,timex,en,3,False,,gbtwtplsp,true,true,true,,,false,,,,,,,,,,,false,,,,,,,,,,,,,,,,,,,,,,,,,,,,,,,,,,,,,,,,,,,,,,,,,,,,,,,,,,,,,,,,,,,,,,,,,,,,,,,,,,,,,,,,,,,,,,,,,,,,,,,,,,,,,,,,,,,,,,,,,,,,,,,,,,,,,,,,,,,,,
ramdev times and mobile centre,,,watch store,mahakavi kuvempu rd harsha layout kengeri satellite town bengaluru karnataka india,harsha layout kengeri satellite town,mahakavi kuvempu rd,bengaluru,560060,karnataka,in,,,False,12.9110784,77.4832768,,False,False,chijatzzurjsruibkheotu,watch store,xbaefddadxdaabf,15364668569549490421,,32,tz,monday,am to pm,tuesday,am to pm,wednesday,am to pm,thursday,am to pm,friday,am to pm,saturday,am to pm,sunday,am to pm,,,,,,true,false,,,,true,true,true,,,,,,,,,timex,en,5,False,,gpqyqc,true,,,,,,,,,,,,true,true,,,,,,,true,true,,,,,,,,,,,,,,,,,,,,,,,,,,,,true,,,,,,,,,,,,,,,,,,,,true,,,,,,,,,,,,,,,,,,,,,,,,,,,,,,,,,,,,,,,,,,,,,,,,,,,,,,,,,,,,,,,,,,,,,,,,,,,,,,,,,,,,,,,,
titan fastrack timex,,,,wgcwx jawaharlal nehru rd stage rajarajeshwari nagar bengaluru karnataka india,stage rajarajeshwari nagar,wgcwx jawaharlal nehru rd,bengaluru,560098,karnataka,in,,,True,12.9123654,77.5209829,,False,False,chijkhwqkrjsrlivemiuzdw,,xbaefaadxdccfbc,15881263249735846700,,1,tz,,,,,,,,,,,,,,,,,,,,,,,,,,,,,,,,,,,,timex,en,6,False,,gztsdh,,,,,,,,,,,,,,,,,,,,,,,,,,,,,,,,,,,,,,,,,,,,,,,,,,,,,,,,,,,,,,,,,,,,,,,,,,,,,,,,,,,,,,,,,,,,,,,,,,,,,,,,,,,,,,,,,,,,,,,,,,,,,,,,,,,,,,,,,,,,,,,,,,,,,,,,,,,,,,
titan showroom sri nandi enterprises,,,watch store,no opposite to ksit college kanakapura main rd raghuvanahalli karnataka india,raghuvanahalli bangalore city municipal corporation layout,no opposite to ksit college kanakapura main rd,bengaluru,560109,karnataka,in,,,False,12.8789587,77.5455807,,False,False,chijqibglnbrjsrxfcyeernja,watch store,xbaebxbdfc,10390977851986342085,,190,tz,monday,am to pm,tuesday,am to pm,wednesday,am to pm,thursday,am to pm,friday,am to pm,saturday,am to pm,sunday,am to pm,,,,,,,,,,,,true,,,,,,,,,,timex,en,8,False,,gflzhxv,true,true,,,,false,,,,,,,,,,,,,,,,,true,,,,,,,,,,,,,,,,,,,,,,,,,,,true,,,,,,,,,,,,,,,,,,,,,,,,,,,,,,,,,,,,,,,,,,,,,,,,,,,,,,,,,,,,,,,,,,,,,,,,,,,,,,,,,,,,,,,,,,,,,,,,,,,,,,,,,,,,
udaya times,,,watch store,no beml layout th stage rajarajeshwari nagar bengaluru karnataka india,th stage rajarajeshwari nagar,no beml layout,bengaluru,560098,karnataka,in,,,False,12.912172,77.5209431,,False,False,chijfziwakrjsrllwaqnoo,watch store,xbaefadxaabdaacfede,12266553774612304606,,64,tz,monday,am to pm,tuesday,am to pm,wednesday,am to pm,thursday,am to pm,friday,am to pm,saturday,am to pm,sunday,am to pm,,,,,,,,,,,,true,true,true,true,true,,,,,,timex,en,9,False,,gbzyxcwt,true,,,,,false,,,,,,,,,,,,,,,true,true,,,,,,,,,,,,,,,,,,,,,,,,,,,,,,,,,,,,,,,,,,,,,,,,,,,,,,,,,,,,,,,,,,,,,,,,,,,,,,,,,,,,,,,,,,,,,,,,,,,,,,,,,,,,,,,,,,,,,,,,,,,,,,,,,,,,,,,,
titan world,,,watch store,shop no jawaharlal nehru rd opposite bata showroom beml layout rd stage rajarajeshwari nagar bengaluru karnataka india,beml layout rd stage rajarajeshwari nagar,shop no jawaharlal nehru rd opposite bata showroom,bengaluru,560098,karnataka,in,,,False,12.9181631,77.5203707,,False,False,chijtorverjsrubpiejmhrsg,watch store,xbaeefebfxcbb,2901762452180480953,,120,tz,monday,am to pm,tuesday,am to pm,wednesday,am to pm,thursday,am to pm,friday,am to pm,saturday,am to pm,sunday,am to pm,,,,,,,,,,,,true,true,true,,,,,,,,timex,en,10,False,,gvdt,true,,true,,,,clock and watch maker,,true,true,true,,,,,,,,watch manufacturer,watch repair service,,,,,,,,,,,,,,,,,,,,,,,,,,,,,,,,,,,,,,,,,,,,,,,,,,,,,,,,,,,,,,,,,,,,,,,,,,,,,,,,,,,,,,,,,,,,,,,,,,,,,,,,,,,,,,,,,,,,,,,,,,,,,,,,,,,,,,,,,,
timex,ಟೈಮೆಕ್ಸ್,,watch store,shop no chunchanakatte bengaluru karnataka india,chunchanakatte pnb layout konanakunte,shop no,bengaluru,560062,karnataka,in,,,True,12.8816135,77.5662912,,False,False,chijykdlqvrjsrslvezjr,watch store,xbaeeadcfxfeafcecfcbb,18352108690485828530,,5,tz,monday,am to pm,tuesday,am to pm,wednesday,am to pm,thursday,am to pm,friday,am to pm,saturday,am to pm,sunday,closed,,,,,,,,,,,,,true,,,,,,,,,timex,en,11,False,,gydxcbz,,,,,,,,,,,,,,,,,,,,,,,,,,,,,,,,,,,,,,,,,,,,,,,,,,,,,,,,,,,,,,,,,,,,,,,,,,,,,,,,,,,,,,,,,,,,,,,,,,,,,,,,,,,,,,,,,,,,,,,,,,,,,,,,,,,,,,,,,,,,,,,,,,,,,,,,,,,,,,
sree renukamba times,,,watch store,jawaharlal nehru rd beml layout th stage rajarajeshwari nagar bengaluru karnataka india,beml layout th stage rajarajeshwari nagar,jawaharlal nehru rd,bengaluru,560098,karnataka,in,,,False,12.90844,77.520674,,False,False,chijascdlrjsrcqtdvodejva,watch store,xbaefbdcabbxdebcab,5804371256837122930,,71,tz,monday,am to pm,tuesday,am to pm,wednesday,am to pm,thursday,am to pm,friday,am to pm,saturday,am to pm,sunday,am to pm,,,,,,,,,,,,true,true,true,,,,,,,,timex,en,12,False,,gpcspf,true,,true,,,,,,,,,,,,,,,,,,true,true,,,,,,,,,,,,,,,,,,,,,,,,,,,,,,,,,,,,,,,,,,,,,,,,,,,,,,,,,,,,,,,,,,,,,,,,,,,,,,,,,,,,,,,,,,,,,,,,,,,,,,,,,,,,,,,,,,,,,,,,,,,,,,,,,,,,,,,,
ridhi times,ರಿಧಿ ಟೈಮ್ಸ್,,watch store,uttarahalli main rd sarvabouma nagar chikkalasandra bengaluru karnataka india,sarvabouma nagar chikkalasandra,uttarahalli main rd,bengaluru,560061,karnataka,in,,,False,12.9107927,77.5511664,,False,False,chijjjlarjsrucyzbxm,watch store,xbaefdfeexddccfb,8349041683093622867,,9,tz,monday,am to pm,tuesday,am to pm,wednesday,am to pm,thursday,am to pm,friday,am to pm,saturday,am to pm,sunday,am to pm,,,,,,,,,,,,true,,,,,,,,,,timex,en,14,False,,gblv,,,,,true,false,,,,,,,,,,,,,,,,,true,,,,,,,,,,,,,,,,,,,,,,,,,,,true,,,,,,,,,,,,true,,,,,,,,,,,,,,,,,,,,,,,,,,,,,,,,,,,,,,,,,,,,,,,,,,,,,,,,,,,,,,,,,,,,,,,,,,,,,,,,,,,,,,,,,,,,,,,,
timex,,,watch store,nd floor royal meenakshi mall rd hulimavu bengaluru karnataka india,hulimavu,nd floor royal meenakshi mall rd,bengaluru,560076,karnataka,in,,,False,12.8757228,77.5958428,,False,False,chijfliabrrjsrhlaiutaxi,watch store,xbaebfddxeefe,8214939481103947294,,3,tz,,,,,,,,,,,,,,,,,,,,,,,,,,true,true,true,,,,,,,,timex,en,15,False,,gwpfrcw,,,true,,true,,,,,,,,,,,,,,,,,,,,,,,,,,,,,,,,,,,,,,,,,,,,,,,,,,,,,,,,,,,,,,,,,,,,,,,,,,,,,,,,,,,,,,,,,,,,,,,,,,,,,,,,,,,,,,,,,,,,,,,,,,,,,,,,,,,,,,,,,,,,,,,,,,,,,,,,,
zimson fashion watch store forum south mall,,popular shop selling multibrand watches as well as offering repairs and friendly staff to help with the purchase,watch store,st floor forum south cross metro station no kanakapura main rd anjanadri layout konanakunte bengaluru karnataka india,anjanadri layout konanakunte,st floor forum south cross metro station no kanakapura main rd,bengaluru,560062,karnataka,in,,,False,12.8882569,77.5632892,,False,False,chijvtdqvrjsruofdluwzc,watch store,xbaeddebdxcffddba,4018117918265804730,,40,tz,monday,am to pm,tuesday,am to pm,wednesday,am to pm,thursday,am to pm,friday,am to pm,saturday,am to pm,sunday,am to pm,,,,,,,,,,,,true,true,true,,,,,,,,timex,en,16,False,,gkclh,true,,true,,,,clock repair service,,,,,true,,,,,,,fashion accessories store,jeweler,true,true,,,,,,,,,,,,,,,,,,,,,,,watch repair service,,,,,,,,,,,,,,,,,,,,,,,,,,,,,,,,,,,,,,,,,,,,,,,,,,,,,,,,,,,,,,,,,,,,,,,,,,,,,,,,,,,,,,,,,,,,,,,,,,,,,,,,,,,,,,,,,
zimson swiss watch store forum south mall,,,watch store,cross metro station gf forum south mall anjanadri layout konanakunte bengaluru karnataka india,anjanadri layout konanakunte,cross metro station gf forum south mall,bengaluru,560062,karnataka,in,,,False,12.8884661,77.5632463,,False,False,chijszlhayyvrjsrzcgenncog,watch store,xbaebxdcdeccd,7870254177501628621,,33,tz,monday,am to pm,tuesday,am to pm,wednesday,am to pm,thursday,am to pm,friday,am to pm,saturday,am to pm,sunday,am to pm,true,true,true,true,true,,,,,,,true,true,true,,,,,,,,timex,en,19,False,,gtmsfxx,,,true,,,true,clock repair service,,,,,,,,,,true,,fashion accessories store,jeweler,,,,,,,,,,,,,,,,,,,,,,,,,watch repair service,,,,,,,,,,,,,,,,,,,,,,,,,,,,,,,,,,,,,,,,,,,,,,,,,,,,,,,,,,,,,,,,,,,,,,,,,,,,,,,,,,,,,,,,,,,,,,,,,,,,,,,,,,,,,,,,,
s n times,ಎಸ್ ಎನ್ ಟೈಮ್ಸ್,,watch store,opposite rbi colony no shop no kothnur main rd wilson garden society jp nagar th phase j p nagar bengaluru karnataka india,wilson garden society jp nagar th phase j p nagar,opposite rbi colony no shop no kothnur main rd,bengaluru,560078,karnataka,in,,,False,12.8906504,77.5819828,,False,False,chijtjuyvrjsrsuuwzxtscsq,watch store,xbaefdeedfxcacbbebb,14126222458443852722,,5,tz,monday,am to pm,tuesday,am to pm,wednesday,am to pm,thursday,am to pm,friday,am to pm,saturday,am to pm,sunday,am to pm,,,,,,,,,,,,true,,,,,,,,,,timex,en,22,False,,gqgpcdg,true,,,,,,cell phone store,,,,,,,,,,,,,,,,,,,,,,,,,,,,,,,,,,,,,,,,,,,,,,,,,,,,,,,,true,,,,,,,,,,,,,,,,,,,,,,,,,,,,,,,,,,,,,,,,,,,,,,,,,,,,,,,,,,,,,,,,,,,,,,,,,,,,,,,,,,,,,,,,,,,,,,,
sm electronics watches,ಎಸ್ಎಂ ಎಲೆಕ್ಟ್ರಾನಿಕ್ಸ್ ವಾಚಸ್,,watch store,shop no feet ring rd near circle below union bank of india rose garden jp nagar phase j p nagar bengaluru karnataka india,rose garden jp nagar phase j p nagar,shop no feet ring rd near circle below union bank of india,bengaluru,560078,karnataka,in,,,False,12.9063691,77.5741023,,False,False,chijoswoevrjsrfkxggpg,watch store,xbaefbecaxaffef,12175216646234139007,,6,tz,monday,am to pm,tuesday,am to pm,wednesday,am to pm,thursday,am to pm,friday,to pm,saturday,am to pm,sunday,am to pm,,,,,,,,,,,,true,,,,,,,,,,timex,en,23,False,,gvbbhmn,true,,,,,,watch repair service,,,,,,,,,,,,,,true,,,,,,,,,,,,,,,,,,,,,,,,,,,,,,,,,,,,,,,,,,,,,,,,,,,,,,,,,,,,,,,,,,,,,,,,,,,,,,,,,,,,,,,,,,,,,,,,,,,,,,,,,,,,,,,,,,,,,,,,,,,,,,,,,,,,,,,,,
aadhunick time fashion,ಆಧುನಿಕ್ ಟೈಮ್ ಫ್ಯಾಷನ್,showroom of watches including smart titan and timex brands offering repairs,watch store,shop no th cross kothnur main rd puttenahalli jp nagar th phase j p nagar bengaluru karnataka india,jagruthi colony puttenahalli jp nagar th phase j p nagar,shop no th cross kothnur main rd,bengaluru,560078,karnataka,in,,,False,12.8949223,77.5817981,,False,False,chijlzwjhkevrjsrxwbqooh,watch store,xbaeexfaeaefeec,2279640199686352581,,608,tz,monday,am to pm,tuesday,am to pm,wednesday,am to pm,thursday,am to pm,friday,am to pm,saturday,am to pm,sunday,am to pm,,,,,,,,,,,,true,true,true,,,,,,,,timex,en,24,False,,gydxcbxy,true,,true,,,,,,true,true,true,,,,,,,,,,,,,,,,,,,,,,,,,,,,,,,,,,,,,,,,,,,,,,,,,,,,,,,,,,,,,,,,,,,,,,,,,,,,,,,,,,,,,,,,,,,,,,,,,,,,,,,,,,,,,,,,,,,,,,,,,,,,,,,,,,,,,,,,,,,,,,,,,,,
time n vision,ಟೈಮ್ ಎನ್ ವಿಷನ್,,watch store,nrupathunga nagar jp nagar th phase j p nagar bengaluru karnataka india,nrupathunga nagar jp nagar th phase j p nagar,,bengaluru,560062,karnataka,in,,,False,12.882886,77.583123,,False,False,chijpwpokkvrjsryjzzdwhv,watch store,xbaeefxfddaaccfdc,18292110088963177570,,3,tz,monday,am to pm to pm,tuesday,am to pm to pm,wednesday,am to pm to pm,thursday,am to pm to pm,friday,am to pm to pm,saturday,am to pm to pm,sunday,am to pm to pm,,,,,,,,,,,,true,true,true,,,,,,,,timex,en,28,False,,gthsdcz,true,,true,,,,,,,,,,,,,,,,,,true,,,,,,,,,,,,,,,,,,,,,,,,,,,,,,,,,,,,,,,,,,,,,,,,,,,,,,,,,,,,,,,,,,,,,,,,,,,,,,,,,,,,,,,,,,,,,,,,,,,,,,,,,,,,,,,,,,,,,,,,,,,,,,,,,,,,,,,,,
helios watch store arekere bengaluru,,store featuring titans premium fashion and swiss watches as well as other brands,watch store,site no bannerghatta rd near by indian institute of management bangalore arakere gate arekere bengaluru karnataka india,arakere gate arekere,site no bannerghatta rd near by indian institute of management bangalore,bengaluru,560076,karnataka,in,,,False,12.892319,77.5985265,,False,False,chijjxwsexqvrjsrznrrjroijo,watch store,xbaecxabedda,4189119594600954470,,119,tz,monday,am to pm,tuesday,am to pm,wednesday,am to pm,thursday,am to pm,friday,am to pm,saturday,am to pm,sunday,am to pm,,,,,,,,,,,,true,true,true,true,true,true,,,,,timex,en,31,False,,gtdrrh,true,,,,,,clock repair service,,true,true,true,,,,true,,,,clock and watch maker,watch manufacturer,,,,,,,,,,,,,,,,,,,,,,,,,watch repair service,,,,,,,,,,,,,,true,,,,,,,,,,,,,,,,,,,,,,,,,,,,,,,,,,,,,,,,,,,,,,,,,,,,,,,,,,,,,,,,,,,,,,,,,,,,,,,,,,,,,,,,,,,,,,,,,,,
aadhunick times showroom,,,watch store,kothnur main rd nrupathunga nagar navodaya nagar jp nagar th phase j p nagar bengaluru karnataka india,nrupathunga nagar navodaya nagar jp nagar th phase j p nagar,kothnur main rd,bengaluru,560076,karnataka,in,,,False,12.8832709,77.5832485,,False,False,chijgytmtpqvrjsreniqnehgyi,watch store,xbaefcexecaa,9430924959664468602,,88,tz,monday,am to pm,tuesday,am to pm,wednesday,am to pm,thursday,am to pm,friday,am to pm,saturday,am to pm,sunday,am to pm,,,,,,,,,,,,true,true,true,true,true,,,,,,timex,en,32,False,,gmvtrwff,true,true,,,,,,,,,,,,,true,,,,,,,,,,,,,,,,,,,,,,,,,,,,,,,,,,,,,,,,,,,,,,,,,,,,,,,,,,,,,,,,,,,,,,,,,,,,,,,,,,,,,,,,,,,,,,,,,,,,,,,,,,,,,,,,,,,,,,,,,,,,,,,,,,,,,,,,,,,,,,,
just in time watch boutique,,,watch store,ground floor th main rd sector pwd quarters st sector hsr layout bengaluru karnataka india,sector pwd quarters st sector hsr layout,ground floor th main rd,bengaluru,560102,karnataka,in,,,False,12.919195,77.6517891,,False,False,chijdwncknivrjsrwoctqge,watch store,xbaeddcxeaadefacf,7053950791033054201,,399,tz,monday,am to pm,tuesday,am to pm,wednesday,am to pm,thursday,am to pm,friday,am to pm,saturday,am to pm,sunday,am to pm,,,,,,,,,,,,true,true,true,true,true,,,,,,timex,en,2,False,,gkmqlcd,true,,,,,false,watch repair service,,true,true,true,,,,true,,false,,,,,,,,,,,,,,,,,,,,,,,,,,,,,,,,,,,,,,,,,,,,,,,,,,,,,,,,,,,,,,,,,,,,,,,,,,,,,,,,,,,,,,,,,,,,,,,,,,,,,,,,,,,,,,,,,,,,,,,,,,,,,,,,,,,,,,,,,,,,,
time world,,watch shop offering battery changes and repairs to wristwatches and clocks plus new straps,watch store,shop no akshay nagar near dlf town rd opp union bank bengaluru karnataka india,classic paradise layout devarachikkana halli,shop no akshay nagar near dlf town rd opp union bank,bengaluru,560114,karnataka,in,,,False,12.8761609,77.6171723,,False,False,chijxgnmlrrjsrcwvypzljkq,watch store,xbaebbedecxfcddbb,1121899412131941131,,28,tz,monday,am to pm,tuesday,am to pm,wednesday,am to pm,thursday,am to pm,friday,am to pm,saturday,am to pm,sunday,am to pm,,,,,,,,,,,,true,true,true,,,,,,,,timex,en,3,False,,gptpnmd,true,,true,,,,,,true,true,true,,,,,,,,,,,,,,,,,,,,,,,,,,,,,,,,,,,,,,,,,,,,,,,,,,,,,,,,,,,,,,,,,,,,,,,,,,,,,,,,,,,,,,,,,,,,,,,,,,,,,,,,,,,,,,,,,,,,,,,,,,,,,,,,,,,,,,,,,,,,,,,,,,,
helios watch store hsr layout bengaluru,ಹೆಲಿಯೊಸ್ ವಾಚ್ ಅಂಗಡಿ,specialist store stocking premium fashion swiss and international wristwatches as well as services including repairs and adjustments,watch store,th main rd opposite liberty showroom st sector hsr layout bengaluru karnataka india,st sector hsr layout,th main rd opposite liberty showroom,bengaluru,560102,karnataka,in,,,False,12.9183294,77.6515452,,False,False,chijmqiurjsrownfuylzwu,watch store,xbaefbadxffa,7346876401152099235,,751,tz,monday,am to pm,tuesday,am to pm,wednesday,am to pm,thursday,am to pm,friday,am to pm,saturday,am to pm,sunday,am to pm,true,true,true,true,true,,,,,,,true,true,true,true,true,,,,,,timex,en,4,False,,gswqlws,,,,,,false,clock repair service,,,,,,,,true,,false,,clock and watch maker,watch manufacturer,,,,,,,,,,,,,,,,,,,,,,,,,watch repair service,,,,,,,,,,,,,,,,,,,,,,,,,,,,,,,,,,,,,,,,,,,,,,,,,,,,,,,,,,,,,,,,,,,,,,,,,,,,,,,,,,,,,,,,,,,,,,,,,,,,,,,,,,,,,,,,,
titan world btm layout bengaluru,,watch shop with a wide variety of choices from some of indias most popular brands,watch store,building no c viralam mansion th cross rd beside kotak bank mahadeshwara nagar btm layout nd stage btm layout bengaluru karnataka india,mahadeshwara nagar btm layout nd stage btm layout,building no c viralam mansion th cross rd beside kotak bank,bengaluru,560076,karnataka,in,,,False,12.9137491,77.6087003,,False,False,chijewpoltsvrjsrtkxpsoemzs,watch store,xbaebdebxbbcacb,4295172645476352695,,63,tz,monday,am to pm,tuesday,am to pm,wednesday,am to pm,thursday,am to pm,friday,am to pm,saturday,am to pm,sunday,am to pm,,,,,,,,,,,,true,true,true,,,,,,,,timex,en,5,False,,gvjpblt,true,true,true,,,,,,,,,,,,,,,,,,,,,,,,,,,,,,,,,,,,,,,,,,,,,,,,,,,,,,,,,,,,,,,,,,,,,,,,,,,,,,,,,,,,,,,,,,,,,,,,,,,,,,,,,,,,,,,,,,,,,,,,,,,,,,,,,,,,,,,,,,,,,,,,,,,,,,,,,,,
just in time watch boutique,,,watch store,shop no jk landmark th main rd st sector hsr layout bengaluru karnataka india,st sector hsr layout,shop no jk landmark th main rd,bengaluru,560102,karnataka,in,,,False,12.9159831,77.6515819,,False,False,chijyzkedcvrjsrgafzfopha,watch store,xbaedfcbxecefcb,1170599690915725339,,41,tz,monday,am to pm,tuesday,am to pm,wednesday,am to pm,thursday,am to pm,friday,am to pm,saturday,am to pm,sunday,am to pm,,,,,,,,,,,,true,,,,,,,,,,timex,en,6,False,,gntlyh,,,,,true,,watch repair service,,,,,,,,,,,,,,,,,,,,,,,,,,,,,,,,,,,,,,,,,,,,,,,,,,,,,,,,true,,,,,,,,,,,,,,,,,,,,,,,,,,,,,,,,,,,,,,,,,,,,,,,,,,,,,,,,,,,,,,,,,,,,,,,,,,,,,,,,,,,,,,,,,,,,,,,
helios watch store electronic city bengaluru,ಹೆಲಿಯೋಸ್ ವಾಚ್ ಸ್ಟೋರ್ ಬೈ ಟೈಟಾನ್,,watch store,shop site bearing apartments shop no neeladri rd opposite ajmera infinity doddathoguru electronic city doddathoguru karnataka india,doddathoguru electronic city phase i electronic city,shop site bearing apartments shop no neeladri rd opposite ajmera infinity,doddathoguru,560100,karnataka,in,,,False,12.8414837,77.6478531,,False,False,chijkyzvhrrjsrjckborvtq,watch store,xbaebdxdcaf,15300436343438731151,,229,tz,monday,am to pm,tuesday,am to pm,wednesday,am to pm,thursday,am to pm,friday,am to pm,saturday,am to pm,sunday,am to pm,,,,,,,,,,,,true,true,true,true,true,,,,,,timex,en,8,False,,ghfyn,true,,,,,true,clock repair service,,true,true,true,,true,true,true,,,,clock and watch maker,watch manufacturer,,,,,,,,,,,,,,,,,,,,,,,,,watch repair service,,,,,,,,,,,,,,,,,,,,,,,,,,,,,,,,,,,,,,,,,,,,,,,,,,,,,,,,,,,,,,,,,,,,,,,,,,,,,,,,,,,,,,,,,,,,,,,,,,,,,,,,,,,,,,,,,
just in time watch boutique,,,watch store,m ecity mall ugf plot no next to audi showroom veerasandra industrial area hosur rd phase electronic city hebbagodi karnataka india,btm phase phase ii electronic city,m ecity mall ugf plot no next to audi showroom veerasandra industrial area hosur rd phase electronic city,hebbagodi,560100,karnataka,in,,,False,12.8415186,77.6766547,,False,False,chijmxohsjtrjsrnwlsalfu,watch store,xbaedcfaxcceae,6137422016973022183,,118,tz,monday,am to pm,tuesday,am to pm,wednesday,am to pm,thursday,am to pm,friday,am to pm,saturday,am to pm,sunday,am to pm,,,,,,,,,,,,true,true,true,,,,,,,,timex,en,10,False,,glyrcktbl,true,true,true,,,,watch repair service,,,,,,,,,,,,,,,,,,,,,,,,,,,,,,,,,,,,,,,,,,,,,,,,,,,,,,,,,,,,,,,,,,,,,,,,,,,,,,,,,,,,,,,,,,,,,,,,,,,,,,,,,,,,,,,,,,,,,,,,,,,,,,,,,,,,,,,,,,,,,,,,,,,,,,,
praveen times,,exclusive shop offering watches of various styles plus repairs and customizations,watch store,no maheshwari complex begur rd bommanhalli bommanahalli bengaluru karnataka india,bommanhalli bommanahalli,no maheshwari complex begur rd,bengaluru,560068,karnataka,in,,,False,12.9049186,77.6277009,,False,False,chijecjdtuvrjsrtcksqcabndy,watch store,xbaedeexcb,3905888778122439092,,446,tz,monday,am to pm,tuesday,am to pm,wednesday,am to pm,thursday,am to pm,friday,am to pm,saturday,am to pm,sunday,am to pm,,,,,,,,,,,true,true,true,true,,,,,,,,timex,en,12,False,,grnrpgjf,true,,true,,,,perfume store,true,true,true,true,true,true,true,,true,,,watch manufacturer,watch repair service,,,,,,,,,,,,,,,,,,,,,,,,,,,,,,,,,,,,,,,,,,,,,,,,,,,,,,,,,,,,,,,,,,,,,,,,,,,,,,,,,,,,,,,,,,,,,,,,,,,,,,,,,,,,,,,,,,,,,,,,,,,,,,,,,,,,,,,,,,
time arcade,,,watch store,th main road shanthiketan layout ft road bannerghatta main rd near india post post office arekere bengaluru karnataka india,vysya bank colony shantiniketan layout arekere,th main road shanthiketan layout ft road bannerghatta main rd near india post post office,bengaluru,560076,karnataka,in,,,False,12.8832718,77.6070688,,False,False,chijoyzwsqrjsripljpees,watch store,xbaeacdafexbbeda,7715711348662704522,,253,tz,monday,am to pm,tuesday,am to pm,wednesday,am to pm,thursday,am to pm,friday,am to pm,saturday,am to pm,sunday,am to pm,,,,,,,,,,,true,,true,true,true,true,,,,,,timex,en,13,False,,gbqwy,true,,,,,false,watch repair service,,true,true,true,,,,true,,false,,,,,,,,,,,,,,,,,,,,,,,,,,,,,,,,,,,,,,,,,,,,,,,false,false,,,,,,,,,,,,,,,,,,,,,,,,,,,,,,,,,,,,,,,,,,,,,,,,,,,,,,,,,,,,,,,,,,,,,,,,,,,,,,,,,,,,,,,,,,,,,
helios watch store sarjapur main road bengaluru,,,watch store,shop no plot no sarjapur main rd beside taneira doddakannelli bengaluru karnataka india,doddakannelli,shop no plot no sarjapur main rd beside taneira,bengaluru,560035,karnataka,in,,,False,12.9110451,77.6834167,,False,False,chijxturgqtrjsruqnasyozo,watch store,xbaeabbdxaddfb,11113151245066899385,,51,tz,monday,am to pm,tuesday,am to pm,wednesday,am to pm,thursday,am to pm,friday,am to pm,saturday,am to pm,sunday,am to pm,,,,,,,,,,,,true,true,true,,,,,,,,timex,en,14,False,,gxgyr,true,true,true,,,,,,,,,,,,,,,,,,,,,,,,,,,,,,,,,,,,,,,,,,,,,,,,,,,,,,,,,,,,,,,,,,,,,,,,,,,,,,,,,,,,,,,,,,,,,,,,,,,,,,,,,,,,,,,,,,,,,,,,,,,,,,,,,,,,,,,,,,,,,,,,,,,,,,,,,,,
fastrack store hsr layout bengaluru,,,watch store,th main rd phase agara village st sector hsr layout bengaluru karnataka india,phase agara village st sector hsr layout,th main rd,bengaluru,560102,karnataka,in,,,False,12.9218751,77.6513453,,False,False,chijywxwoiiurjsrhxfteai,watch store,xbaedxadddd,11732792157250875781,,142,tz,monday,am to pm,tuesday,am to pm,wednesday,am to pm,thursday,am to pm,friday,am to pm,saturday,am to pm,sunday,am to pm,,,,,,,,,,,,true,true,true,,,,,,,,timex,en,15,False,,gfnsvd,true,,true,,,false,bag shop,,true,true,true,,,,,true,,,handbags shop,perfume store,,,,,,,,,,,,,,,,,,,,,,,,,sunglasses store,,,,,,,,,,,,,,,,,,,,,,,,,,,,,,,,,,,,,,,,,,,,,,,,,,,,,,,,,,,,,,,,,,,,,,,,,,,,,,,,,,,,,,,,,,,,,,,,,,,,,,,,,,,,,,,,,
sri basaveshwara times,ಶ್ರೀ ಬಸವೇಶ್ವರ ಟೈಮ್ಸ್,,watch store,kudlu main rd near hdfc atm and iciciatm btr gardens aecs layout a block aecs layout singasandra bengaluru karnataka india,btr gardens aecs layout a block aecs layout singasandra,kudlu main rd near hdfc atm and iciciatm,bengaluru,560068,karnataka,in,,,False,12.8899513,77.6476443,,False,False,chijxwvqgurjsrecvxjaah,watch store,xbaeabefffxfdd,18268711207384327440,,12,tz,monday,am to pm,tuesday,am to pm,wednesday,am to pm,thursday,am to pm,friday,am to pm,saturday,am to pm,sunday,am to pm,,,,,,,,,,,,true,,,,,,,,,,timex,en,16,False,,gptyjpdm,,,,,true,,watch repair service,,,,,,,,,,,,,,,,true,,,,,,,,,,,,,,,,,,,,,,,,,,,true,,,,,,,,,,,,,,,,,,,,,,,,,,,,,,,,,,,,,,,,,,,,,,,,,,,,,,,,,,,,,,,,,,,,,,,,,,,,,,,,,,,,,,,,,,,,,,,,,,,,,,,,,,,,
manjunath watch works,ಎಂಪಿ ಟೈಮ್ಸ್ ಎಲ್ಲಾ ರೀತಿಯ ಗಡಿಯಾರಗಳನ್ನು ರಿಪೇರಿ ಮಾಡಿಕೊಡಲಾಗುವುದು,small spot offering watch repair services and a range of timepieces along with batteries,watch store,chikkanayakana halli rd behind doddakanneli bus stop someshwara layout doddakannelli bengaluru karnataka india,someshwara layout doddakannelli,chikkanayakana halli rd behind doddakanneli bus stop,bengaluru,560035,karnataka,in,,,False,12.9067133,77.6953017,,False,False,chijvjzalotrjsrdquemyeejc,watch store,xbaeaabfxdfed,15532778943720326413,,375,tz,monday,am to pm to pm,tuesday,am to pm to pm,wednesday,am to pm to pm,thursday,am to pm to pm,friday,am to pm to pm,saturday,am to pm to pm,sunday,am to pm to pm,,,,,,,,,,,true,true,,,,,,,,,,timex,en,1,False,,gmwrsd,true,true,,,,,watch repair service,,,,,,true,true,,,,,,,,,,,,,,,,,,,,,,,,,,,,,true,,,,,false,,,,,,,,,,,,,,,,,,false,,,true,,,,,false,false,false,true,,,,,,,,,,,,,,,,,,,,,,,,,,,,,,,,,,,,,,,,,,,,,,,,,,,,,,,,,,,,,,,,,,,,,,,,,,,,,,,,,
sri durga times shop,ಶ್ರೀ ದುರ್ಗಾ ಟೈಮ್ಸ್,,watch store,shree durga times watch shop bas stop dommasandra domsandra karnataka india,dommasandra,shree durga times watch shop bas stop,domsandra,562125,karnataka,in,,,False,12.8793536,77.7538898,,False,False,chijecbmqyrjsrypmeaqrhhe,watch store,xbaeaddccxcaeef,8150548901596689248,,91,tz,monday,am to pm,tuesday,am to pm,wednesday,am to pm,thursday,am to pm,friday,am to pm,saturday,am to pm,sunday,am to pm,true,true,true,true,false,,false,,,,,,,,,,,,,,,timex,en,2,False,,gypghl,,,,,,,store,,,,,,,,,,,,,,,,,,,,,,,,,,,,,,,,,,,false,true,,,,,,,,,,,,,,,,,,,,,,,false,,,,,,,,,,,true,true,true,,,,,,,,,,,,,,,,,,,,,,,,,,,,,,,,,,,,,,,,,,,,,,,,,,,,,,,,,,,,,,,,,,,,,,,,,,,,,,,
k r times,ಕೆ ಆರ್ ಟೈಮ್ಸ್,,watch store,th cross rd opp med plus ananth nagar phase shree ananth nagar layout kammasandra electronic city hebbagodi karnataka india,ananth nagar phase shree ananth nagar layout kammasandra electronic city,th cross rd opp med plus,hebbagodi,560100,karnataka,in,,,False,12.8348226,77.6953651,,False,False,chijyjuyvtrjsrilgdaromq,watch store,xbaedbbadffxcfeabda,14191097969605695626,,19,tz,monday,am to pm,tuesday,am to pm,wednesday,am to pm,thursday,am to pm,friday,am to pm,saturday,am to pm,sunday,am to pm,,,,,,,,,,,,true,,,,,,,,,,timex,en,3,False,,gfgmtqhn,,,,,true,false,,,,,,,,,,,,,,,,,true,,,,,,,,,,,,,,,,,,,,,,,,,,,true,,,,,,,,,,,,true,,,,,,,,,,,,,,,,,,,,,,,,,,,,,,,,,,,,,,,,,,,,,,,,,,,,,,,,,,,,,,,,,,,,,,,,,,,,,,,,,,,,,,,,,,,,,,,,
titan watch showroom,,,watch store,no chowdeeshwari towers anekal main road opp rk greenland chandrapura chatrakane venkateshappa layout terracon residency chandapura iggalur bengaluru karnataka india,chandrapura chatrakane venkateshappa layout terracon residency chandapura,no chowdeeshwari towers anekal main road opp rk greenland,iggalur bengaluru,560081,karnataka,in,,,False,12.7956167,77.7064335,,False,False,chijmlffnntrjsryicnhkapf,watch store,xbaeddcfaxecacdc,6790364598492823752,,97,tz,monday,am to pm,tuesday,am to pm,wednesday,am to pm,thursday,am to pm,friday,am to pm,saturday,am to pm,sunday,am to pm,,,,,,,true,,,,true,true,true,true,true,true,,,,,,timex,en,5,False,,gkjpj,true,,,,,,,,,,,true,,,true,,,,,,true,true,,,,,,,,,,,,,,,,,,,,false,,,,,,,,,,,,,,,,,,,,,,,,,,,,,,,,,,,,,,,,,,,,,,,,,,,,,,,,,,,,,,,,,,,,,,,,,,,,,,,,,,,,,,,,,,,,,,,,,,,,,,,,,,,,,,,,,,,,
moon star watch works,ಮೂನ್ ಸ್ಟಾರ್ ವಾಚ್ ವರ್ಕ್ಸ್,,watch store,bagalur sarjapur rd sarjapura karnataka india,sarjapura,bagalur sarjapur rd,sarjapura,562125,karnataka,in,,,False,12.8604744,77.7868707,,False,False,chijhqfwiuzrjsrldykadyfwoo,watch store,xbaefdxeacdadcd,16915526617112304685,,37,tz,monday,am to pm,tuesday,am to pm,wednesday,am to pm,thursday,am to pm,friday,am to pm,saturday,am to pm,sunday,am to pm,,,,,,,,,,,,true,,,,,,,,,,timex,en,7,False,,ghzchqb,,,,,true,,,,,,,,,,,,,,,,,,,,,,,,,,,,,,,,,,,,,,,,,,,,,,,,,,,,,,,,,,,,,,,,,,,,,,,,,,,,,,,,,,,,,,,,,,,,,,,,,,,,,,,,,,,,,,,,,,,,,,,,,,,,,,,,,,,,,,,,,,,,,,,,,,,,,,,,,
mj lokesh watch shop lokesh v,,,watch store,varthur main road nearbst road varthur karnataka india,varthur gunjur,varthur main road nearbst road,bengaluru,560087,karnataka,in,,,False,12.9212493,77.7355056,,False,False,chijujssxtrjsrhjpdxyp,watch store,xbaefbecexdeeedd,11380090581395805060,,12,tz,monday,am to pm,tuesday,am to pm,wednesday,am to pm,thursday,am to pm,friday,am to pm,saturday,am to pm,sunday,am to pm,,,,,,,,,,,,true,,,,,,,,,,timex,en,12,False,,grhyh,true,,,,,,store,,,,,,,,,,,,,,,,,,,,,,,,,,,,,,,,,,,,,,,,,,,,,,,,,,,,,,,,true,,,,,,,,,,,,,,,,,,,,,,,,,,,,,,,,,,,,,,,,,,,,,,,,,,,,,,,,,,,,,,,,,,,,,,,,,,,,,,,,,,,,,,,,,,,,,,,
titan watch store time world,,,watch store,bh roadbinnamangala nalmangala bangalore rural bengaluru karnataka india,sadashiva nagara,bh roadbinnamangala nalmangala bangalore rural bengaluru,nelamangala town,562123,karnataka,in,,,False,13.086512,77.4136162,,False,False,chijwuqalrjsrldteofeci,watch store,xbaefbxfce,2454608323955342996,,125,tz,monday,am to pm,tuesday,am to pm,wednesday,am to pm,thursday,am to pm,friday,am to pm,saturday,am to pm,sunday,am to pm,,,,,,,,,,,,true,true,true,true,true,,,,,,timex,en,1,False,,gvrjvbx,true,,,,,,watch repair service,,,,,,,,true,,,,,,true,true,,,,,,,,,,,,,,,,,,,,,,,,,,,,,,,,,,,,,,,,,,,,,,,,,,,,,,,,,,,,,,,,,,,,,,,,,,,,,,,,,,,,,,,,,,,,,,,,,,,,,,,,,,,,,,,,,,,,,,,,,,,,,,,,,,,,,,,,
mathrushree time centre,ಮಾತೃಶ್ರೀ ಟೈಮ್ ಸೆಂಟರ್,,watch store,bagalagunte main rd defence colony mei employees housing colony bengaluru karnataka india,defence colony mei employees housing colony,bagalagunte main rd,bengaluru,560073,karnataka,in,,,False,13.0564221,77.5067492,,False,False,chijxojpijrjsrtdyjuwopzn,watch store,xbaedacacxdceabdd,9065369345714673229,,16,tz,monday,am to pm,tuesday,am to pm,wednesday,am to pm,thursday,am to pm,friday,am to pm,saturday,am to pm,sunday,am to pm,,,,,,,,,,,,true,true,true,,,,,,,,timex,en,2,False,,gtdtkp,,,true,,,false,,,,,,,,,,true,false,,,,,,,,true,,,,,,,,,,,,,,,,,,,,,,,,,,,,,,,,,,,,,,,,,,,,,,,,,,,,,,,,,,,,,,,,,,,,,,,,,,,,,,,,,,,,,,,,,,,,,,,,,,,,,,,,,,,,,,,,,,,,,,,,,,,,,,,,,,,,,
sri renuka timestitan,ಶ್ರೀ ರೇಣುಕ ಟೈಮ್ಸ್ಟೈಟಾನ್,,watch store,hessarghatta main road pipeline road oppositevaghdevi college chikkabanavara thammenahalli village chikkabanavara karnataka india,guddahalli thammenahalli village,hessarghatta main road pipeline road oppositevaghdevi college chikkabanavara,chikkabanavara,560090,karnataka,in,,,True,13.0751495,77.5013787,,False,False,chijmechdjrjsreszdyxmio,watch store,xbaedbxadcdee,9957513574753693203,,13,tz,monday,am to pm,tuesday,am to pm,wednesday,am to pm,thursday,am to pm,friday,am to pm,saturday,am to pm,sunday,am to pm,,,,,,,,,,,,true,true,true,,,,,,,,timex,en,5,False,,gfnkp,true,,,,,,,,,,,,,,,,,,,,,,,,,,,,,,,,,,,,,,,,,,,,,,,,,,,,,,,,,,,,,,,,,,,,,,,,,,,,,,,,,,,,,,,,,,,,,,,,,,,,,,,,,,,,,,,,,,,,,,,,,,,,,,,,,,,,,,,,,,,,,,,,,,,,,,,,,,,,,
magic pot,,,watch store,nd cross rd bhuvaneshwari nagar t dasarahalli bengaluru karnataka india,bhuvaneshwari nagar t dasarahalli,nd cross rd,bengaluru,560057,karnataka,in,,,False,13.0545049,77.5077196,,False,False,chijxrnodhjrjsrikacqrxfag,watch store,xbaededxaddaab,12141097297526174243,,149,tz,monday,am to pm,tuesday,am to pm,wednesday,am to pm,thursday,am to pm,friday,am to pm to pm,saturday,am to pm,sunday,am to pm,,,,,,,,,,,,true,,,,,,,,,,timex,en,17,False,,gkjgnvx,true,,,,,,,,,,,,,,,,,,,,true,,,,,,,,,,,,,,,,,,,,,,,,,false,false,,,true,,,,,,,,,,,,,,,,,,,,,,,,,,,,,,true,,,,,,,,,,,,,,,,,,,,,,,,,,,,,,,,,,,,,,,,,,,,,,,,,,,,,,,,,,,,,,,,,,,,,,,,,,,,,,
sri manjunatha times,ಶ್ರೀ ಮಂಜುನಾಥ ಟೈಮ್ಸ್,,watch store,ground floor krishna reddy building hosur rd near black board show room konappana agrahara electronic city konappana agrahara karnataka india,konappana agrahara electronic city,ground floor krishna reddy building hosur rd near black board show room,konappana agrahara,560100,karnataka,in,,,False,12.8551768,77.6685621,,False,False,chijqhsvzsrjsroesttwhljdk,watch store,xbaeccxcbdba,4117639578088852384,,4,tz,monday,am to pm to pm,tuesday,am to pm to pm,wednesday,am to pm to pm,thursday,am to pm to pm,friday,am to pm to pm,saturday,am to pm to pm,sunday,am to pm to pm,,,,,,,,,,,,true,,,,,,,,,,timex,en,23,False,,gtsstb,true,true,,,,,,,,,,,,,,,,,,,,,true,,,,,,,,,,,,,,,,,,,,,,,,,,,,,,,,,,,,,,,,,,,,,,,,,,,,,,,,,,,,,,,,,,,,,,,,,,,,,,,,,,,,,,,,,,,,,,,,,,,,,,,,,,,,,,,,,,,,,,,,,,,,,,,,,,,,,,,
the watch care center,,watches and sunglasses on display as well as repair service offered at this small shop,watch store,her tower th main rd garden layout sector hsr layout bengaluru karnataka india,garden layout sector hsr layout,her tower th main rd,bengaluru,560102,karnataka,in,,,False,12.9083605,77.6491661,,False,False,chijbwfpwurjsryjlgzclpvk,watch store,xbaecfffdxabaeca,6459581985875902154,,67,tz,monday,am to pm,tuesday,am to pm,wednesday,am to pm,thursday,am to pm,friday,am to pm,saturday,am to pm,sunday,am to pm,,,,,,,,,,,,true,true,true,,,,,,,,timex,en,24,False,,gcpkbg,true,true,true,,,false,,,,,,,,,,,false,,,,,,,,,,,,,,,,,,,,,,,,,,,,,,,,,,,,,,,,,,,,,,,,,,,,,,,,,,,,,,,,,,,,,,,,,,,,,,,,,,,,,,,,,,,,,,,,,,,,,,,,,,,,,,,,,,,,,,,,,,,,,,,,,,,,,,,,,,,,,
bangalore time center,,,computer store,hosur rd chennakeshava nagar hosa road pragathi nagar electronic city bengaluru karnataka india,chennakeshava nagar hosa road pragathi nagar electronic city,hosur rd,bengaluru,560100,karnataka,in,,,False,12.8705042,77.6552653,,False,False,chijrfrhsrjsrpbbertni,computer store,xbaecabffadxfdbdbea,17453539539717660324,,19,tz,,,,,,,,,,,,,,,,,,,,,,,,,,true,,,,,,,,,,timex,en,26,False,,gyhsqdkl,true,true,,,,false,watch repair service,,,,,,,,,,,,,,,,true,,,,,,,,,,,,,,,,,,,,,,,,,,,true,,,,,,,,,,,,true,,,,,,,,,,,,,,,,,,,,,,,,,,,,,,,,,,,,,,,,,,,,,,,,,,,,,,,,,,,,,,,,,,,,,,,,,,,,,,,,,,,,,,,,,,,,,,,,
veeresh times,,,watch store,hebbagodi bhavani main road narayana reddy building men road hebbagodi karnataka india,hebbagodi,hebbagodi bhavani main road narayana reddy building men road,hebbagodi,560099,karnataka,in,,,False,12.8261626,77.6800108,,False,False,chijnwalqztrjsrzspzzxzpzq,watch store,xbaedaedfxadffdc,3794240037031887718,,36,tz,monday,am to pm,tuesday,am to pm,wednesday,am to pm,thursday,am to pm,friday,am to pm,saturday,am to pm,sunday,am to pm,,,,,,,,,,,,true,true,true,,,,,,,,timex,en,34,False,,gnsyfh,true,,true,,,,,,,,,,,,,true,,,,,,,,,,,,,,,,,,,,,,,,,,,,,,,,,,,,,,,,,,,,,,,,,,,,,,,,,,,,,,,,,,,,,,,,,,,,,,,,,,,,,,,,,,,,,,,,,,,,,,,,,,,,,,,,,,,,,,,,,,,,,,,,,,,,,,,,,,,,,,
modern times,,,watch repair service,no d hosa rd opp to hdfc bank kasavanahalli c s b layout valliyamma layout bengaluru karnataka india,kasavanahalli c s b layout valliyamma layout,no d hosa rd opp to hdfc bank,bengaluru,560035,karnataka,in,,,True,12.9077624,77.6757063,,False,False,chijdtymtrjsrwnskyfxlq,watch repair service,xbaedfadbdxbdbedbc,13030164009163086784,,42,tz,,,,,,,,,,,,,,,,,,,,,,,,,,,,,,,,,,,,timex,en,35,False,,gkpzgd,,,,,true,false,,,,,,,,,,,false,,,,,,,,,,,,,,,,,,,,,,,,,,,,,,,,,,,,,,,,,,,,,,,,,,,,,,,,,,,,,,,,,,,,,,,,,,,,,,,,,,,,,,,,,,,,,,,,,,,,,,,,,,,,,,,,,,,,,,,,,,,,,,,,,,,,,,,,,,,,,
watch repair,,,watch store,hsr neryar ajeneya tempal sri lakshmi venkateswarapooja store sector th main road garoaden layout sector hsr layout urban bengaluru karnataka india,garden layout sector urban,hsr neryar ajeneya tempal sri lakshmi venkateswarapooja store sector th main road garoaden layout sector hsr layout,bengaluru,560102,karnataka,in,,,True,12.907843,77.6491134,,False,False,chijgtahwurjsrdrcrabsqb,watch store,xbaecfdxbfacd,13810688480713514357,,6,tz,monday,am to pm,tuesday,am to pm,wednesday,am to pm,thursday,am to pm,friday,am to pm,saturday,am to pm,sunday,am to pm,,,,,,,,,,,,true,,,,,,,,,,timex,en,36,False,,gtplqz,,,,,,,,,,,,,,,,,,,,,,,,,,,,,,,,,,,,,,,,,,,,,,,,,,,,,,,,,,,,,,,,,,,,,,,,,,,,,,,,,,,,,,,,,,,,,,,,,,,,,,,,,,,,,,,,,,,,,,,,,,,,,,,,,,,,,,,,,,,,,,,,,,,,,,,,,,,,,,
kyzo building materials delivery electronic city,,,plywood supplier,khidki wholesale survey no doddanagamangala village lake road post electronic city doddanagamangala village karnataka india,electronic city,khidki wholesale survey no doddanagamangala village lake road post,doddanagamangala village,560100,karnataka,in,,,False,12.865876,77.6756268,,False,False,chijbzcfrtrjsrynishcuzkk,plywood supplier,xbaedfffbcfxaecb,5289106609665496011,,19983,tz,monday,am to pm,tuesday,am to pm,wednesday,am to pm,thursday,am to pm,friday,am to pm,saturday,am to pm,sunday,closed,,,,,,,,true,,,true,,,,,,,,,,,timex,en,38,False,,gsclv,,,,,,,adhesives and glue supplier,true,,,,,,,,,,,building materials market,building materials supplier,,true,,,,,,monday,open hours,tuesday,open hours,wednesday,open hours,thursday,open hours,friday,open hours,saturday,open hours,sunday,open hours,,,,distribution service,,,,,,,,,,,,,,,door supplier,hardware store,,,,,,,,,,,,,,,,,,,,laminating equipment supplier,wood supplier,woodworking supply store,monday,am– pm,tuesday,am– pm,wednesday,am– pm,thursday,am– pm,friday,am– pm,saturday,am– pm,sunday,am– pm,monday,am– pm,tuesday,am– pm,wednesday,am– pm,thursday,am– pm,friday,am– pm,saturday,am– pm,sunday,am– pm,true,true,,,,,,,,,,,,,,,,,,,,,,,,,,,,,,,,,,,,,,,,,,,,,
ambe mobiles world,,,cell phone store,no muniswamy building near arya bakery bommasandra industrial area bommasandra karnataka india,bommasandra industrial area,no muniswamy building near arya bakery,bommasandra,560099,karnataka,in,,,False,12.8167734,77.6985849,,False,False,chijzayqnbtrjsrrxttwomo,cell phone store,xbaedfaaxababdcf,7681918538042121465,,18,tz,monday,am to pm,tuesday,am to pm,wednesday,am to pm,thursday,am to pm,friday,am to pm,saturday,am to pm,sunday,am to pm,true,true,true,true,true,,,,,,true,true,true,true,true,true,,,,,,timex,en,39,False,,gvrqb,,,,,,,,,,,,,,,true,,,,,,,,,,,,true,,,,,,,,,,,,,,,,,,,,,,,,true,,,,,,,,,,,,,,,,,,,,,,,,,,,,,,,,,,,,,,,,,,,,,,,,,,,,,,,,,,,,,,,true,true,true,,,,,,,,,,,,,,,,,,,,,,,,,,,,,,,,,,,,,,,,,,
kyzo building materials delivery singasandra,,,plywood supplier,vmgvq khidki homes head office warehouse aecs layout a block yellama layout singasandra bengaluru karnataka india,aecs layout a block yellama layout singasandra,vmgvq khidki homes head office warehouse,bengaluru,560068,karnataka,in,,,False,12.8751875,77.6521875,,False,False,chijcasurjsrqsmwdxuhr,plywood supplier,xbaefbbcfdxdefcaa,2153038471190987690,,19948,tz,monday,open hours,tuesday,open hours,wednesday,open hours,thursday,open hours,friday,open hours,saturday,open hours,sunday,open hours,,,,,,,,,,,true,,,,,,,,,,,timex,en,40,False,,gqbjd,,,,,,,adhesives and glue supplier,,,,,,,,,,,,building materials market,cash and carry wholesaler,,true,,,,,,monday,am– pm,tuesday,am– pm,wednesday,am– pm,thursday,am– pm,friday,am– pm,saturday,am– pm,sunday,am– pm,,,,construction material wholesaler,,,,,,,,,,,,,,,door supplier,furniture accessories supplier,,,,,,,,,,,,,,,,,,,,hardware store,laminating equipment supplier,wood and laminate flooring supplier,,,,,,,,,,,,,,,,,,,,,,,,,,,,,true,true,,,,,,,,,,,,,,,,,,,,,,,,,,,,,,,,,,,,,,,,,,,,,
closed,ಕ್ಲೋಸ್ಡ್,,watch store,lower ground floor th main rd st sector hsr layout bengaluru karnataka india,st sector hsr layout,lower ground floor th main rd,bengaluru,560102,karnataka,in,,,False,12.9174188,77.6516278,,False,True,chijpszkqurjsretvwzzejqu,watch store,xbaeceebaxaeffb,11929542356664072977,,43,tz,,,,,,,,,,,,,,,,,,,,,,,,,,,,,,,,,,,,timex,en,41,False,,gdlk,true,true,,,,,,,,,,,,,,,,,,,,,,,,,,,,,,,,,,,,,,,,,,,,,,,,,,,,,,,,,,,,,,,,,,,,,,,,,,,,,,,,,,,,,,,,,,,,,,,,,,,,,,,,,,,,,,,,,,,,,,,,,,,,,,,,,,,,,,,,,,,,,,,,,,,,,,,,,,,,
timex world,टायमेक्स,,watch store,jangali maharaj rd opp modern high school shivajinagar pune maharashtra india,shivajinagar,jangali maharaj rd opp modern high school,pune,411005,maharashtra,in,,,False,18.524014,73.849213,,False,False,chijxxtfnzawjsrhtgdzcjeli,watch store,xbcccbcxfdeccd,8228039998251938181,,71,tz,monday,am to pm,tuesday,am to pm,wednesday,am to pm,thursday,am to pm,friday,am to pm,saturday,am to pm,sunday,am to pm,,,,,,,,,,,,true,true,true,,,,,,,,timex,en,1,False,,gtjmcc,true,true,true,,,false,,,,,,,,,,,,,,,,,,,,,,,,,,,,,,,,,,,,,,,,,,,,,,,,,,,,,,,,,,,,,,,,,,,,,,,,,,,,,,,,,,,,,,,,,,,,,,,,,,,,,,,,,,,,,,,,,,,,,,,,,,,,,,,,,,,,,,,,,,,,,,,,,,,,,,,,
just in time watch boutique,जस्ट इन टाइम,,watch store,shop no rainbow plaza plot no jangali maharaj rd opp modern school shivajinagar pune maharashtra india,shivajinagar,shop no rainbow plaza plot no jangali maharaj rd opp modern school,pune,411005,maharashtra,in,,,False,18.5243631,73.8494197,,False,False,chijhymdbhzawjsrgixckomw,watch store,xbccccdxccacefdbd,14715664404057263488,,330,tz,monday,am to pm,tuesday,am to pm,wednesday,am to pm,thursday,am to pm,friday,am to pm,saturday,am to pm,sunday,am to pm,,,,,,,,,,,,true,true,true,true,true,,,,,,timex,en,2,False,,gddxwzq,true,,,,,false,watch repair service,,true,true,true,,,,true,,,,,,,,,,,,,,,,,,,,,,,,,,,,,,,,,,,,,,,,,,,,,,,,,,,,,,,,,,,,,,,,,,,,,,,,,,,,,,,,,,,,,,,,,,,,,,,,,,,,,,,,,,,,,,,,,,,,,,,,,,,,,,,,,,,,,,,,,,,,,,,
sharda times,शारदा टाइम्स,,watch store,shop no eiffel square tilak rd opp badshahi boarding ramashram society perugate sadashiv peth pune maharashtra india,ramashram society perugate sadashiv peth,shop no eiffel square tilak rd opp badshahi boarding,pune,411030,maharashtra,in,,,False,18.5088653,73.8490485,,False,False,chijydjzhbwjsrhahbqogehsi,watch store,xbccdccexde,2458126367171086468,,19,tz,monday,am to pm,tuesday,am to pm,wednesday,am to pm,thursday,am to pm,friday,am to pm,saturday,am to pm,sunday,am to pm,,,,,,,,,,,,true,,,,,,,,,,timex,en,3,False,,gwmwdfjpb,,,,,true,,,,,,,,,,,,,,,,,,,,,,,,,,,,,,,,,,,,,,,,,,,,,,,,,,,,,,,,,,,,,,,,,,,,,,,,,,,,,,,,,,,,,,,,,,,,,,,,,,,,,,,,,,,,,,,,,,,,,,,,,,,,,,,,,,,,,,,,,,,,,,,,,,,,,,,,,
titan world mg road pune,टाइटन वर्ल्ड एमजी रोड पुणे,chain of shops offering a variety of timepieces including smart watches plus fitness trackers,watch store,shop no shanhira building mg road near canara bank camp pune maharashtra india,camp,shop no shanhira building mg road near canara bank,pune,411001,maharashtra,in,,,False,18.5154491,73.8789216,,False,False,chijrcyouawjsrujrhidylvbi,watch store,xbccfxbacba,12850358789431440570,,370,tz,monday,am to pm,tuesday,am to pm,wednesday,am to pm,thursday,am to pm,friday,am to pm,saturday,am to pm,sunday,am to pm,,,,,,,,true,true,true,,true,true,true,true,true,,,,,,timex,en,4,False,,gfrqqsg,true,,,,,false,clock and watch maker,,true,true,true,,,,,,false,,watch manufacturer,watch repair service,,,,,,,,,,,,,,,,,,,,,,,,,,,,,,,,,,,,,,,,,,,,,,,,,,,,,,,,,,,,,,,,,,,,,,,,,,,,,,,,,,,,,,,,,,,,,,,,,,,,,,,,,,,,,,,,,,,,,,,,,,,,,,,,,,,,,,,,,,
tarkar watch company,तारकर वॉच कंपनी,,watch store,near shop no kshitij apartments lane number dahanukar colony kothrud pune maharashtra india,dahanukar colony kothrud,near shop no kshitij apartments lane number,pune,411038,maharashtra,in,,,False,18.4953141,73.8123892,,False,False,chijbsjdsswjsrxgefdzhlu,watch store,xbcbfceedxeeeccac,6192134187579498844,,57,tz,monday,am to pm to pm,tuesday,am to pm to pm,wednesday,am to pm to pm,thursday,am to pm to pm,friday,am to pm to pm,saturday,am to pm to pm,sunday,closed,,,,,,,,,,,,true,true,true,,,,,,,,timex,en,5,False,,gvykzy,true,true,true,,,false,,,,,,,,,,true,,,,,,,,,,,,,,,,,,,,,,,,,,,,,,,,,,,,,,,,,,,,,,,,,,,,,,,,,,,,,,,,,,,,,,,,,,,,,,,,,,,,,,,,,,,,,,,,,,,,,,,,,,,,,,,,,,,,,,,,,,,,,,,,,,,,,,,,,,,,,,
helios watch store satara road pune,हेलिओस वॉच स्टोर बाय टायटन,premium fashion and swiss watches from international brands eg tissot fossil victorinox,watch store,survey no b landmark centre shop no plot no satara rd opposite city pride theater pune maharashtra india,adinath society theater parvati paytha,survey no b landmark centre shop no plot no satara rd opposite city pride,pune,411009,maharashtra,in,,,False,18.4885907,73.8571708,,False,False,chijqvrdjbwjsrgslwfvva,watch store,xbccdfdbxffeebbb,17318204715679069211,,36,tz,monday,am to pm,tuesday,am to pm,wednesday,am to pm,thursday,am to pm,friday,am to pm,saturday,am to pm,sunday,am to pm,,,,,,,,,,,,true,true,true,true,true,,,,,,timex,en,6,False,,gtfcwt,true,,,,,,clock repair service,,true,true,true,,,,,,,,clock and watch maker,watch manufacturer,,,,,,,,,,,,,,,,,,,,,,,,,watch repair service,,,,,,,,,,,,,,,,,,,,,,,,,,,,,,,,,,,,,,,,,,,,,,,,,,,,,,,,,,,,,,,,,,,,,,,,,,,,,,,,,,,,,,,,,,,,,,,,,,,,,,,,,,,,,,,,,
just in time watch boutique,जस्ट इन टाइम वॉच बुटीक,,watch store,gf unit not lokmat bhavan jm road p jangali maharaj rd opp sambhaji park shivajinagar pune maharashtra india,shivajinagar,gf unit not lokmat bhavan jm road p jangali maharaj rd opp sambhaji park,pune,411004,maharashtra,in,,,False,18.5208665,73.8463152,,False,False,chijwxrpbfbwjsrosiodulc,watch store,xbccbddecxbfcedad,13257522245288141369,,69,tz,monday,am to pm,tuesday,am to pm,wednesday,am to pm,thursday,am to pm,friday,am to pm,saturday,am to pm,sunday,am to pm,,,,,,,,,,,,true,true,true,,,,,,,,timex,en,7,False,,gxywht,true,true,true,,,,watch repair service,,,,,,,,,,,,,,,,,,,,,,,,,,,,,,,,,,,,,,,,,,,,,,,,,,,,,,,,,,,,,,,,,,,,,,,,,,,,,,,,,,,,,,,,,,,,,,,,,,,,,,,,,,,,,,,,,,,,,,,,,,,,,,,,,,,,,,,,,,,,,,,,,,,,,,,
timex,टाइम्स,,watch store,shop no gvgrvc sgs mall wellesley road division camp pune maharashtra india,division camp,shop no gvgrvc sgs mall wellesley road,pune,411001,maharashtra,in,,,False,18.5204189,73.8769926,,False,False,chijialtqrawjsrtfbzbswhqgw,watch store,xbccaabdaxcadfb,7800411736727875765,,1,tz,,,,,,,,,,,,,,,,,,,,,,,,,,true,true,true,,,,,,,,timex,en,8,False,,gtxzmsnb,,,,,,,,,,,,,,,,,,,,,,,,,,,,,,,,,,,,,,,,,,,,,,,,,,,,,,,,,,,,,,,,,,,,,,,,,,,,,,,,,,,,,,,,,,,,,,,,,,,,,,,,,,,,,,,,,,,,,,,,,,,,,,,,,,,,,,,,,,,,,,,,,,,,,,,,,,,,,,
just in time watch boutique,जस्ट इन् टाईम वॉच बुटीक,store stocking a wide selection of luxury timepieces including sports styles plus a repair service,watch store,mg road near bata chowk camp pune maharashtra india,camp,mg road near bata chowk,pune,411001,maharashtra,in,,,False,18.51259,73.8786462,,False,False,chijdqaaaevawjsrxrduzjwna,watch store,xbccbxededd,1023678967625029469,,179,tz,monday,am to pm,tuesday,am to pm,wednesday,am to pm,thursday,am to pm,friday,am to pm,saturday,am to pm,sunday,am to pm,,,,,,,,,,,,true,true,true,true,true,,,,,,timex,en,9,False,,ghmwklt,true,,,,,,watch repair service,,true,true,true,,,,true,,,,,,,,,,,,,,,,,,,,,,,,,,,,,,,,,,,,,,,,,,,,,,,,,,,,,,,,,,,,,,,,,,,,,,,,,,,,,,,,,,,,,,,,,,,,,,,,,,,,,,,,,,,,,,,,,,,,,,,,,,,,,,,,,,,,,,,,,,,,,,,
just in time watch boutique,जस्ट इन टाइम वॉच स्टोअर,,watch store,shop no survey no b plot no satara rd opposite city pride adinath society theater parvati paytha pune maharashtra india,adinath society theater parvati paytha,shop no survey no b plot no satara rd opposite city pride,pune,411009,maharashtra,in,,,False,18.4886418,73.8569014,,False,False,chijuevpbbwjsrlksxttwdww,watch store,xbccfeeexcdfcbb,927463607534439318,,348,tz,monday,am to pm,tuesday,am to pm,wednesday,am to pm,thursday,am to pm,friday,am to pm,saturday,am to pm,sunday,am to pm,,,,,,,,,,,,true,true,true,,,,,,,,timex,en,10,False,,gylnrz,true,true,true,,,,watch repair service,,,,,,,,,,,,,,,,,,,,,,,,,,,,,,,,,,,,,,,,,,,,,,,,,,,,,,,,,,,,,,,,,,,,,,,,,,,,,,,,,,,,,,,,,,,,,,,,,,,,,,,,,,,,,,,,,,,,,,,,,,,,,,,,,,,,,,,,,,,,,,,,,,,,,,,
c t pundole sons j m road,सी टी पुंडोले सन्स जे एम रोड,,watch store,jangali maharaj rd shivajinagar pune maharashtra india,shivajinagar,jangali maharaj rd,pune,411005,maharashtra,in,,,False,18.523977,73.849217,,False,False,chijgiwdxzawjsrlmchgfzeno,watch store,xbcccdxafc,8796221622547103892,,218,tz,monday,am to pm,tuesday,am to pm,wednesday,am to pm,thursday,am to pm,friday,am to pm,saturday,am to pm,sunday,am to pm,,,,,,,,true,true,true,true,true,true,true,,,,,,,,timex,en,11,False,,gjmcmmnxv,true,,true,,,,watch repair service,,,,,,,,,true,,,,,true,true,,,,,,monday,am– pm,tuesday,am– pm,wednesday,am– pm,thursday,am– pm,friday,am– pm,saturday,am– pm,sunday,am– pm,,,,,true,true,,,,,,,,,,,,,,,,,,,,,,,,,,,,,,,,,,,,,,,,,,,,,,,,,,,,,,,,,,,,,,,,,,,,,,,,,,,,,,,,,,,,,,,,,,,,,,,,,,,,,,,,,,,,,,,
geeta watch,गीता वॉच,branded wristwatches and smartwatches as well as wall clocks plus friendly staff,watch store,shop no panchratna palace sinhgad rd opp abhiruchi mall road wadgaon budruk narhe pune maharashtra india,wadgaon budruk narhe,shop no panchratna palace sinhgad rd opp abhiruchi mall road,pune,411068,maharashtra,in,,,False,18.4628435,73.8146812,,False,False,chijlyycguvwjsrqkxwmdi,watch store,xbcbdcxdfbbdbafa,15136522933833609128,,316,tz,monday,am to pm,tuesday,am to pm,wednesday,am to pm,thursday,am to pm,friday,am to pm,saturday,am to pm,sunday,am to pm,,,,,,,,,,,,true,true,true,,,,,,,,timex,en,12,False,,gqfymcv,true,,true,,,false,clock repair service,,,,,,,,,true,false,,clock and watch maker,watch manufacturer,true,true,,,,,,,,,,,,,,,,,,,,,,,watch repair service,,,,,,,,,,,,,,,,,,,,,,,,,,,,,,,,,,,,,,,,,,,,,,,,,,,,,,,,,,,,,,,,,,,,,,,,,,,,,,,,,,,,,,,,,,,,,,,,,,,,,,,,,,,,,,,,,
inn time nx,इन टाइम नक्स,,watch store,lokamanya nagar perugate sadashiv peth pune maharashtra india,lokamanya nagar perugate sadashiv peth,,pune,411030,maharashtra,in,,,False,18.5086897,73.8493129,,False,False,chijxcpawjsrwdpqwgouxs,watch store,xbccdeffxbeaedb,1969074012204630235,,5,tz,monday,closed,tuesday,am to pm,wednesday,am to pm,thursday,am to pm,friday,am to pm,saturday,am to pm,sunday,am to pm,,,,,,,,,,,,true,true,true,,,,,,,,timex,en,13,False,,gpptxzdb,,,,,,,,,,,,,,,,,,,,,,,,,,,,,,,,,,,,,,,,,,,,,,,,,,,,,,,,,,,,,,,,,,,,,,,,,,,,,,,,,,,,,,,,,,,,,,,,,,,,,,,,,,,,,,,,,,,,,,,,,,,,,,,,,,,,,,,,,,,,,,,,,,,,,,,,,,,,,,
ankur times,अंकुर टाइम्स,,watch store,shop no vaibhav complex hadapsar gaon hadapsar pune maharashtra india,hadapsar gaon hadapsar,shop no vaibhav complex,pune,411028,maharashtra,in,,,False,18.5016697,73.9299926,,False,False,chijnyvfbwjsrylowjiksdqw,watch store,xbccfdddfxacaca,12427140189717420746,,7,tz,monday,am to pm,tuesday,am to pm,wednesday,am to pm,thursday,am to pm,friday,am to pm,saturday,am to pm,sunday,am to pm,,,,,,,,,,,,true,true,true,,,,,,,,timex,en,24,False,,gcslk,true,true,true,,,,,,,,,,,,,true,,,,,,,,,,,,,,,,,,,,,,,,,,,,,,,,,,,,,,,,,,,,,,,,,,,,,,,,,,,,,,,,,,,,,,,,,,,,,,,,,,,,,,,,,,,,,,,,,,,,,,,,,,,,,,,,,,,,,,,,,,,,,,,,,,,,,,,,,,,,,,
world time,वर्ल्ड टाईम,,watch store,shop no paud road vishnupuri apartmentground floor near durga coffee shop kothrud pune maharashtra india,rambaug colony kothrud,shop no paud road vishnupuri apartmentground floor near durga coffee shop,pune,411038,maharashtra,in,,,False,18.5104921,73.8165781,,False,False,chijywxfpxawjsruwtjxdnzs,watch store,xbccacxbddaf,11184088952792630611,,27,tz,monday,closed,tuesday,am to pm,wednesday,am to pm,thursday,am to pm,friday,am to pm,saturday,am to pm,sunday,am to pm,,,,,,,,,,,,true,true,true,,,,,,,,timex,en,26,False,,gtsbkl,true,true,true,,,false,watch repair service,,,,,,,,,true,,,,,,,,,,,,,,,,,,,,,,,,,,,,,,,,,,,,,,,,,,,,,,,,,,,,,,,,,,,,,,,,,,,,,,,,,,,,,,,,,,,,,,,,,,,,,,,,,,,,,,,,,,,,,,,,,,,,,,,,,,,,,,,,,,,,,,,,,,,,,,
c t pundole sons,सी टी पुंडोले सन्स,enduring familyowned shop on levels offering wall clocks luxury brand wristwatches,watch store,mg road camp pune maharashtra india,camp,mg road,pune,411001,maharashtra,in,,,False,18.5123037,73.8787078,,False,False,chijthkjawjsrxrttuqa,watch store,xbccffxfdbebbf,10305098882436806131,,483,tz,monday,am to pm,tuesday,am to pm,wednesday,am to pm,thursday,am to pm,friday,am to pm,saturday,am to pm,sunday,am to pm,,,,,,true,,true,true,true,,true,true,true,true,true,,,,,,timex,en,29,False,,gxxytkh,true,,,,,,clock repair service,,true,true,true,,,,,,,,watch repair service,,,,,,,,,monday,am– pm,tuesday,am– pm,wednesday,am– pm,thursday,am– pm,friday,am– pm,saturday,am– pm,sunday,am– pm,,,,,,,false,,,,,,,,,,,,,,,,,,,,,true,,,,,false,false,,,,,,,,,,,,,,,,,,,,,,,,,,,,,,,,,,,,,,,,,,,,,,,,,,,,,,,,,,,,,,,,,,,,,,,,,,,,,,,,,,,
the titan shop,थे टाइटन शॉप,,watch store,rajyog enterprises bhandarkar rd near hdfc bank shreeman society deccan gymkhana pune maharashtra india,shreeman society deccan gymkhana,rajyog enterprises bhandarkar rd near hdfc bank,pune,411004,maharashtra,in,,,True,18.5182851,73.8356741,,False,False,chijzaacwjsrxbkjxzbmns,watch store,xbcbffffcffxdbdbcabfc,15794365219432218565,,73,tz,monday,am to pm,tuesday,am to pm,wednesday,am to pm,thursday,am to pm,friday,am to pm,saturday,am to pm,sunday,am to pm,,,,,,,,,,,,true,true,true,,,,,,,,timex,en,31,False,,gmssyz,,true,true,,,,,,,,,,,,,,,,,,,,,,true,,,,,,,,,,,,,,,,,,,,,,,,,,,,,,,,,,,,,,,,,,,,,,,,,,,,,,,,,,,,,,,,,,,,,,,,,,,,,,,,,,,,,,,,,,,,,,,,,,,,,,,,,,,,,,,,,,,,,,,,,,,,,,,,,,,,,
shubh times,शुभ टाइम्स,,watch store,shop no butte patil complex opp chatrapati sambhaji maharaj bridge deccan gymkhana pune maharashtra india,deccan gymkhana,shop no butte patil complex opp chatrapati sambhaji maharaj bridge,pune,411004,maharashtra,in,,,False,18.5204341,73.8459504,,False,False,chijaqrxicwjsrqigmgltoj,watch store,xbcbfcbxfda,11473011764789414056,,131,tz,monday,am to pm,tuesday,am to pm,wednesday,am to pm,thursday,am to pm,friday,am to pm,saturday,am to pm,sunday,am to pm,,,,,,,,true,true,true,,true,true,true,true,true,,,,,,timex,en,32,False,,gpkfqskzp,true,,,,,,perfume store,,true,true,true,,,,true,,,,smart shop,sunglasses store,,,,,,,,monday,am– pm,tuesday,am– pm,wednesday,am– pm,thursday,am– pm,friday,am– pm,saturday,am– pm,sunday,am– pm,,,,watch repair service,,,,,,,,,,,,,,,,,,,,,,,,,,,,,,,,,,,,,,,,,,,,,,,,,,,,,,,,,,,,,,,,,,,,,,,,,,,,,,,,,,,,,,,,,,,,,,,,,,,,,,,,,,,,,,,,,
helios watch store seasons mall pune,हीलियस वॉच स्टोर सीजन्स मॉल पुणे,,watch store,ground floor seasons mall shop no g ga opposite amanora town centre magarpatta pune maharashtra india,magarpatta hadapsar,ground floor seasons mall shop no g ga opposite amanora town centre,pune,411013,maharashtra,in,,,False,18.5188795,73.9307811,,False,False,chijzfjnbwjsrgntrmshdwlo,watch store,xbcceefdxacdbdb,6539892036104608640,,36,tz,monday,am to pm,tuesday,am to pm,wednesday,am to pm,thursday,am to pm,friday,am to pm,saturday,am to pm,sunday,am to pm,,,,,,,,,,,,true,true,true,,,,,,,,timex,en,33,False,,gwvlft,true,true,true,,,,watch manufacturer,,,,,true,,,,,,,watch repair service,,,,,,,,,,,,,,,,,,,,,,,,,,,,,,,,,,,,,,,,,,,,,,,,,,,,,,,,,,,,,,,,,,,,,,,,,,,,,,,,,,,,,,,,,,,,,,,,,,,,,,,,,,,,,,,,,,,,,,,,,,,,,,,,,,,,,,,,,,,
hidustan watch company,हिदुस्तान वॉच कंपनी,,watch store,kakakuwa mansion budhwar peth laxmi rd ganpati chowk pune maharashtra india,tulshibaug ganpati chowk,kakakuwa mansion budhwar peth laxmi rd,pune,411002,maharashtra,in,,,False,18.5146776,73.8546034,,False,False,chijphfdnlawjsrbhqdxlngae,watch store,xbccedffxacdfbe,11608534995928552558,,58,tz,monday,am to pm,tuesday,am to pm,wednesday,am to pm,thursday,am to pm,friday,am to pm,saturday,am to pm,sunday,am to pm,,,,,,,,,,,,true,true,true,,,,,,,,timex,en,34,False,,gtffmszr,true,true,true,,,,watch repair service,,,,,,,,,true,,,,,,,,,,,,,,,,,,,,,,,,,,,,,,,,,,,,,,,,,,,,,,,,,,,,,,,,,,,,,,,,,,,,,,,,,,,,,,,,,,,,,,,,,,,,,,,,,,,,,,,,,,,,,,,,,,,,,,,,,,,,,,,,,,,,,,,,,,,,,,
the time shop,द टाइम शॉप,,watch store,shop no kumar plaza mahatma gandhi road next to wonderland mahatma gandhi road pune maharashtra india,hulshur camp,shop no kumar plaza mahatma gandhi road next to wonderland mahatma gandhi road,pune,411001,maharashtra,in,,,False,18.516114,73.879378,,False,False,chijzdzuuawjsrazghuoac,watch store,xbccfbfefxaeff,12049720440437315585,,53,tz,monday,am to pm to pm,tuesday,am to pm to pm,wednesday,am to pm to pm,thursday,am to pm to pm,friday,am to pm to pm,saturday,am to pm to pm,sunday,closed,,,,,,,,,,,,true,true,true,,,,,,,,timex,en,35,False,,gtdfgn,true,,true,,,,watch repair service,,,,,,,,,true,,,,,true,true,,,,,,,,,,,,,,,,,,,,,,,,,,,,,,,,,,,,,,,,,,,,,,,,,,,,,,,,,,,,,,,,,,,,,,,,,,,,,,,,,,,,,,,,,,,,,,,,,,,,,,,,,,,,,,,,,,,,,,,,,,,,,,,,,,,,,,,,
titan time n time,टायटन टाइम एन् टाइम,,clock and watch maker,shop no chordiya residency gangadham shatrunjay rd arihant society sainagar kondhwa budruk pune maharashtra india,arihant society sainagar kondhwa budruk,shop no chordiya residency gangadham shatrunjay rd,pune,411048,maharashtra,in,,,True,18.4571083,73.878279,,False,False,chijphmwdrwjsrxtsxhccw,clock and watch maker,xbcebcfbxccfcffdbc,14731833010332031942,,42,tz,monday,am to pm,tuesday,am to pm,wednesday,am to pm,thursday,am to pm,friday,am to pm,saturday,am to pm,sunday,am to pm,,,,,,,,,,,,,,,,,,,,,,timex,en,36,False,,gxsnnjmb,,,,,true,,,,,,,,,,,,,,,,,,,,,,,,,,,,,,,,,,,,,,,,,,,,,,,,,,,,,,,,,,,,,,,,,,,,,,,,,,,,,,,,,,,,,,,,,,,,,,,,,,,,,,,,,,,,,,,,,,,,,,,,,,,,,,,,,,,,,,,,,,,,,,,,,,,,,,,,,
c t pundole sons laxmi road,सी टी पुंडोले सन्स लक्ष्मी रोड,,watch store,laxmi rd opp city post office budhwar peth pune maharashtra india,budhwar peth,laxmi rd opp city post office,pune,411002,maharashtra,in,,,False,18.5159169,73.8570575,,False,False,chijpysawjsrrtaidgrpoc,watch store,xbccfbaaxeaabecdae,16691654349843648686,,46,tz,monday,am to pm,tuesday,am to pm,wednesday,am to pm,thursday,am to pm,friday,am to pm,saturday,am to pm,sunday,am to pm,,,,,,,,true,true,true,true,true,true,true,,,,,,,,timex,en,38,False,,gtmkjdf,true,,true,,,,,,,,,,,,,true,,,,,true,true,,,,,,monday,am– pm,tuesday,am– pm,wednesday,am– pm,thursday,am– pm,friday,am– pm,saturday,am– pm,sunday,am– pm,,,,,true,true,,,,,,,,,,,,,,,,,,,,,,,,,,,,,,,,,,,,,,,,,,,,,,,,,,,,,,,,,,,,,,,,,,,,,,,,,,,,,,,,,,,,,,,,,,,,,,,,,,,,,,,,,,,,,,,
c t pundole sons sinhgad road,सी टी पुंडोले सन्स सिंहगड रोड,,watch store,shop no opppsite pl deshpande garden shree vishnu complex sinhgad rd sarita vihar dattawadi pune maharashtra india,sarita vihar dattawadi,shop no opppsite pl deshpande garden shree vishnu complex sinhgad rd,pune,411030,maharashtra,in,,,False,18.493908,73.8356874,,False,False,chijdorpcwjsrawzkgdwzra,watch store,xbcbffacbdaexdafba,15037434721435543145,,78,tz,monday,am to pm,tuesday,am to pm,wednesday,am to pm,thursday,am to pm,friday,am to pm,saturday,am to pm,sunday,am to pm,,,,,,,,,,,,true,true,true,,,,,,,,timex,en,39,False,,gmlvn,true,,true,,,,store,,true,true,true,,,,,true,,,,,,,,,,,,monday,am– pm,tuesday,am– pm,wednesday,am– pm,thursday,am– pm,friday,am– pm,saturday,am– pm,sunday,am– pm,,,,,true,true,,,,,,,,,,,,,,,,,,,,,,,,,,,,,,,,,,,,,,,,,,,,,,,,,,,,,,,,,,,,,,,,,,,,,,,,,,,,,,,,,,,,,,,,,,,,,,,,,,,,,,,,,,,,,,,
titan wanowarie by timetotime,titan watch sales and service,,watch repair service,by time to time watches titan showroom salunke vihar rd salunkhe vihar society wanowrie pune maharashtra india,salunkhe vihar society wanowrie,by time to time watches titan showroom salunke vihar rd,pune,411040,maharashtra,in,,,False,18.4812418,73.9028113,,False,False,chijmzxfadrwjsrieqcnclqr,watch repair service,xbcebbxeaa,10252279801939380872,,130,tz,monday,am to pm,tuesday,am to pm,wednesday,am to pm,thursday,am to pm,friday,am to pm,saturday,am to pm,sunday,am to pm,,,,,,,,,,,,,,,,,,,,,,timex,en,40,False,,gmmkjs,,,,,true,,,,,,,,,,,,,,,,,,,,,,,,,,,,,,,,,,,,,,,,,,,,,,true,true,,,,,,,,,,,,,,,true,true,,,,,,,,,,,,,,,,,,,,,,,,,,,,,,,,,,,,,,,,,,,,,,,,,,,,,,,,,,,,,,,,,,,,,,,,,,,,,,,,,,,,,,,,,,
c t pundole sons paud road,सी टी पुंडोले सन्स पौड रोड,longstanding reputable watch retailer carrying brands from luxury to budget,watch store,shop no c next to marathe jewellers paud rd rambaug colony kothrud pune maharashtra india,rambaug colony kothrud,shop no c next to marathe jewellers paud rd,pune,411038,maharashtra,in,,,False,18.5106765,73.8192569,,False,False,chijvaxofjawjsrlcocnakry,watch store,xbcbfceaxdbfac,15440520550866363180,,101,tz,monday,am to pm,tuesday,am to pm,wednesday,am to pm,thursday,am to pm,friday,am to pm,saturday,am to pm,sunday,am to pm,,,,,,,,true,true,true,true,true,true,true,true,true,,,,,,timex,en,41,False,,gmmh,true,,,,,,,,,,,,,,true,,,,,,true,true,,,,,,monday,am– pm,tuesday,am– pm,wednesday,am– pm,thursday,am– pm,friday,am– pm,saturday,am– pm,sunday,am– pm,,,,,true,true,,,,,,,,,,,,,,,,,,,,,,,,,,,,,,,,,,,,,,,,,,,,,,,,,,,,,,,,,,,,,,,,,,,,,,,,,,,,,,,,,,,,,,,,,,,,,,,,,,,,,,,,,,,,,,,
raj time square,राज टाइम स्क्वायर,,watch store,shop no sunshreed nibm post office rd nibm kondhwa pune maharashtra india,nibm kondhwa,shop no sunshreed nibm post office rd,pune,411048,maharashtra,in,,,False,18.4777157,73.9039003,,False,False,chijfdvrewrrwjsrnqpeffps,watch store,xbcebaebdbdxbeefb,11236023334471291959,,112,tz,monday,am to pm,tuesday,am to pm,wednesday,am to pm,thursday,am to pm,friday,am to pm,saturday,am to pm,sunday,am to pm,,,,,,,,,,,true,true,true,true,true,true,true,true,,,,timex,en,43,False,,gyvtsqgnq,,,,,,true,antique store,true,,,,,true,true,true,,true,,bag shop,clock repair service,true,true,,,,,,,,,,,,,,,,,,,,true,,,perfume store,,,,,,,,true,,,,,,,,,,,,,,,,,,,true,,,,,,,,,,,,,,,,,,,,,,,,,,,,,,,,,,,,,,,,,,,,,,,,,,,,,,,,,,,,,,,,,,,,,,,,,,,,,,,,,,,,,,
satyam watch company,सत्यम वॉच कंपनी,,watch store,gvpjx daruwala pool devaji baba chowk kasba peth pune maharashtra india,kasba peth,gvpjx daruwala pool devaji baba chowk,pune,411011,maharashtra,in,,,True,18.5193641,73.8615993,,False,False,chijzqqamhawjsrumtqsizy,watch store,xbccaaaaacfxbdd,10837639875204563795,,4,tz,monday,am to pm,tuesday,am to pm,wednesday,am to pm,thursday,am to pm,friday,am to pm,saturday,am to pm,sunday,am to pm,,,,,,,,,,,,true,,,,,,,,,,timex,en,44,False,,gbxfhd,,,,,,,,,,,,,,,,,,,,,,,,,,,,,,,,,,,,,,,,,,,,,,,,,,,,,,,,,,,,,,,,,,,,,,,,,,,,,,,,,,,,,,,,,,,,,,,,,,,,,,,,,,,,,,,,,,,,,,,,,,,,,,,,,,,,,,,,,,,,,,,,,,,,,,,,,,,,,,
sweety watch house,स्विटी वॉच हाउस,,watch store,shop no patang plaza trimurti chowk medical college rd shriram nagar katraj pune maharashtra india,shriram nagar katraj,shop no patang plaza trimurti chowk medical college rd,pune,411046,maharashtra,in,,,False,18.4570192,73.8505379,,False,False,chijbzsjrwjsrfjorpxwfk,watch store,xbcebdbfefxcbccfbac,6467305182067399292,,21,tz,monday,am to pm,tuesday,am to pm,wednesday,am to pm,thursday,am to pm,friday,am to pm,saturday,am to pm,sunday,am to pm,,,,,,,,,,,,true,,,,,,,,,,timex,en,45,False,,gfkpnsly,,,,,true,,,,,,,,,,,,,,,,,,,,,,,,,,,,,,,,,,,,,,,,,,,,,,,,,,,,,,,,,,,,,,,,,,,,,,,,,,,,,,,,,,,,,,,,,,,,,,,,,,,,,,,,,,,,,,,,,,,,,,,,,,,,,,,,,,,,,,,,,,,,,,,,,,,,,,,,,
shree time world,श्री टाइम वर्ल्ड,,watch store,shop no sitaee nagar dhayari pune maharashtra india,sitaee nagar dhayari,shop no,pune,411041,maharashtra,in,,,True,18.4552501,73.8116814,,False,False,chijsynzxovwjsrkhrlfnqe,watch store,xbceebxecddd,136741140779059414,,2,tz,monday,am to pm,tuesday,am to pm,wednesday,am to pm,thursday,am to pm,friday,am to pm,saturday,am to pm,sunday,am to pm,,,,,,,,,,,,true,,,,,,,,,,timex,en,46,False,,gsbqlh,true,,,,,,,,,,,,,,,,,,,,,,,,,,,,,,,,,,,,,,,,,,,,,,,,,,,,,,,,,,,,,,true,,,,,,,,,,,,,,,,,,,,,,,,,,,,,,,,,,,,,,,,,,,,,,,,,,,,,,,,,,,,,,,,,,,,,,,,,,,,,,,,,,,,,,,,,,,,,,,
the time factory,द टाइम फॅक्टरी,,watch store,b moledina rd gawaliwada camp pune maharashtra india,gawaliwada camp,b moledina rd,pune,411001,maharashtra,in,,,True,18.5195047,73.8772118,,False,True,chijqdmuawjsrcoyuvszbs,watch store,xbccffbfdaxbbcdecbbbbee,13532732334053453320,,1,tz,,,,,,,,,,,,,,,,,,,,,,,,,,,,,,,,,,,,timex,en,47,False,,gtfpyj,,,,,,,,,,,,,,,,,,,,,,,,,,,,,,,,,,,,,,,,,,,,,,,,,,,,,,,,,,,,,,,,,,,,,,,,,,,,,,,,,,,,,,,,,,,,,,,,,,,,,,,,,,,,,,,,,,,,,,,,,,,,,,,,,,,,,,,,,,,,,,,,,,,,,,,,,,,,,,
just in time watch boutique,जस्ट इन टाइम वॉच बुटीक,,watch store,block ground floor amanora mall wbgf west near amnora mall amanora park town hadapsar pune maharashtra india,amanora park town hadapsar,block ground floor amanora mall wbgf west near amnora mall,pune,411028,maharashtra,in,,,False,18.5186598,73.933859,,False,False,chijvzywnbbwjsryczfiiu,watch store,xbccebdxdccfcec,9592724783774355145,,128,tz,monday,am to pm,tuesday,am to pm,wednesday,am to pm,thursday,am to pm,friday,am to pm,saturday,am to pm,sunday,am to pm,,,,,,,,,,,,true,true,true,,,,,,,,timex,en,1,False,,gvmxfkt,true,true,true,,,,watch repair service,,,,,,,,,,,,,,,,,,,,,,,,,,,,,,,,,,,,,,,,,,,,,,,,,,,,,,,,,,,,,,,,,,,,,,,,,,,,,,,,,,,,,,,,,,,,,,,,,,,,,,,,,,,,,,,,,,,,,,,,,,,,,,,,,,,,,,,,,,,,,,,,,,,,,,,
prajakta watch company,प्राजक्ता वॉच कंपनी,,watch store,stno drpatel building hadapsar pune maharashtra india,utkarsh nagar hadapsar,stno drpatel building,pune,411028,maharashtra,in,,,True,18.5003488,73.9403212,,False,False,chijucqpcwjsrylebllmq,watch store,xbccdeexccbeff,14165170233395863394,,7,tz,monday,am to pm,tuesday,am to pm,wednesday,am to pm,thursday,am to pm,friday,am to pm,saturday,am to pm,sunday,am to pm,,,,,,,,,,,,true,true,true,,,,,,,,timex,en,13,False,,gyfdqyf,true,,,,,,,,,,,,,,,,,,,,,,,,,,,,,,,,,,,,,,,,,,,,,,,,,,,,,,,,,,,,,,,,,,,,,,,,,,,,,,,,,,,,,,,,,,,,,,,,,,,,,,,,,,,,,,,,,,,,,,,,,,,,,,,,,,,,,,,,,,,,,,,,,,,,,,,,,,,,,
modern times,मॉडर्न टाइम्स,,watch store,shop no sunshree gold e nibm post office rd salunkhe vihar society kondhwa pune maharashtra india,salunkhe vihar society kondhwa,shop no sunshree gold e nibm post office rd,pune,411048,maharashtra,in,,,False,18.4778624,73.9050255,,False,False,chijfhaazxrwjsrifjahpdifq,watch store,xbcebcffdxec,8365403943227906184,,19,tz,monday,am to pm,tuesday,am to pm,wednesday,am to pm,thursday,am to pm,friday,am to pm,saturday,am to pm,sunday,am to pm,,,,,,,,,,,,true,,,,,,,,,,timex,en,14,False,,gmgrvdcd,,,,,true,,,,,,,,,,,,,,,,,,true,,,,,,,,,,,,,,,,,,,,,,,,,,,true,,,,,,,,,,,,,,,,,,,,,,,,,,,,,,,,,,,,,,,,,,,,,,,,,,,,,,,,,,,,,,,,,,,,,,,,,,,,,,,,,,,,,,,,,,,,,,,,,,,,,,,,,,,,
raj time square,राज टाइम स्क्वायर,,watch store,shop no lower ground majestic shree siddhivinayak meera undri pune maharashtra india,shree siddhivinayak meera undri,shop no lower ground majestic,pune,411060,maharashtra,in,,,False,18.4462692,73.9172669,,False,False,chijylagarwjsrhyptoow,watch store,xbcebfbcbxcaeabcf,10133824077567458544,,109,tz,monday,am to pm,tuesday,am to pm,wednesday,am to pm,thursday,am to pm,friday,am to pm,saturday,am to pm,sunday,am to pm,,,,,,,,,,,,true,,,,,,,,,,timex,en,15,False,,gkfdl,,,,,,,,,,,,,,,,,,,,,,,,,,,,,,,,,,,,,,,,,,,,,,,,,,,,,,,,,,,,,,,true,,,,,,,,,,,,,,,,,,,,,,,,,,,,,,,,,,,,,,,,,,,,,,,,,,,,,,,,,,,,,,,,,,,,,,,,,,,,,,,,,,,,,,,,,,,,,,,
krishna times,कृष्णा टाईम्स,,watch store,kale colony shop no b savitri shopping complex sasane nagar rd pune maharashtra india,sasane nagar hadapsar,kale colony shop no b savitri shopping complex sasane nagar rd,pune,411028,maharashtra,in,,,False,18.4952257,73.9329216,,False,False,chijzqtdypbwjsricqsyulcuvs,watch store,xbccfecccdxbccaca,6580254122672138888,,7,tz,monday,am to pm,tuesday,am to pm,wednesday,am to pm,thursday,am to pm,friday,am to pm,saturday,am to pm,sunday,am to pm,,,,,,,,,,,,true,true,true,,,,,,,,timex,en,17,False,,gjktln,,,true,,,,,,,,,,,,,,,,,,,,,,,,,,,,,,,,,,,,,,,,,,,,,,,,,,,,,,,,,,,,,,,,,,,,,,,,,,,,,,,,,,,,,,,,,,,,,,,,,,,,,,,,,,,,,,,,,,,,,,,,,,,,,,,,,,,,,,,,,,,,,,,,,,,,,,,,,,,
standard watch company pune,स्टैंडर्ड वॉच कंपनी पुणे,,watch store,no bld no lane salunke vihar rd borade nagar wanowrie pune maharashtra india,borade nagar wanowrie,no bld no lane salunke vihar rd,pune,411040,maharashtra,in,,,False,18.4834625,73.8943392,,False,False,chijscekjawjsrydnosgyny,watch store,xbcceaedbxbeed,7365551574305657697,,76,tz,monday,closed,tuesday,am to pm,wednesday,closed,thursday,am to pm,friday,closed,saturday,am to pm,sunday,closed,,,,,,,,true,true,true,,,,,,,,,,,,timex,en,18,False,,gtdwkt,true,,,,,,,,true,true,true,,,,,,,,,,,,,,,,,,,,,,,,,,,,,,,,,,,,,false,,true,,,,,,,,,,,,,,,,false,,,,,,,,false,false,false,,,,true,,,,,,,,,,,,,,,,,,,,,,,,,,,,,,,,,,,,,,,,,,,,,,,,,,,,,,,,,,,,,,,,,,,,,,,,,,,,,,
just in time watch boutique,जस्ट इन टाइम वॉच बुटीक,,watch store,s no phoenix marketcity unit no upper ground floor viman nagar pune maharashtra india,clover park viman nagar,s no phoenix marketcity unit no upper ground floor,pune,411014,maharashtra,in,,,False,18.562254,73.9166943,,False,False,chijglbwjsrybkigtiu,watch store,xbccddexebbfcad,2688291782135523027,,210,tz,monday,am to pm,tuesday,am to pm,wednesday,am to pm,thursday,am to pm,friday,am to pm,saturday,am to pm,sunday,am to pm,,,,,,,,,,,,true,true,true,true,true,,,,,,timex,en,19,False,,gpzwkz,true,,,,,,watch repair service,,true,true,true,,,,true,,,,,,,,,,,,,,,,,,,,,,,,,,,,,,,,,,,,,,,,,,,,,,,,,,,,,,,,,,,,,,,,,,,,,,,,,,,,,,,,,,,,,,,,,,,,,,,,,,,,,,,,,,,,,,,,,,,,,,,,,,,,,,,,,,,,,,,,,,,,,,,
world of titan,वर्ल्ड ऑफ टायटन,,watch store,shop no vaibhav complex national highway hadapsar gaon hadapsar pune maharashtra india,hadapsar gaon hadapsar,shop no vaibhav complex national highway,pune,411028,maharashtra,in,,,True,18.5014573,73.9303011,,False,False,chijrvnbwjsrwwmyjgxhlti,watch store,xbccffefcfaffxdee,15145290421408785241,,27,tz,monday,am to pm,tuesday,am to pm,wednesday,am to pm,thursday,am to pm,friday,am to pm,saturday,am to pm,sunday,am to pm,,,,,,,,,,,,true,true,true,,,,,,,,timex,en,20,False,,gylmvs,true,true,true,,,,,,,,,,,,,,,,,,,,,,,,,,,,,,,,,,,,,,,,,,,,,,,,,,,,,,,,,,,,,,,,,,,,,,,,,,,,,,,,,,,,,,,,,,,,,,,,,,,,,,,,,,,,,,,,,,,,,,,,,,,,,,,,,,,,,,,,,,,,,,,,,,,,,,,,,,,
titan world phoenix marketcity pune,टाइटन वर्ल्ड फीनिक्स मार्केटसिटी पुणे,,watch store,shop no phoenix market city opposite puma clover park viman nagar pune maharashtra india,clover park viman nagar,shop no phoenix market city opposite puma,pune,411014,maharashtra,in,,,False,18.56162,73.91734,,False,False,chijpxnqkfdbwjsruydewmxew,watch store,xbccfeaaxeceddecd,17072468241699171538,,150,tz,monday,am to pm,tuesday,am to pm,wednesday,am to pm,thursday,am to pm,friday,am to pm,saturday,am to pm,sunday,am to pm,,,,,,,,,,,,true,true,true,,,,,,,,timex,en,2,False,,gzzlmm,true,,true,,,true,clock and watch maker,,true,true,true,,,,,,true,,watch manufacturer,watch repair service,,,,,,,,,,,,,,,,,,,,,,,,,,,,,,,,,,,,,,,,,,,,,,,,,,,,,,,,,,,,,,,,,,,,,,,,,,,,,,,,,,,,,,,,,,,,,,,,,,,,,,,,,,,,,,,,,,,,,,,,,,,,,,,,,,,,,,,,,,
titan store kharadi authorized service center,टाइटन स्टोर खराड़ी ऑथराइज्ड सर्विस सेंटर,,watch store,tulja bhavani nagar service rd kharadi pune maharashtra india,tulaja bhawani nagar kharadi,tulja bhavani nagar service rd,pune,411014,maharashtra,in,,,False,18.5665841,73.9462478,,False,False,chijmyqprdwjsrtwcakpsqwh,watch store,xbccafdxecafbb,9133347302512025781,,61,tz,monday,am to pm,tuesday,am to pm,wednesday,am to pm,thursday,am to pm,friday,am to pm,saturday,am to pm,sunday,am to pm,,,,,,,,,,,,true,true,true,,,true,,,,,timex,en,4,False,,gyksfbl,,,true,,true,,,,,,,,,,,,,,,,,,,,,,true,,,,,,,,,,,,,,,,,,,,,,,,,,,,,,,,,,,,,,,,,,,,,,,,,,,,,,,,,,,,,,,,,,,,,,,,,,,,,,,,,,,,,,,,,,,,,,,,,,,,,,,,,,,,,,,,,,,,,,,,,,,,,,,,,,,
prathmesh watch co,प्रथमेश वॉच को,,watch store,kasturba a kasturba housing society vishrantwadi pune maharashtra india,kasturba a kasturba housing society vishrantwadi,,pune,411015,maharashtra,in,,,False,18.572714,73.881225,,False,False,chijynpawjsrlrsngkynkao,watch store,xbccddbfddxaaacd,12261515407542523029,,18,tz,monday,am to pm,tuesday,am to pm,wednesday,am to pm,thursday,am to pm,friday,am to pm,saturday,am to pm,sunday,am to pm,,,,,,,,,,,,true,,,,,,,,,,timex,en,5,False,,ghkcny,true,true,true,,,,,,,,,,,,,true,,,,,,,true,,,,,,,,,,,,,,,,,,,,true,,,,,,,,,,,,,,,,,,,,,,,,,,,,,,,,,,,,,,,,,,,,,,,,,,,,,,,,,,,,,,,,,,,,,,,,,,,,,,,,,,,,,,,,,,,,,,,,,,,,,,,,,,,,,,,,,,,
pooja watch titan showrooms,पूजा वॉच टाइटन शोरूम्स,,watch store,shivaji statue ke pass pune nagar rd wageshwar nagar wagholi pune maharashtra india,wageshwar nagar wagholi,shivaji statue ke pass pune nagar rd,pune,412207,maharashtra,in,,,False,18.5806807,73.9826768,,False,False,chijsqecoldwjsrtrzbogtmtyu,watch store,xbccefdxbbacbcb,9634719176245492918,,123,tz,monday,am to pm,tuesday,am to pm,wednesday,am to pm,thursday,am to pm,friday,am to pm,saturday,am to pm,sunday,am to pm,,,,,,,,,,,,true,true,true,true,true,,true,,,,timex,en,8,False,,gcmvrk,true,,,,,true,repair service,true,,,,,true,,true,,true,,,,true,true,,,,,,,,,,,,,,,,,,,,,,,,,,,true,,true,,true,,,,,,,,,,,,,,,,,,,,,,,,,,,,,,,,,,,,,,,,,,,,,,,,,,,,,,,,,,,,,,,,,,,,,,,,,,,,,,,,,,,,,,,,,,,,,,,,,,,,,,,,,
manish watch,मनीष वॉच,local watch shop also fixing clocks and carrying batteries for cars and blood pressure gauges,watch store,dhanori rd near police chowki opp aaditya wine shop parande nagar dhanori pune maharashtra india,parande nagar dhanori,dhanori rd near police chowki opp aaditya wine shop,pune,411015,maharashtra,in,,,False,18.5960753,73.8951317,,False,False,chijiulobvphwjsrvienhkryy,watch store,xbccxecbabce,3371977254759204951,,20,tz,monday,am to pm to pm,tuesday,am to pm to pm,wednesday,am to pm to pm,thursday,am to pm to pm,friday,am to pm to pm,saturday,am to pm to pm,sunday,am to pm to pm,,,,,,,,,,,,true,,,,,,,,,,timex,en,10,False,,ghzfph,,,,,true,,watch repair service,,,,,,,,,,,,,,,,,,,,,,,,,,,,,,,,,,,,,,,,,,,,,,,,,,,,,,,,,,,,,,,,,,,,,,,,,,,,,,,,,,,,,,,,,,,,,,,,,,,,,,,,,,,,,,,,,,,,,,,,,,,,,,,,,,,,,,,,,,,,,,,,,,,,,,,
vansh watch shop center repairing,वंश वॉच शॉप सेंटर रिपेयरिंग,,watch store,shop no complex d p rd kharadi pune maharashtra india,tulaja bhawani nagar kharadi,shop no complex d p rd,pune,411014,maharashtra,in,,,False,18.5597923,73.9496772,,False,False,chijzfnksldwjsrjueuwafi,watch store,xbcccdfxfddbfdaeee,17500354175424194446,,10,tz,monday,am to pm,tuesday,am to pm,wednesday,am to pm,thursday,am to pm,friday,am to pm,saturday,am to pm,sunday,am to pm,,,,,,,,,,,,true,,,,,,,,,,timex,en,11,False,,gtndz,,,,,true,,,,,,,,,,,,,,,,,,,,,,,,,,,,,,,,,,,,,,,,,,,,,,,,,,,,,,,,,,,,,,,,,,,,,,,,,,,true,,,,,,,,,,,,,,,,,,,,,,,,,,,,,,,,,,,,,,,,,,,,,,,,,,,,,,,,,,,,,,,,,,,,,,,,,,,,,,
r w mobile and watch,आर मोबाइल एंड वॉच,battery replacements strap fixes repairs sales and other services for watches,watch store,shop no neco gdn rd viman nagar pune maharashtra india,viman nagar,shop no neco gdn rd,pune,411014,maharashtra,in,,,False,18.5622908,73.9138551,,False,False,chijzdexyajbwjsrbsszyzjxhk,watch store,xbcccdcdxecccdbc,1828120105343263749,,32,tz,monday,am to pm,tuesday,am to pm,wednesday,am to pm,thursday,am to pm,friday,am to pm,saturday,am to pm,sunday,am to pm,,,,,,,,,,,,true,,,,,,,,,,timex,en,13,False,,gswmvbkk,true,,,,,,watch repair service,,,,,,,,,,,,,,true,true,,,,,,,,,,,,,,,,,,,,,,,,,,,,,,,,,,,,,,,,,,,,,,,,,,,,,,,,,,,,,,,,,,,,,,,,,,,,,,,,,,,,,,,,,,,,,,,,,,,,,,,,,,,,,,,,,,,,,,,,,,,,,,,,,,,,,,,,
kapoor watch co,कपूर वॉच को,,watch store,kopa mall g g koregaon park annexe koregaon park pune maharashtra india,koregaon park annexe koregaon park,kopa mall g g,pune,411001,maharashtra,in,,,False,18.5383744,73.9077215,,False,False,chijmmwxbwjsrmvoxsgcytu,watch store,xbccbccffxdcab,15405268761046373169,,41,tz,monday,am to pm,tuesday,am to pm,wednesday,am to pm,thursday,am to pm,friday,am to pm,saturday,am to pm,sunday,am to pm,,,,,,,,,,,,true,true,true,,,,,,,,timex,en,15,False,,gxjdy,,,true,,true,,,,,,,,,,,,,,,,,,,,,,,,,,,,,,,,,,,,,,,,,,,,,,,,,,,,,,,,,,,,,,,,,,,,,,,,,,,,,,,,,,,,,,,,,,,,,,,,,,,,,,,,,,,,,,,,,,,,,,,,,,,,,,,,,,,,,,,,,,,,,,,,,,,,,,,,,
mulani watch company,मुलानी वॉच कंपनी,,watch store,hwgrq ganesh nagar wadgaon sheri pune maharashtra india,ganesh nagar wadgaon sheri,hwgrq,pune,411014,maharashtra,in,,,True,18.5575947,73.9271139,,False,False,chijuhnfbwjsryfcdgvbu,watch store,xbccffexbec,13107573129604190408,,12,tz,monday,am to pm,tuesday,am to pm,wednesday,am to pm,thursday,am to pm,friday,am to pm,saturday,am to pm,sunday,am to pm,,,,,,,,,,,,true,,,,,,,,,,timex,en,16,False,,gppxn,true,,,,,,,,,,,,,,,,,,,,,,,,,,,,,,,,,,,,,,,,,,,,,,,,,,,,,,,,,,,,,,,,,,,,,,,,,,,,,,,,,,,,,,,,,,,,,,,,,,,,,,,,,,,,,,,,,,,,,,,,,,,,,,,,,,,,,,,,,,,,,,,,,,,,,,,,,,,,,
my time,माई टाइम,,watch store,my time g mall near z corner shiv krishna society manjari budruk pune maharashtra india,shiv krishna society manjari budruk,my time g mall near z corner,pune,412307,maharashtra,in,,,False,18.5257895,73.9548499,,False,False,chijnkcapdwjsrhdthjnhwy,watch store,xbccedfxabaddcbc,11987352806090029852,,15,tz,monday,am to pm,tuesday,am to am,wednesday,to am am to pm,thursday,am to pm,friday,am to pm,saturday,am to pm,sunday,am to pm,,,,,,,,,,,,true,,,,,,,,,,timex,en,19,False,,gxkhrxrz,,,,,,,,,,,,,,,,,,,,,,,,,,,,,,,,,,,,,,,,,,,,,,,,,,,,,,,,,,,,,,,,,,,,,,,,,,,,,,,,,,,,,,,,,,,,,,,,,,,,,,,,,,,,,,,,,,,,,,,,,,,,,,,,,,,,,,,,,,,,,,,,,,,,,,,,,,,,,,
rajeshwari watch and opticion,राजेश्वरी वॉच एंड ऑप्टिशन,,watch store,sr no shop no near dhanori rd bhairav nagar pune maharashtra india,bhairav nagar dhanori,sr no shop no near dhanori rd,pune,411015,maharashtra,in,,,False,18.5853809,73.8852996,,False,False,chijtwpbsnhwjsryhjxxcioqu,watch store,xbccdfbxaacfc,11935111273000999010,,4,tz,monday,closed,tuesday,am to pm,wednesday,am to pm,thursday,am to pm,friday,am to pm,saturday,am to pm,sunday,am to pm,,,,,,,,,,,,true,,,,,,,,,,timex,en,20,False,,gppwzmnk,,,,,true,false,optician,,,,,,,,,,,,,,,,,,,,,,,,,,,,,,,,,,,,,,,,,,,,,,,,,,,,,,,,true,,,,,,,,,,,,,,,,,,,,,,,,,,,,,,,,,,,,,,,,,,,,,,,,,,,,,,,,,,,,,,,,,,,,,,,,,,,,,,,,,,,,,,,,,,,,,,,
just in time watch boutique,जस्ट इन टाइम वॉच बुटीक,,watch store,unit no ground floor elpro city square mall bus stop pcmc link rd near chinchwadgaon chinchwad gaon chinchwad pimprichinchwad maharashtra india,chinchwad gaon chinchwad,unit no ground floor elpro city square mall bus stop pcmc link rd near chinchwadgaon,pimprichinchwad,411033,maharashtra,in,,,False,18.6287187,73.78327,,False,False,chijkdfpbqwjsralpzyuhcy,watch store,xbcbdadxcefba,14330743761266784768,,157,tz,monday,am to pm,tuesday,am to pm,wednesday,am to pm,thursday,am to pm,friday,am to pm,saturday,am to pm,sunday,am to pm,,,,,,,,,,,,true,true,true,,,,,,,,timex,en,2,False,,gjgc,true,true,true,,,,watch repair service,,,,,true,,,,,,,,,,,,,,,,,,,,,,,,,,,,,,,,,,,,,,,,,,,,,,,,,,,,,,,,,,,,,,,,,,,,,,,,,,,,,,,,,,,,,,,,,,,,,,,,,,,,,,,,,,,,,,,,,,,,,,,,,,,,,,,,,,,,,,,,,,,,,,,,,,
helios watch store chinchwad pimprichinchwad,हीलियस वॉच स्टोर चिंचवड़ पिंपरीचिंचवड़,chain for branded watches with a variety of styles also providing repair services,watch store,no d d building old mumbai pune hwy opposite greaves foundiry plot mohan nagar midc chinchwad pimprichinchwad maharashtra india,mohan nagar midc chinchwad,no d d building old mumbai pune hwy opposite greaves foundiry plot,pimprichinchwad,411019,maharashtra,in,,,False,18.6443101,73.7908287,,False,False,chijbcakwcwjsrowwzompvz,watch store,xbcbbaxeffcaa,11455310041517221281,,171,tz,monday,am to pm,tuesday,am to pm,wednesday,am to pm,thursday,am to pm,friday,am to pm,saturday,am to pm,sunday,am to pm,,,,,,,,,,,,true,true,true,,,,,,,,timex,en,3,False,,gwqwzk,true,true,true,,,,clock repair service,,,,,,,,,,,,clock and watch maker,watch manufacturer,,,,,,,,,,,,,,,,,,,,,,,,,watch repair service,,,,,,,,,,,,,,,,,,,,,,,,,,,,,,,,,,,,,,,,,,,,,,,,,,,,,,,,,,,,,,,,,,,,,,,,,,,,,,,,,,,,,,,,,,,,,,,,,,,,,,,,,,,,,,,,,
nyasa multibrand watch store wakad pimprichinchwad pcmc pune,न्यास मल्टीब्रांड वॉच स्टोर वाकड़ पिंपरीचिंचवड़ पीसीएमसी पुणे,,watch store,shop no mahtoba chowk austin plaza kaspate wasti wakad pimprichinchwad pune maharashtra india,kaspate wasti wakad,shop no mahtoba chowk austin plaza,pimprichinchwad pune,411057,maharashtra,in,,,False,18.5951666,73.7688961,,False,False,chijzhkpwwjsriokvrqsse,watch store,xbcbfffbxcaeafabfed,13928203160278830370,,973,tz,monday,am to pm,tuesday,am to pm,wednesday,am to pm,thursday,am to pm,friday,am to pm,saturday,am to pm,sunday,am to pm,,,,,,,,,,,true,true,true,true,true,true,true,true,,,,timex,en,4,False,,gfkqqbjn,true,,,,,false,clock and watch maker,,true,true,true,,true,true,true,,false,,perfume store,watch repair service,,,,,,,,,,,,,,,,,,,,,,,,,,,,,,,,,true,,,,,,,,,,,false,false,,,,,,,,,,,,,,,,,,,,,,,,,,,,,,,,,,,,,,,,,,,,,,,,,,,,,,,,,,,,,,,,,,,,,,,,,,,,,,,,,,,,,,,,,,,,,
watch shop,वॉच शॉप,shop for titanmade watches other brands and bags plus repair services,watch store,austin plaza chatrapati chowk rd kaspate wasti wakad pimprichinchwad maharashtra india,kaspate wasti wakad,austin plaza chatrapati chowk rd,pimprichinchwad,411057,maharashtra,in,,,False,18.5950913,73.7687493,,False,False,chijznmlwjsrwcmhtcntj,watch store,xbcbbfffxdfedbc,10200632444389016409,,81,tz,monday,am to pm,tuesday,am to pm,wednesday,am to pm,thursday,am to pm,friday,am to pm,saturday,am to pm,sunday,am to pm,,,,,,,,,,,,true,true,true,true,true,,,,,,timex,en,5,False,,gfkfsz,true,,,,,,,,true,true,true,,,,true,,,,,,,,,,,,,,,,,,,,,,,,,,,,,,,,,,,,,,,,,,,,,,,,,,,,,,,,,,,,,,,,,,,,,,,,,,,,,,,,,,,,,,,,,,,,,,,,,,,,,,,,,,,,,,,,,,,,,,,,,,,,,,,,,,,,,,,,,,,,,,,
titan world plexus mall pune,टाइटन वर्ल्ड प्लेक्स मॉल पुणे,retail chain showcasing mens womens and kids watches and clocks along with fragrances and audio accessories,watch store,ground floor plexus mall iti rd opposite ozone ward no pushpak park aundh pune maharashtra india,ward no pushpak park aundh,ground floor plexus mall iti rd opposite ozone,pune,411067,maharashtra,in,,,False,18.5558076,73.8094043,,False,False,chijqulswjsrwyafbeim,watch store,xbcbfcebbdabxabedd,2556456199519823581,,373,tz,monday,am to pm,tuesday,am to pm,wednesday,am to pm,thursday,am to pm,friday,am to pm,saturday,am to pm,sunday,am to pm,,,,,,,,,,,,true,true,true,,,true,,,,,timex,en,6,False,,gjfrpd,true,,true,,,false,clock and watch maker,,true,true,true,,,,,,,,watch manufacturer,watch repair service,,,,,,,,,,,,,,,,,,,,,,,,,,,,,,,,,,,,,,,true,,,,,,,,,,,,,,,,,,,,,,,,,,,,,,,,,,,,,,,,,,,,,,,,,,,,,,,,,,,,,,,,,,,,,,,,,,,,,,,,,,,,,,,,,,,,,,,,,,,
just in time watch boutique,जस्ट इन टाइम वॉच बुटीक,,watch store,amar sadanand ground floor unit no astp amar sadanand tech park baner rd opp westside baner pune veerbhadra nagar baner pune maharashtra india,veerbhadra nagar baner,amar sadanand ground floor unit no astp amar sadanand tech park baner rd opp westside baner pune,pune,411069,maharashtra,in,,,False,18.5679618,73.7674082,,False,False,chijbwnztkwjsrawygqoe,watch store,xbcbffeffxeecaaeeacfd,16279574640260721917,,177,tz,monday,am to pm,tuesday,am to pm,wednesday,am to pm,thursday,am to pm,friday,am to pm,saturday,am to pm,sunday,am to pm,,,,,,,,,,,,true,true,true,,,true,true,,,,timex,en,7,False,,gjkzr,true,true,true,,,,watch repair service,,,,,,,,,,,,,,,,,,,,,,,,,,,,,,,,,,,,,,,,,,,,,,,,,,,,,,,,,,,,,,,,,,,,,,,,,,,,,,,,,,,,,,,,,,,,,,,,,,,,,,,,,,,,,,,,,,,,,,,,,,,,,,,,,,,,,,,,,,,,,,,,,,,,,,,
just in time watch boutique,जस्ट इन टाइम वॉच बुटीक,,watch store,jqrvqq prithviraj b gawade estate old mumbai pune hwy near gawade gas agency anna sahib nagar chinchwad pimprichinchwad maharashtra india,anna sahib nagar chinchwad,jqrvqq prithviraj b gawade estate old mumbai pune hwy near gawade gas agency,pimprichinchwad,411019,maharashtra,in,,,False,18.6400951,73.7943546,,False,False,chijwzinepowjsrwzqjeel,watch store,xbcbbxfeafac,6911341396964752067,,258,tz,monday,am to pm,tuesday,am to pm,wednesday,am to pm,thursday,am to pm,friday,am to pm,saturday,am to pm,sunday,am to pm,,,,,,,,,,,,true,true,true,,,,,,,,timex,en,9,False,,gsws,true,,true,,,,watch repair service,,,,,,,,,true,,,,,true,true,,,,,,,,,,,,,,,,,,,,,,,,,,,,,,,,,,,,,,,,,,,,,,,,,,,,,,,,,,,,,,,,,,,,,,,,,,,,,,,,,,,,,,,,,,,,,,,,,,,,,,,,,,,,,,,,,,,,,,,,,,,,,,,,,,,,,,,,
casio watch boutique just in time wakad,केसिया वॉच बुटीक जस्ट इन टाइम वाकड़,outlet part of a chain stocking casio watches as well as models from timex and citizen,watch store,phoenix mall of millennium g shankar kalat nagar wakad pune pimprichinchwad maharashtra india,shankar kalat nagar wakad,phoenix mall of millennium g,pune pimprichinchwad,411057,maharashtra,in,,,False,18.6011178,73.7563648,,False,False,chijdsyfcwjsrmkolzgmhu,watch store,xbcbbfcddexffceaa,17662990409470944048,,64,tz,monday,am to pm,tuesday,am to pm,wednesday,am to pm,thursday,am to pm,friday,am to pm,saturday,am to pm,sunday,am to pm,,,,,,,,,,,,true,true,true,,,,,,,,timex,en,10,False,,gvkpdh,true,true,true,,,true,watch repair service,,,,,,,,,,true,,,,,,,,,,,,,,,,,,,,,,,,,,,,,,,,,,,,,,,,,,,,,,,,,,,,,,,,,,,,,,,,,,,,,,,,,,,,,,,,,,,,,,,,,,,,,,,,,,,,,,,,,,,,,,,,,,,,,,,,,,,,,,,,,,,,,,,,,,,,,
just in time watch boutique,जस्ट इन टाइम वॉच बुटीक,longstanding chain selling the brands contemporary swissmade watches in a variety of styles,watch store,dp rd opposite shivsagar restaurant aundh ward no wireless colony aundh pune maharashtra india,ward no wireless colony aundh,dp rd opposite shivsagar restaurant aundh,pune,411067,maharashtra,in,,,False,18.5606421,73.8062481,,False,False,chijzzqawwjsrzssxvoeqhyy,watch store,xbcbfbebaxdaebcd,9663927522683856077,,184,tz,monday,am to pm,tuesday,am to pm,wednesday,am to pm,thursday,am to pm,friday,am to pm,saturday,am to pm,sunday,am to pm,,,,,,,,,,,,true,true,true,true,true,,,,,,timex,en,11,False,,gybnxn,true,,,,,true,watch repair service,,true,true,true,,,,true,,,,,,,,,,,,,,,,,,,,,,,,,,,,,,,,,,,,,,,,,,,,,,,,,,,,,,,,,,,,,,,,,,,,,,,,,,,,,,,,,,,,,,,,,,,,,,,,,,,,,,,,,,,,,,,,,,,,,,,,,,,,,,,,,,,,,,,,,,,,,,,
rysha multibrand watch store titan shop chinchwad akrudi pimpri chinchwad pcmc pune,रेशा मल्टीब्रांड वॉच स्टोर टाइटन शॉप चिंचवाड़ अक्रूदी पिंपरी चिंचवाड़ पीसीएमसी पुणे,multibrand retailer stocking a wide variety of watches,watch store,jay tower rd near airtel office kalbhor nagar midc chinchwad pimprichinchwad maharashtra india,kalbhor nagar midc chinchwad,jay tower rd near airtel office,pimprichinchwad,411019,maharashtra,in,,,False,18.6454448,73.7898756,,False,False,chijyuwjsrlrxqooy,watch store,xbcbbffffffffxdededaadf,10226846330447667093,,178,tz,monday,am to pm,tuesday,am to pm,wednesday,am to pm,thursday,am to pm,friday,am to pm,saturday,am to pm,sunday,am to pm,,,,,,,,,,,true,true,true,true,true,true,,,,,,timex,en,12,False,,gvsqnh,true,,,,,,,true,true,true,true,,,,true,,,,,,,,,,,,,,,,,,,,,,,,,,,,,,,,,,,,,,,,,,,,,,,,,,,,,,,,,,,,,,,,,,,,,,,,,,,,,,,,,,,,,,,,,,,,,,,,,,,,,,,,,,,,,,,,,,,,,,,,,,,,,,,,,,,,,,,,,,,,,,,
the perfect time,थे परफेक्ट टाइम,,watch store,the royal time old mumbai pune hwy near jain mandir beside pradeep sweet chinchawad station wing f mohan nagar midc chinchwad pune pimprichinchwad maharashtra india,wing f mohan nagar midc chinchwad,the royal time old mumbai pune hwy near jain mandir beside pradeep sweet chinchawad station,pune pimprichinchwad,411019,maharashtra,in,,,False,18.6418166,73.7927892,,False,False,chijwdqitwjsrvnlgvwcc,watch store,xbcbedexcff,2864453737905476593,,32,tz,monday,am to pm,tuesday,am to pm,wednesday,am to pm,thursday,am to pm,friday,am to pm,saturday,am to pm,sunday,am to pm,true,true,true,true,true,,,,,,,true,true,true,,,,,,,,timex,en,13,False,,gxfcnjs,,,true,,,,,,,,,,,,,,,,,,,,,,,,,,,,,,,,,,,,,,,,,,,,,,,,true,true,,,,,,,,,,,,,,,true,,,,,,,,,,,,,,,,,,,,,,,,,,,,,,,,,,,,,,,,,,,,,,,,,,,,,,,,,,,,,,,,,,,,,,,,,,,,,,,,,,,,,,,,,,,
time sellers titan multibrand watch store,टाइम सेलर्स टाइटन मल्टीब्रांड वॉच स्टोर,,watch store,sr no kunjir shyama prestige rahatni jagtap dairy road pimple saudagar pune maharashtra india,pimple saudagar,sr no kunjir shyama prestige rahatni jagtap dairy road,pune pimprichinchwad,411027,maharashtra,in,,,False,18.6013703,73.7948543,,False,False,chijhwbwibwjsrxipvppjql,watch store,xbcbdfxeafcefe,6816034149685470046,,61,tz,monday,am to pm,tuesday,am to pm,wednesday,am to pm,thursday,am to pm,friday,am to pm,saturday,am to pm,sunday,am to pm,,,,,,,,true,true,true,true,true,true,true,,,,,,,,timex,en,14,False,,gcmwlbp,true,,true,,,,watch repair service,,true,true,true,,,,,,,,,,,,,,,,,,,,,,,,,,,,,,,,,,,,,,,,,,,,,,,,,,,,,,,,,,,,,,,,,,,,,,,,,,,,,,,,,,,,,,,,,,,,,,,,,,,,,,,,,,,,,,,,,,,,,,,,,,,,,,,,,,,,,,,,,,,,,,,,,,,
just in time watch boutique,जस्ट इन टाइम वॉच बुटीक,brandname highend and budget timepieces from various brands alongside expert service,watch store,just in time society iti rd ward no pushpak park aundh pune maharashtra india,ward no pushpak park aundh,just in time society iti rd,pune,411067,maharashtra,in,,,False,18.5548791,73.809495,,False,False,chijpcfsuwjsrflsxeufy,watch store,xbcbfbffcaxedddd,10238252570440258264,,278,tz,monday,am to pm,tuesday,am to pm,wednesday,am to pm,thursday,am to pm,friday,am to pm,saturday,am to pm,sunday,am to pm,,,,,,,,,,,,true,true,true,,,true,,,,,timex,en,15,False,,gszs,true,true,true,,,,watch repair service,,,,,,,,,,,,,,,,,,,,,,,,,,,,,,,,,,,,,,,,,,,,,,,,,,,,true,,,,,,,,,,,,,,,,,,,,,,,,,,,,,,,,,,,,,,,,,,,,,,,,,,,,,,,,,,,,,,,,,,,,,,,,,,,,,,,,,,,,,,,,,,,,,,,,,,,
just in time watch boutique,जस्ट इन टाइम वॉच बुटीक,,watch store,kohinoor world towers old mumbai pune hwy midc chinchwad pimprichinchwad maharashtra india,midc chinchwad,kohinoor world towers old mumbai pune hwy,pimprichinchwad,411018,maharashtra,in,,,False,18.6350633,73.7993748,,False,False,chijrsprkmwjsrvxhqkpgme,watch store,xbcbafxcbdeabd,13913987311712498109,,21,tz,monday,am to pm,tuesday,am to pm,wednesday,am to pm,thursday,am to pm,friday,am to pm,saturday,am to pm,sunday,am to pm,,,,,,,,,,,,true,,,,,,,,,,timex,en,16,False,,gnjqqrg,,,,,true,,,,,,,,,,,,,,,,,,,,,,,,,,,,,,,,,,,,,,,,,,,,,,,,,,,,,,,,,,true,,,,,,,,,,,,,,,,,,,,,,,,,,,,,,,,,,,,,,,,,,,,,,,,,,,,,,,,,,,,,,,,,,,,,,,,,,,,,,,,,,,,,,,,,,,,,,,
titan world old mumbai pune road pimprichinchwad,टायटन वर्ल्ड,,watch store,d old mumbai pune hwy opposite greaves foundry plot mohan nagar midc chinchwad pimprichinchwad maharashtra india,mohan nagar midc chinchwad,d old mumbai pune hwy opposite greaves foundry plot,pimprichinchwad,411019,maharashtra,in,,,False,18.6443038,73.7910613,,False,False,chijuvcehsywjsrnrfvaozcas,watch store,xbcbccexbbfdd,824355561382680477,,586,tz,monday,am to pm,tuesday,am to pm,wednesday,am to pm,thursday,am to pm,friday,am to pm,saturday,am to pm,sunday,am to pm,,,,,,,,,,,,true,true,true,,,,,,,,timex,en,17,False,,gtcvy,true,,true,,,true,watch manufacturer,,true,,,,,,,,true,,watch repair service,,,true,,,,,,,,,,,,,,,,,,,,,,,,,,,,,,,,,,,,,,,,,,,,,,,,true,true,,,,,,,,,,,,,,,,,,,,,,,,,,,,,,,,,,,,,,,,,,,,,,,,,,,,,,,,,,,,,,,,,,,,,,,,,,,,,,,,,,,,,,,
just in time watch boutique,जस्ट इन टाइम वॉच बुटीक,,watch store,gf phoenix mall of the millennium shankar kalat nagar wakad pune pimprichinchwad maharashtra india,shankar kalat nagar wakad,gf phoenix mall of the millennium,pune pimprichinchwad,411057,maharashtra,in,,,False,18.6006229,73.7565837,,False,False,chijluwzzrmwjsrxqihitqec,watch store,xbcbcdcxeddeaee,5134364353241460318,,11,tz,monday,am to pm,tuesday,am to pm,wednesday,am to pm,thursday,am to pm,friday,am to pm,saturday,am to pm,sunday,am to pm,,,,,,,,,,,,true,,,,,,,,,,timex,en,18,False,,gypqtmmd,,,,,true,,watch repair service,,,,,,,,,,,,,,,,,,,,,,,,,,,,,,,,,,,,,,,,,,,,,,,,,,,,,,,,true,,,,,,,,,,,,,,,,,,,,,,,,,,,,,,,,,,,,,,,,,,,,,,,,,,,,,,,,,,,,,,,,,,,,,,,,,,,,,,,,,,,,,,,,,,,,,,,
titan world elpro mall pimprichinchwad,टाइटन वर्ल्ड एलप्रो मॉल पिंपरीचिंचवड़,,watch store,shop no ground floor elpro city square mall near elpro school chinchwad gaon chinchwad pimprichinchwad maharashtra india,chinchwad gaon chinchwad,shop no ground floor elpro city square mall near elpro school,pimprichinchwad,411033,maharashtra,in,,,False,18.6283011,73.7838752,,False,False,chijjxetaewjsrrspihflbc,watch store,xbcbbeddxbfcbae,13255724790744474695,,148,tz,monday,am to pm,tuesday,am to pm,wednesday,am to pm,thursday,am to pm,friday,am to pm,saturday,am to pm,sunday,am to pm,,,,,,,,,,,,true,true,true,,,,,,,,timex,en,19,False,,gvlwl,true,,true,,,,clock and watch maker,,true,,,,,,,,,,watch manufacturer,watch repair service,,true,,,,,,,,,,,,,,,,,,,,,,,,,,,,,,,,,,,,,,,,,,,,,,,,,,,,,,,,,,,,,,,,,,,,,,,,,,,,,,,,,,,,,,,,,,,,,,,,,,,,,,,,,,,,,,,,,,,,,,,,,,,,,,,,,,,,,,,,
time square,टाइम स्क्वायर,,watch store,zaika hotel deluxe chowk next to bata store opp deluxe mall shastri nagar pimpri colony pimprichinchwad maharashtra india,shastri nagar pimpri colony,zaika hotel deluxe chowk next to bata store opp deluxe mall,pimprichinchwad,411017,maharashtra,in,,,False,18.6199152,73.8012379,,False,False,chijubioiywjsrcfapvqdic,watch store,xbcbcaefbbxefadc,2814250540077162972,,33,tz,monday,am to pm,tuesday,am to pm,wednesday,am to pm,thursday,am to pm,friday,am to pm,saturday,am to pm,sunday,am to pm,,,,,,,,,,,,true,,,,,,,,,,timex,en,20,False,,gkhtf,,,,,true,,,,,,,,,,,,,,,,,,,,,,,,,,,,,,,,,,,,,,,,,,,,,,,,,,,,,,,,,,true,,,,,,,,,,,,,,,,,,,,,,,,,,,,,,,,,,,,,,,,,,,,,,,,,,,,,,,,,,,,,,,,,,,,,,,,,,,,,,,,,,,,,,,,,,,,,,,
unique electronics,ইউনিক ইলেকট্রনিক্স,,watch store,sourin roy rd auddy bagan basti behala kolkata west bengal india,auddy bagan basti behala,sourin roy rd,kolkata,700034,west bengal,in,,,False,22.5002138,88.3182707,,False,False,chijmyxaajorqsntcvhhpya,watch store,xaaecdxffd,2323683652446004033,,31,tz,monday,am to pm,tuesday,am to pm,wednesday,am to pm,thursday,closed,friday,am to pm,saturday,am to pm,sunday,am to pm,,,,,,,,,,,,true,true,true,true,true,,,,,,timex,en,1,False,,gbwhvrwv,true,,,,,false,,,,,,,,,true,,,,,,true,true,,,,,,,,,,,,,,,,,,,,,,,,,,,,,,,,,,,,,,,,,,,,,,,,,,,,,,,,,,,,,,,,,,,,,,,,,,,,,,,,,,,,,,,,,,,,,,,,,,,,,,,,,,,,,,,,,,,,,,,,,,,,,,,,,,,,,,,,
time service,টাইম সার্ভিস,,watch store,malancha cinema netaji subhas chandra bose rd opposite regent colony tollygunge kolkata west bengal india,opposite regent colony tollygunge,malancha cinema netaji subhas chandra bose rd,kolkata,700040,west bengal,in,,,True,22.4869224,88.3510842,,False,False,chijuhkohwajorwafinaobs,watch store,xaedexbbedafd,13541524389296079192,,5,tz,monday,am to pm,tuesday,am to pm,wednesday,am to pm,thursday,am to pm,friday,am to pm,saturday,am to pm,sunday,closed,,,,,,,,,,,,,,,,,,,,,,timex,en,2,False,,gqvzxt,true,,,,,,,,,,,,,,,,,,,,,,true,,,,,,,,,,,,,,,,,,,,,,,,,,,,,,,,,,,,,,,,,,,,,,,,,,,,,,,,,,,,,,,,,,,,,,,,,,,,,,,,,,,,,,,,,,,,,,,,,,,,,,,,,,,,,,,,,,,,,,,,,,,,,,,,,,,,,,,
golden time,গোল্ডেন টাইম,,watch store,roy bahadur rd auddy bagan basti behala kolkata west bengal india,auddy bagan basti behala,roy bahadur rd,kolkata,700034,west bengal,in,,,True,22.5017659,88.318887,,False,False,chijhtlgajorohgexetq,watch store,xaafefbxedabdbcea,17125919770627938466,,4,tz,monday,am to pm,tuesday,am to pm,wednesday,am to pm,thursday,am to pm,friday,am to pm,saturday,am to pm,sunday,closed,,,,,,,,,,,,true,,,,,,,,,,timex,en,3,False,,gwdtgd,true,,,,,false,,,,,,,,,,,false,,,,,,,,,,,,,,,,,,,,,,,,,,,,,,,,,,,,,,,,,,,,,,,,,,,,,,,,,,,,,,,,,,,,,,,,,,,,,,,,,,,,,,,,,,,,,,,,,,,,,,,,,,,,,,,,,,,,,,,,,,,,,,,,,,,,,,,,,,,,,
leela optics watches,লীলা অপটিকস ও ঘড়ি,,watch store,a chandi ghosh rd ashok nagar tollygunge kolkata west bengal india,ashok nagar tollygunge,a chandi ghosh rd,kolkata,700040,west bengal,in,,,True,22.4870406,88.3459528,,False,False,chijzznrgutwajorbxbrwcblo,watch store,xaebdxafabfbd,6555582956802504197,,3,tz,monday,am to pm to pm,tuesday,am to pm to pm,wednesday,am to pm to pm,thursday,am to pm to pm,friday,am to pm to pm,saturday,am to pm to pm,sunday,am to pm,,,,,,,,,,,,true,true,true,,,,,,,,timex,en,4,False,,gpzsrpqw,true,true,,,,,optical wholesaler,,,,,,,,,,,,,,,,,,,,,,,,,,,,,,,,,,,,,,,,,,,,,,,,,,,,,,,,,,,,,,,,,,,,,,,,,,,,,,,,,,,,,,,,,,,,,,,,,,,,,,,,,,,,,,,,,,,,,,,,,,,,,,,,,,,,,,,,,,,,,,,,,,,,,,,
regent watch bros,রিজেন্ট ওয়াচ ব্রস,,watch store,fpwpf mahatma gandhi rd keorapukur mission paschim putiary kolkata west bengal india,keorapukur mission paschim putiary,fpwpf mahatma gandhi rd,kolkata,700082,west bengal,in,,,True,22.467316,88.3367925,,False,False,chijfuwbjwajorghonuug,watch store,xaffxefedfce,16789020147334991491,,5,tz,monday,am to pm to pm,tuesday,am to pm to pm,wednesday,am to pm to pm,thursday,am to pm to pm,friday,am to pm to pm,saturday,am to pm to pm,sunday,am to pm to pm,,,,,,,,,,,,true,,,,,,,,,,timex,en,5,False,,gptxhmzd,true,,,,,,,,,,,,,,,,,,,,,,,,,,,,,,,,,,,,,,,,,,,,,,,,,,,,,,,,,,,,,,,,,,,,,,,,,,,,,,,,,,,,,,,,,,,,,,,,,,,,,,,,,,,,,,,,,,,,,,,,,,,,,,,,,,,,,,,,,,,,,,,,,,,,,,,,,,,,,
sun time,সূর্যের সময়,,watch store,mahendra banerjee rd parnasree palli behala kolkata west bengal india,parnasree palli behala,mahendra banerjee rd,kolkata,700060,west bengal,in,,,True,22.5020391,88.3027638,,False,False,chijoqmfzajorssypyvjbao,watch store,xaadacabxaaebdbb,12251448548497967947,,6,tz,monday,am to pm,tuesday,am to pm,wednesday,am to pm,thursday,closed,friday,am to pm,saturday,am to pm,sunday,am to pm,,,,,,,,,,,,,,,,,,,,,,timex,en,6,False,,gcrcwz,true,,,,,,,,,,,,,,,,,,,,,,,,,,,,,,,,,,,,,,,,,,,,,,,,,,,,,,,,,,,,,,,,,,,,,,,,,,,,,,,,,,,,,,,,,,,,,,,,,,,,,,,,,,,,,,,,,,,,,,,,,,,,,,,,,,,,,,,,,,,,,,,,,,,,,,,,,,,,,
ideal ghadi ghar,আইডিয়াল ঘড়ি ঘর,,watch store,k k roychowdhury rd sakher bazar paschim barisha kolkata west bengal india,sakher bazar paschim barisha,k k roychowdhury rd,kolkata,700008,west bengal,in,,,True,22.4814163,88.310155,,False,False,chijxzjrajorsxmhewqe,watch store,xaafdxcedbab,126527532529490251,,2,tz,monday,closed,tuesday,am to pm to pm,wednesday,am to pm to pm,thursday,am to pm to pm,friday,am to pm to pm,saturday,am to pm to pm,sunday,am to pm to pm,,,,,,,,,,,,true,,,,,,,,,,timex,en,7,False,,gqbpmjh,true,,,,,false,watch repair service,,,,,,,,,,false,,,,,,,,,,,,,,,,,,,,,,,,,,,,,,,,,,,,,,,,,,,,,,,,,,,,,,,,,,,,,,,,,,,,,,,,,,,,,,,,,,,,,,,,,,,,,,,,,,,,,,,,,,,,,,,,,,,,,,,,,,,,,,,,,,,,,,,,,,,,,
accuracy,অ্যাকুরেসি,,watch store,entrance old market diamond harbour rd near behala tram depot rabindra nagar behala kolkata west bengal india,rabindra nagar behala,entrance old market diamond harbour rd near behala tram depot,kolkata,700060,west bengal,in,,,False,22.4981015,88.2995345,,False,False,chijoybrpqajorfnnpdggc,watch store,xaafdebaxecffff,3350896857747249535,,8,tz,monday,am to pm,tuesday,am to pm,wednesday,am to pm,thursday,closed,friday,am to pm,saturday,am to pm,sunday,am to pm,,,,,,,,,,,,true,,,,,,,,,,timex,en,8,False,,gtmkjczc,true,,,,,,,,,,,,,,,,,,,,true,true,true,,,,,,,,,,,,,,,,,,,,,,,,,,,true,,,,,,,,,,,,true,,,,,,,,,,,,,,,,,,,,,,,,,,,,,,,,,,,,,,,,,,,,,,,,,,,,,,,,,,,,,,,,,,,,,,,,,,,,,,,,,,,,,,,,,,,,,,,,
timex service center,,,watch repair service,b st floor em bye pass anandapur kolkata west bengal india,anandapur east kolkata township,b st floor em bye pass,kolkata,700107,west bengal,in,,,False,22.517017,88.4017367,,False,False,chijzbtdhajorghfkrnvzwu,watch repair service,xabffcbxcdefba,7335782948361892224,,26,tz,monday,am to pm,tuesday,am to pm,wednesday,am to pm,thursday,am to pm,friday,am to pm,saturday,am to pm,sunday,closed,,,,,,,,,,,,,,,,,,,,,,timex,en,9,False,,gjkywh,,,,,,true,,,,,,,,,,,,,,,,,,,,,,,,,,,,,,,,,,,,,,,,,,,,,,,,,,,,,,,,,,,,,,,,,,,,,,,,,,,,,,,,,,,,,,,,,,,,,,,,,,,,,,,,,,,,,,,,,,,,,,,,,,,,,,,,,,,,,,,,,,,,,,,,,,,,,,,,
titan world south city mall kolkata,ওয়ার্ল্ড অফ টাইটান,,watch store,shop no ground floor south city mall prince anwar shah rd near south city park south city complex jadavpur kolkata west bengal india,south city complex jadavpur,shop no ground floor south city mall prince anwar shah rd near south city park,kolkata,700068,west bengal,in,,,False,22.5008384,88.3598877,,False,False,chijxqcnvwajorjnkuxsmk,watch store,xaddccdxafded,7586902152766660312,,207,tz,monday,am to pm,tuesday,am to pm,wednesday,am to pm,thursday,am to pm,friday,am to pm,saturday,am to pm,sunday,am to pm,,,,,,,,,,,,true,true,true,,,,,,,,timex,en,10,False,,gtdzvx,true,,true,,,,clock and watch maker,,true,true,true,true,,,,,,,watch manufacturer,watch repair service,,,,,,,,,,,,,,,,,,,,,,,,,,,,,,,,,,,,,,,,,,,,,,,,,,,,,,false,,,,,,,,,,,,,,,,,,,,,,,,,,,,,,,,,,,,,,,,,,,,,,,,,,,,,,,,,,,,,,,,,,,,,,,,,,,,,,,,,,,,
unique electronics joka,ইউনিক ইলেকট্রনিক্স জোকা,,watch store,satyen park rd satyen park joka purba barisha west bengal india,satyen park joka,satyen park rd,purba barisha,700104,west bengal,in,,,False,22.4567387,88.3079214,,False,False,chijcgvghajorkiohbwpple,watch store,xabefexefbcfa,5854133867619256872,,19,tz,monday,am to pm,tuesday,am to pm,wednesday,am to pm,thursday,closed,friday,am to pm,saturday,am to pm,sunday,am to pm,,,,,,,,,,,true,true,,,,,,,,,,timex,en,11,False,,grncr,true,,,,,,,,,,,,,,,,,,,,true,true,true,,,,,,,,,,,,,,,,,,,,,,,,,,,true,,,,,,,,,,,,true,,,,,,,,,,,,,,,,,,,,,,,,,,,,,,,,,,,,,,,,,,,,,,,,,,,,,,,,,,,,,,,,,,,,,,,,,,,,,,,,,,,,,,,,,,,,,,,,
oriental watch co,ওরিয়েন্টাল ওয়াচ কোং,,watch store,go to the lane petrol pump netaji subhas chandra bose rd beside the sangati colony bansdroni kolkata west bengal india,sangati colony bansdroni,go to the lane petrol pump netaji subhas chandra bose rd beside the,kolkata,700040,west bengal,in,,,False,22.4761432,88.3595042,,False,False,chijvtedptwajorcalqcwwmxpk,watch store,xafbceexca,11080726887814662512,,39,tz,monday,am to pm,tuesday,am to pm to pm,wednesday,am to pm to pm,thursday,am to pm to pm,friday,am to pm to pm,saturday,am to pm to pm,sunday,am to pm to pm,,,,,,,,,,,,true,true,true,,,,,,,,timex,en,13,False,,gcmpcrj,true,,,,,,,,true,true,true,,,,,,,,,,,,,,,,,,,,,,,,,,,,,,,,,,,,,,,,,,,,,,,,,,,,,,,,,,,,,,,,,,,,,,,,,,,,,,,,,,,,,,,,,,,,,,,,,,,,,,,,,,,,,,,,,,,,,,,,,,,,,,,,,,,,,,,,,,,,,,,,,,,
timex group india ltd,টাইমেক্স গ্রুপ ইন্ডিয়া এলটিডি,,watch manufacturer,n purbachal rd anandapur east kolkata twp kolkata west bengal india,anandapur east kolkata township,n purbachal rd,kolkata,700107,west bengal,in,,,False,22.516993,88.4016131,,False,False,chijjxzfbhxajorpcohypv,watch manufacturer,xacxfdabdeea,18277393688643382948,,13,tz,monday,am to pm,tuesday,am to pm,wednesday,am to pm,thursday,am to pm,friday,am to pm,saturday,closed,sunday,closed,,,,,,,,,,,,,,,,,,,,,,timex,en,14,False,,gsxnql,,,,,,,,,,,,,,,,,,,,,,,,,,,,,,,,,,,,,,,,,,,,,,,,,,,,,,,,,,,,,,,,,,,,,,,,,,,,,,,,,,,,,,,,,,,,,,,,,,,,,,,,,,,,,,,,,,,,,,,,,,,,,,,,,,,,,,,,,,,,,,,,,,,,,,,,,,,,,,
titan world naktala kolkata,ওয়ার্ল্ড অফ টাইটান,india’s largest chain of stores selling watches eyewear sunglasses and fragrances from brands such as titan and sonata,watch store,no sohum building netaji subhas chandra bose rd near hp petrol pump naktala garia kolkata west bengal india,naktala garia,no sohum building netaji subhas chandra bose rd near hp petrol pump,kolkata,700047,west bengal,in,,,False,22.4707787,88.369347,,False,False,chijkztdmadxajorqtmerduw,watch store,xaddbxcbbdfccdd,7834958527617359170,,103,tz,monday,closed,tuesday,am to pm,wednesday,am to pm,thursday,am to pm,friday,am to pm,saturday,am to pm,sunday,am to pm,true,true,true,true,true,,,,,,,true,true,true,,,,,,,,timex,en,15,False,,ghmfx,,,true,,,false,clock and watch maker,,,,,,,,,,,,watch manufacturer,watch repair service,,,,,,,,,,,,,,,,,,,,,,,,,,,,,,,,,,,,,,,,,,,,,,,,,,,,,,,,,,,,,,,,,,,,,,,,,,,,,,,,,,,,,,,,,,,,,,,,,,,,,,,,,,,,,,,,,,,,,,,,,,,,,,,,,,,,,,,,,,
rhythm watch and clock boutique,রাইটিং ওয়াচ অ্যান্ড ক্লক বুটিক,relaxed shop specializing in watches and clocks of all types as well as repair services,watch store,ground floor south city mall prince anwar shah rd opposite starbucks south city complex jadavpur kolkata west bengal india,south city complex jadavpur,ground floor south city mall prince anwar shah rd opposite starbucks,kolkata,700068,west bengal,in,,,False,22.5002626,88.3624709,,False,False,chijwzlehwajorxoenknorgry,watch store,xadbfabxbdec,13151233787441309636,,552,tz,monday,am to pm,tuesday,am to pm,wednesday,am to pm,thursday,am to pm,friday,am to pm,saturday,am to pm,sunday,am to pm,,,,,,,,,,,,true,true,true,true,true,,,,,,timex,en,16,False,,ghnwpf,false,,,,,false,antique store,,,,,,,,true,,false,,clock repair service,clock and watch maker,false,false,,,,,,,,,,,,,,,,,,,,,,,engraver,,,,,,,,,,,,,,,fashion accessories store,watch repair service,,,false,false,,,,,,,,,,,,,,,,,,,,,,,,,,,,,,,,,,,,,,,,,,,,,,,,,,,,,,,,,,,,,,,,,,,,,,,,,,,,,,,,,,,,,,,,,,,,,
titan regents watch,টাইটান রিজেন্ট ওয়াচ,shop providing a wide variety of watches from brands like titan and fastrack,watch store,a netaji subhas chandra bose rd gandhi colony netaji nagar kolkata west bengal india,gandhi colony netaji nagar,a netaji subhas chandra bose rd,kolkata,700040,west bengal,in,,,True,22.4804659,88.3550391,,False,False,chijwyovpwajorcuultrbw,watch store,xafadbacxcfbbccf,11272346432297551349,,8,tz,monday,am to pm,tuesday,am to pm,wednesday,am to pm,thursday,am to pm,friday,am to pm,saturday,am to pm,sunday,am to pm,,,,,,,,,,,,true,true,true,,,,,,,,timex,en,17,False,,gqblzm,true,true,true,,,false,watch repair service,,,,,,,,,,false,,,,,,,,,,,,,,,,,,,,,,,,,,,,,,,,,,,,,,,,,,,,,,,,,,,,,,,,,,,,,,,,,,,,,,,,,,,,,,,,,,,,,,,,,,,,,,,,,,,,,,,,,,,,,,,,,,,,,,,,,,,,,,,,,,,,,,,,,,,,,
time collection,সময় সংগ্রহ,,watch store,rash behari ave golpark dover terrace gariahat kolkata west bengal india,golpark dover terrace gariahat,rash behari ave,kolkata,700029,west bengal,in,,,False,22.5190815,88.3633523,,False,False,chijjwvmdbajorjrawhnga,watch store,xafexafddabd,12669012865159534221,,5,tz,monday,am to pm,tuesday,am to pm,wednesday,am to pm,thursday,am to pm,friday,am to pm,saturday,am to pm,sunday,closed,true,true,,,,,,,,,,true,true,true,true,,,,,,,timex,en,18,False,,gtdkkm,,,,,,,,,,true,,,,,,true,,,,,,,,,,,,,,,,,,,,,,,,,,,,,,,,,,,,,,,,,,,,,,,,,,,,,,,,,,,,,,,,,,,,,,,,,,,,,,,,,,,,,,,,,,,,,,,,,,,,,,,,,,,,,,,,,,,,,,,,,,,,,,,,,,,,,,,,,,,,,,
great western storestitan,গ্রেট ওয়েস্টার্ন স্টোরটাইটান,,watch store,park st taltala kolkata west bengal india,taltala,park st,kolkata,700016,west bengal,in,,,True,22.5547252,88.3511238,,False,False,chijvpwqqajorqdjhnaxm,watch store,xafabaxfceaee,8313574653138546406,,129,tz,monday,am to pm,tuesday,am to pm,wednesday,am to pm,thursday,am to pm,friday,am to pm,saturday,am to pm,sunday,closed,,,,,,,,,,,,true,true,true,,,,,,,,timex,en,19,False,,gqpdgg,true,,true,,,,watch repair service,,,,,,,,,true,,,,,,,,,,,,,,,,,,,,,,,,,,,,,,,,,,,,,,,,,,,,,,,,,,,,,,,,,,,,,,,,,,,,,,,,,,,,,,,,,,,,,,,,,,,,,,,,,,,,,,,,,,,,,,,,,,,,,,,,,,,,,,,,,,,,,,,,,,,,,,
lake time,,store offering wall clocks and wristwatches plus repairs and battery replacement,watch store,rash behari ave opposite lake mall lake market kalighat kolkata west bengal india,lake market kalighat,rash behari ave opposite lake mall,kolkata,700029,west bengal,in,,,True,22.5166694,88.3487172,,False,False,chijyxgkpajorqfqpxqduq,watch store,xaadacdxeafcaaa,16462462447503628968,,121,tz,monday,am to pm,tuesday,am to pm,wednesday,am to pm,thursday,am to pm,friday,am to pm,saturday,am to pm,sunday,am to pm,,,,,,,,,,,,true,true,true,,,,,,,,timex,en,20,False,,gtdvksn,true,true,true,,,,,,,,,,,,,true,,,,,,,,,,,,,,,,,,,,,,,,,,,,,,,,,,,,,,,,,,,,,,,,,,,,,,,,,,,,,,,,,,,,,,,,,,,,,,,,,,,,,,,,,,,,,,,,,,,,,,,,,,,,,,,,,,,,,,,,,,,,,,,,,,,,,,,,,,,,,,
timestreet watches pvt ltd,टाइमस्ट्रीट वाचेज पीवीटी एलटीडी,,watch store,shop no wageshwar complex samrat ashok rd wageshwar nagar wagholi pune maharashtra india,wageshwar nagar wagholi,shop no wageshwar complex samrat ashok rd,pune,412207,maharashtra,in,,,True,18.581015,73.9805653,,False,True,chijequhhdwjsrmvjtjnmv,watch store,xbcceexffaddfcedfa,18418189335777900698,,1,tz,,,,,,,,,,,,,,,,,,,,,,,,,,,,,,,,,,,,timex,en,28,False,,gsvsmlm,true,,,,,,,,,,,,,,,,,,,,,,true,,,,,,,,,,,,,,,,,,,,,,,,,,,true,,,,,,,,,,,,true,,,,,,,,,,,,,,,,,,,,,,,,,,,,,,,,,,,,,,,,,,,,,,,,,,,,,,,,,,,,,,,,,,,,,,,,,,,,,,,,,,,,,,,,,,,,,,,,
mahalakshmi watch center,महालक्ष्मी वॉच सेंटर,,watch repair service,sr no opp sundarabai marathe school ganesh nagar wadgaon sheri pune maharashtra india,ganesh nagar wadgaon sheri,sr no opp sundarabai marathe school,pune,411014,maharashtra,in,,,True,18.557287,73.927539,,False,True,chijqshdgfbwjsrgjqzwpz,watch repair service,xbcccbfdxedbdfbc,11402463611826508824,,3,tz,,,,,,,,,,,,,,,,,,,,,,,,,,,,,,,,,,,,timex,en,29,False,,gppxq,,,,,,,,,,,,,,,,,,,,,,,,,,,,,,,,,,,,,,,,,,,,,,,,,,,,,,,,,,,,,,,,,,,,,,,,,,,,,,,,,,,,,,,,,,,,,,,,,,,,,,,,,,,,,,,,,,,,,,,,,,,,,,,,,,,,,,,,,,,,,,,,,,,,,,,,,,,,,,
time world watch repair center,टाइम वर्ल्ड वॉच रिपेअर सेंटर,,watch repair service,lane no adarsh nagar wadgaon sheri pune maharashtra india,adarsh nagar wadgaon sheri,lane no,pune,411014,maharashtra,in,,,False,18.5510683,73.9123078,,False,True,chijgvebpsxbwjsrwllptubv,watch repair service,xbccaxfdeeecbdd,18232522464683582173,,11,tz,,,,,,,,,,,,,,,,,,,,,,,,,,,,,,,,,,,,timex,en,30,False,,gfssvvfh,,,,,true,,,,,,,,,,,,,,,,,,,,,,,,,,,,,,,,,,,,,,,,,,,,,,,,,,,,,,,,,,,,,,,,,,,,,,,,,,,,,,,,,,,,,,,,,,,,,,,,,,,,,,,,,,,,,,,,,,,,,,,,,,,,,,,,,,,,,,,,,,,,,,,,,,,,,,,,,
rhythm watch clock boutique avani mall howrah,রাইটিং ওয়াচ ক্লক বুটিক অবনী মল হাওড়া,,watch store,avani riverside mall jagat banerjee ghat rd choura bustee shibpur howrah west bengal india,choura bustee shibpur,avani riverside mall jagat banerjee ghat rd,howrah,711102,west bengal,in,,,False,22.5633307,88.3237401,,False,False,chijkvnvnvajordrvegayyfy,watch store,xadfxcefa,6253415234458831479,,125,tz,monday,am to pm,tuesday,am to pm,wednesday,am to pm,thursday,am to pm,friday,am to pm,saturday,am to pm,sunday,am to pm,,,,,,,,,,,,true,true,true,,,,,,,,timex,en,2,False,,ggdqgrfq,true,,true,,,true,clock repair service,,true,,,,,,,true,true,,clock and watch maker,watch manufacturer,,true,,,,,,,,,,,,,,,,,,,,,,,watch repair service,,,,,,,,,,,,,,,,,,,,,,,,,,,,,,,,,,,,,,,,,,,,,,,,,,,,,,,,,,,,,,,,,,,,,,,,,,,,,,,,,,,,,,,,,,,,,,,,,,,,,,,,,,,,,,,,,
rams,রামএস,,watch store,ground floor shop ho chi minh sarani kolkata west bengal india,kankaria estates park street area,ground floor shop ho chi minh sarani,kolkata,700071,west bengal,in,,,False,22.5466248,88.3487818,,False,False,chijdctbfajorpbtranjvbsy,watch store,xaccexcedbba,14298460229131246500,,73,tz,monday,closed,tuesday,am to pm,wednesday,am to pm,thursday,am to pm,friday,am to pm,saturday,am to pm,sunday,am to pm,true,true,true,true,true,,,true,,,true,,true,true,,,,,,,,timex,en,5,False,,gzbcrq,,,true,,,true,clock repair service,true,,,,,,,,true,,,clock and watch maker,watch manufacturer,,,,,,,,,,,,,,,,,,,,,,,,,watch repair service,,,,,,,,,,,,,,,,,,,,,,,,,,,,,,,,,true,true,,,,,,,,,,,,,,,,,,,monday,am– pm,tuesday,am– pm,wednesday,am– pm,thursday,am– pm,friday,am– pm,saturday,am– pm,sunday,am– pm,,,,,,monday,am– pm,tuesday,am– pm,wednesday,am– pm,thursday,am– pm,friday,am– pm,saturday,am– pm,sunday,am– pm,true,true,true,true,,,,,,,,,,,,,,,,,,,,,,,,
selection watches,সিলেকশন ওয়াচেস,,watch store,lindsay st near citi mart new market area dharmatala taltala kolkata west bengal india,new market area dharmatala taltala,lindsay st near citi mart,kolkata,700087,west bengal,in,,,False,22.5597259,88.3519549,,False,False,chijnxjkmahajorghkxeriqy,watch store,xacafxabfad,441822561484569984,,118,tz,monday,am to pm,tuesday,am to pm,wednesday,am to pm,thursday,am to pm,friday,am to pm,saturday,am to pm,sunday,am to pm,,,,,,,,,,,,true,true,true,true,true,,,,,,timex,en,7,False,,gtdcvjt,true,,,,,,watch repair service,,,,,,,,true,,,,,,true,true,,,,,,,,,,,,,,,,,,,,,,,,,,,,,,,,,,,,,,,,,,,,,,,,,,,,,,,,,,,,,,,,,,,,,,,,,,,,,,,,,,,,,,,,,,,,,,,,,,,,,,,,,,,,,,,,,,,,,,,,,,,,,,,,,,,,,,,,
modern electronic times,আধুনিক ইলেকট্রনিক বার,,watch store,h paharpur rd kachi sarak garden reach kolkata west bengal india,kachi sarak garden reach,h paharpur rd,kolkata,700024,west bengal,in,,,False,22.5479904,88.2874915,,False,False,chijnwzxzjhajoravqprsidu,watch store,xadcxeeebbaaff,17153657632744734466,,61,tz,monday,am to pm,tuesday,am to pm,wednesday,am to pm,thursday,am to pm,friday,to pm,saturday,am to pm,sunday,am to pm,,,,,,,,,,,,true,true,true,true,,,,,,,timex,en,8,False,,gbxtgzw,true,,,,,,,,,,,,,,,,,,,,,,,,,,,,,,,,,,,,,,,,,,,,,,,,,,,,,,,,,,,,,,,,,,,,,,,,,,,,,,,,,,,,,,,,,,,,,,,,,,,,,,,,,,,,,,,,,,,,,,,,,,,,,,,,,,,,,,,,,,,,,,,,,,,,,,,,,,,,,
fastrack store park street area kolkata,ফাস্ট্র্যাক,,watch store,d park st beside lawrence and mayo park street area kolkata west bengal india,park street area,d park st beside lawrence and mayo,kolkata,700071,west bengal,in,,,False,22.5520164,88.3530461,,False,False,chijfsorbpajormsaannu,watch store,xaaacafxfaebfcea,8499040054897397402,,260,tz,monday,am to pm,tuesday,am to pm,wednesday,am to pm,thursday,am to pm,friday,am to pm,saturday,am to pm,sunday,am to pm,,,,,,,,,,,,true,true,true,true,true,,,,,,timex,en,9,False,,gvklhq,true,,,,,false,bag shop,,true,true,true,,,,true,,false,,handbags shop,perfume store,,,,,,,,,,,,,,,,,,,,,,,,,sunglasses store,,,,,,,,,,,,,,,,,,,,,,,,,,,,,,,,,,,,,,,,,,,,,,,,,,,,,,,,,,,,,,,,,,,,,,,,,,,,,,,,,,,,,,,,,,,,,,,,,,,,,,,,,,,,,,,,,
timex,টাইমেক্স,,watch store,martin burn building bsr engineering construction co th floor room no radha bazar lal bazar bld kolkata west bengal india,bld,martin burn building bsr engineering construction co th floor room no radha bazar lal bazar,kolkata,700001,west bengal,in,,,True,22.5725367,88.3514232,,False,False,chijtimcavajorahqwpupurc,watch store,xaaabfxcfaaa,14935436418826533480,,1,tz,monday,am to pm,tuesday,am to pm,wednesday,am to pm,thursday,am to pm,friday,am to pm,saturday,am to pm,sunday,closed,,,,,,,,,,,,,,,,,,,,,,timex,en,10,False,,gtsbhr,,,,,,,,,,,,,,,,,,,,,,,,,,,,,,,,,,,,,,,,,,,,,,,,,,,,,,,,,,,,,,,,,,,,,,,,,,,,,,,,,,,,,,,,,,,,,,,,,,,,,,,,,,,,,,,,,,,,,,,,,,,,,,,,,,,,,,,,,,,,,,,,,,,,,,,,,,,,,,
titan world,টাইটান ওয়ার্ল্ড,,watch store,c park st opposite allen park taltala kolkata west bengal india,taltala,c park st opposite allen park,kolkata,700016,west bengal,in,,,False,22.550911,88.3545609,,False,False,chijuyuixhpajormmlmbhfx,watch store,xaacbxaffdfcfc,12637065101315590552,,510,tz,monday,am to pm,tuesday,am to pm,wednesday,am to pm,thursday,am to pm,friday,am to pm,saturday,am to pm,sunday,am to pm,,,,,,,,,,,,true,true,true,,,,,,,,timex,en,11,False,,gtfclm,true,,true,,,false,clock and watch maker,,true,true,true,,,,,,false,,watch manufacturer,watch repair service,,,,,,,,,,,,,,,,,,,,,,,,,,,,,,,,,,,,,,,,,,,,,,,,,true,,,,,,,,,,,,,,,,,,,,,,,,,,,,,,,,,,,,,,,,,,,,,,,,,,,,,,,,,,,,,,,,,,,,,,,,,,,,,,,,,,,,,,,,,
time zone,সময় অঞ্চল,,watch store,lindsay street lindsay near sreeleathers new market area dharmatala taltala kolkata west bengal india,new market area dharmatala taltala,lindsay street lindsay near sreeleathers,kolkata,700087,west bengal,in,,,True,22.5597824,88.3517849,,False,False,chijsaqkwhajorfvxjsdhi,watch store,xaaabxdfbfcd,7099676305595653245,,4,tz,monday,am to pm,tuesday,am to pm,wednesday,am to pm,thursday,am to pm,friday,am to pm,saturday,am to pm,sunday,am to pm,,,,,,,,,,,,true,true,true,,,,,,,,timex,en,12,False,,gtmqpsls,true,,,,,,,,,,,,,,,,,,,,,,,,,,,,,,,,,,,,,,,,,,,,,,,,,,,,,,,,,,,,,,,,,,,,,,,,,,,,,,,,,,,,,,,,,,,,,,,,,,,,,,,,,,,,,,,,,,,,,,,,,,,,,,,,,,,,,,,,,,,,,,,,,,,,,,,,,,,,,
titan shakespeare sarani,টাইটান শেক্সপীয়ার সরণি,,watch store,shakespeare sarani kankaria estates park street area kolkata west bengal india,kankaria estates park street area,shakespeare sarani,kolkata,700071,west bengal,in,,,True,22.5454896,88.3487113,,False,False,chijebrhzajortqijffwnsqu,watch store,xaaeefxbccd,410152319247255629,,14,tz,monday,am to pm,tuesday,am to pm,wednesday,am to pm,thursday,am to pm,friday,am to pm,saturday,am to pm,sunday,am to pm,,,,,,,,,,,,true,true,true,,,,,,,,timex,en,13,False,,ggyrcp,true,,true,,,,,,,,,,,,,,,,,,,,,,,,,,,,,,,,,,,,,,,,,,,,,,,,,,,,,,,,,,,,,,,,,,,,,,,,,,,,,,,,,,,,,,,,,,,,,,,,,,,,,,,,,,,,,,,,,,,,,,,,,,,,,,,,,,,,,,,,,,,,,,,,,,,,,,,,,,,
the times,দ্য টাইমস,,watch store,waterloo st esplanade dharmatala bow barracks kolkata west bengal india,esplanade dharmatala bow barracks,waterloo st,kolkata,700069,west bengal,in,,,True,22.5677435,88.3504015,,False,False,chijjtwkzajoriiisjqup,watch store,xaaedffxdcaf,11336212008516346615,,12,tz,monday,am to pm,tuesday,am to pm,wednesday,am to pm,thursday,am to pm,friday,am to pm,saturday,am to pm,sunday,closed,,,,,,,,,,,,true,,,,,,,,,,timex,en,14,False,,gqrgwy,true,,,,,,watch repair service,,,,,,,,,,,,,,,,true,,,,,,,,,,,,,,,,,,,,,,,,,,,,,,,,,,,,,,,,,,,,,,,,,,,,,,,,,,,,,,,,,,,,,,,,,,,,,,,,,,,,,,,,,,,,,,,,,,,,,,,,,,,,,,,,,,,,,,,,,,,,,,,,,,,,,,,
time india,টাইম ইন্ডিয়া,,watch store,gt rd naora shibpur howrah west bengal india,naora shibpur,gt rd,howrah,711102,west bengal,in,,,False,22.5682543,88.3241948,,False,False,chijlzogoibajormgyfvxrxa,watch store,xaaaxaddcbfc,12492230331468155954,,18,tz,monday,am to pm,tuesday,am to pm,wednesday,am to pm,thursday,am to pm,friday,to pm,saturday,am to pm,sunday,am to pm,,,,,,,,,,,,true,true,true,,,,,,,,timex,en,16,False,,gswt,true,,true,,,,,,,,,,,,,,,,,,,,,,,,,,,,,,,,,,,,,,,,,,,,,,,,,,,,,,,,,,,,,,,,,,,,,,,,,,,,,,,,,,,,,,,,,,,,,,,,,,,,,,,,,,,,,,,,,,,,,,,,,,,,,,,,,,,,,,,,,,,,,,,,,,,,,,,,,,,
new naaz times,নিউ নাজ টাইমস,,watch store,h kabitirtha sarani watgunge watganj kolkata west bengal india,watgunge watganj,h kabitirtha sarani,kolkata,700023,west bengal,in,,,True,22.545487,88.3222997,,False,False,chijdhbajorvaevespe,watch store,xaffadexeaacffdd,5666844408306269654,,1,tz,monday,am to pm,tuesday,am to pm,wednesday,am to pm,thursday,am to pm,friday,am to pm,saturday,am to pm,sunday,am to pm,,,,,,,,,,,,true,,,,,,,,,,timex,en,17,False,,gptwwxvqs,true,,,,,,watch repair service,,,,,,,,,,,,,,,,,,,,,,,,,,,,,,,,,,,,,,,,,,,,,,,,,,,,,,,,,,,,,,,,,,,,,,true,,,,,,,,,,,,,,,,,,,,,,,,,,,,,,,,,,,,,,,,,,,,,,,,,,,,,,,,,,,,,,,,,,,,,,,,,,,,,,,,,
time time,টাইম টাইম,,watch store,bg road danesh sheikh lane howrah west bengal india,danesh sheikh lane,bg road,howrah,711103,west bengal,in,,,False,22.5574901,88.3005843,,False,False,chijksklgujajornwybwpk,watch store,xabxffacbdee,18416249212274532064,,1,tz,,,,,,,,,,,,,,,,,,,,,,,,,,true,,,,,,,,,,timex,en,18,False,,gtyjnp,,,,,,,,,,,,,,,,,,,,,,,,,,,,,,,,,,,,,,,,,,,,,,,,,,,,,,,,,,,,,,,,,,,,,,,,,,,,,,,,,,,,,,,,,,,,,,,,,,,,,,,,,,,,,,,,,,,,,,,,,,,,,,,,,,,,,,,,,,,,,,,,,,,,,,,,,,,,,,
calcutta watch company,কলকাতা ওয়াচ কোং,,watch store,shyama prasad mukherjee rd bakul bagan bhowanipore kolkata west bengal india,bakul bagan bhowanipore,shyama prasad mukherjee rd,kolkata,700025,west bengal,in,,,False,22.5279558,88.3459606,,False,False,chijdclujhajoraclrkumq,watch store,xaadfdxcabadbb,7229063255731769451,,10,tz,monday,am to pm,tuesday,am to pm,wednesday,am to pm,thursday,am to pm,friday,am to pm,saturday,am to pm,sunday,closed,,,,,,,,,,,,true,true,true,,,,,,,,timex,en,19,False,,gqbllvy,true,true,true,,,false,,,,,,,,,,true,,,,,,,,,,,,,,,,,,,,,,,,,,,,,,,,,,,,,,,,,,,,,,,,,,,,,,,,,,,,,,,,,,,,,,,,,,,,,,,,,,,,,,,,,,,,,,,,,,,,,,,,,,,,,,,,,,,,,,,,,,,,,,,,,,,,,,,,,,,,,,
watches n many more,ওয়াচেস এন ম্যানি মোরে,,watch store,shop no jadubabu bazar ashutosh mukherjee rd beside nag paper house jadubabur bazar bhowanipore kolkata west bengal india,jadubabur bazar bhowanipore,shop no jadubabu bazar ashutosh mukherjee rd beside nag paper house,kolkata,700020,west bengal,in,,,True,22.533664,88.346232,,False,False,chijzexhmjlajorzdsxjteyug,watch store,xacecdxcdabdcd,5215665574758175949,,15,tz,monday,am to pm,tuesday,am to pm,wednesday,am to pm,thursday,am to pm,friday,am to pm,saturday,am to pm,sunday,closed,,,,,,,,,,,,true,true,true,,,,,,,,timex,en,20,False,,gdxbjgsl,true,true,,,,,,,,,,,,,,,,,,,,,,,,,,,,,,,,,,,,,,,,,,,,,,,,,,,,,,,,,,,,,,,,,,,,,,,,,,,,,,,,,,,,,,,,,,,,,,,,,,,,,,,,,,,,,,,,,,,,,,,,,,,,,,,,,,,,,,,,,,,,,,,,,,,,,,,,,,,,
the time factory,द टाइम फॅक्टरी,,watch store,jqwwcx old mumbai pune hwy near prince hotel mohan nagar midc chinchwad pimprichinchwad pune maharashtra india,mohan nagar midc chinchwad,jqwwcx old mumbai pune hwy near prince hotel,pimprichinchwad pune,411019,maharashtra,in,,,True,18.6456185,73.7961207,,False,False,chijbscbxzowjsrpitrwvysi,watch store,xbcbfbxcfdfcda,14006880797929317542,,1,tz,monday,am to pm,tuesday,am to pm,wednesday,am to pm,thursday,am to pm,friday,am to pm,saturday,am to pm,sunday,am to pm,,,,,,,,,,,,true,true,true,,,,,,,,timex,en,27,False,,gcpztns,true,,true,,,,,,,,,,,,,,,,,,,,,,,,,,,,,,,,,,,,,,,,,,,,,,,,,,,,,,,,,,,,,,,,,,,,,,,,,,,,,,,,,,,,,,,,,,,,,,,,,,,,,,,,,,,,,,,,,,,,,,,,,,,,,,,,,,,,,,,,,,,,,,,,,,,,,,,,,,,
new maharashtra watch and electronics,न्यू महाराष्ट्र वॉच एंड इलेक्ट्रॉनिक्स,watch seller also offering clock repairs and battery fitting,watch store,new maharashtra watch and electronics sno chilekar nagar kaspate wasti wakad pimprichinchwad maharashtra india,chilekar nagar kaspate wasti wakad,new maharashtra watch and electronics sno,pimprichinchwad,411057,maharashtra,in,,,False,18.5967767,73.7741078,,False,False,chijdwvoqwjsrdmozhrbrlkk,watch store,xbcbeaecefdxebdbe,5302684091495441166,,17,tz,monday,am to pm,tuesday,am to pm,wednesday,am to pm,thursday,am to pm,friday,am to pm,saturday,am to pm,sunday,am to pm,,,,,,,,true,true,true,true,true,true,true,true,true,,,,,,timex,en,38,False,,gcmbkdcpr,true,,,,,,clock and watch maker,,,,,,,,true,,,,watch repair service,,true,true,,,,,,,,,,,,,,,,,,,,,,true,,true,true,,,,true,true,,,,,,,,,,,,,,,true,,,,,,,,,,,,,,,,,,,,,,,,,,,,,,,,,,,,,,,,,,,,,,,,,,,,,,,,,,,,,,,,,,,,true,true,,,,,,,,,,,,,,,,,,,,,,
titan world jadavpur kolkata,টাইটান ওয়ার্ল্ড যাদবপুর,retail outlet for titan watches featuring a range of models such as fastrack and sonata,watch store,shop no a raja sc mullick rd opposite kpc medical college jadavpur kolkata west bengal india,jadavpur,shop no a raja sc mullick rd opposite kpc medical college,kolkata,700032,west bengal,in,,,False,22.4939889,88.3712897,,False,False,chijrmrvijxajorfetqvoguuq,watch store,xabebedxfaeeab,4922752129806519060,,116,tz,monday,am to pm,tuesday,am to pm,wednesday,am to pm,thursday,am to pm,friday,am to pm,saturday,am to pm,sunday,am to pm,true,true,true,true,true,,,,,,,true,true,true,,,,,,,,timex,en,29,False,,gqgm,,,true,,,false,,,,,,,,,,,,,,,,,,,,,,,,,,,,,,,,,,,,,,,,,,,,,,,,,,,,,,,,,,,,,,,,,,,,,,,,,,,,,,,,,,,,,,,,,,,,,,,,,,,,,,,,,,,,,,,,,,,,,,,,,,,,,,,,,,,,,,,,,,,,,,,,,,,,,,,,
n m glory,এন এম গ্লোরি,,watch store,jadavpur station rd k p c medical college and hospital campus jadavpur kolkata west bengal india,k p c medical college and hospital campus jadavpur,jadavpur station rd,kolkata,700032,west bengal,in,,,True,22.4956744,88.3715792,,False,False,chijozkazxxajorsoztaslrla,watch store,xacdbxbbcce,12701317579549763144,,10,tz,monday,am to pm,tuesday,am to pm,wednesday,am to pm,thursday,am to pm,friday,am to pm,saturday,am to pm,sunday,closed,,,,,,,,,,,,true,true,true,,,,,,,,timex,en,31,False,,gwfvls,true,true,true,,,,,,,,,,,,,,,,,,,,,,,,,,,,,,,,,,,,,,,,,,,,,,,,,,,,,,,,,,,,,,,,,,,,,,,,,,,,,,,,,,,,,,,,,,,,,,,,,,,,,,,,,,,,,,,,,,,,,,,,,,,,,,,,,,,,,,,,,,,,,,,,,,,,,,,,,,,
roy watch co,রয় ওয়াচ সিও,,watch store,ranikuthi regent place kolkata west bengal india,ranikuthi regent place regent park,,kolkata,700040,west bengal,in,,,True,22.4839737,88.354958,,False,False,chijvcvevwajorbzqqjnjwu,watch store,xaebdexceaaa,5026942415239002631,,11,tz,monday,am to pm,tuesday,am to pm,wednesday,am to pm,thursday,am to pm,friday,am to pm,saturday,am to pm,sunday,closed,,,,,,,,,,,,true,,,,,,,,,,timex,en,33,False,,gptzgr,true,,,,,,clock repair service,,,,,,,,,,,,watch repair service,,,,,,,,,,,,,,,,,,,,,,,,,,,,,,,,,,,,,,,,,,,,,,,,,,,,,,,,,,,,,,,,,,,,,,,,,,,,,,,,,,,,,,,,,,,,,,,,,,,,,,,,,,,,,,,,,,,,,,,,,,,,,,,,,,,,,,,,,,,
citizen flagship shop kolkata,সিটিজেন ফ্ল্যাগশিপ সব কলকাতা,,watch store,south city mall s nd floor west bengal india,south city complex jadavpur,south city mall s nd floor,kolkata,700068,west bengal,in,,,False,22.5018172,88.3616168,,False,False,chijisvurxajoruswlrvdqk,watch store,xabbdbbxebeecc,713050561452100690,,32,tz,monday,am to pm,tuesday,am to pm,wednesday,am to pm,thursday,am to pm,friday,am to pm,saturday,am to pm,sunday,am to pm,,,,,,,,,,,,true,true,true,true,,,,,,,timex,en,34,False,,gqctx,true,true,,,,,,,,,,,,,,true,,,,,,,,,,,,monday,am– pm,tuesday,am– pm,wednesday,am– pm,thursday,am– pm,friday,am– pm,saturday,am– pm,sunday,am– pm,,,,,,,,,,,,,,,,,,,,,,,,,,,,,,,,,,,,,,,,,,,,,,,,,,,,,,,,,,,,,,,,,,,,,,,,,,,,,,,,,,,,,,,,,,,,,,,,,,,,,,,,,,,,,,,,,,,,,
time co,টাইম সিও,,watch store,c near bijoygarh bazar beside axis bank bijoygarh jadavpur kolkata west bengal india,bijoygarh jadavpur,c near bijoygarh bazar beside axis bank,kolkata,700032,west bengal,in,,,False,22.4901013,88.3633616,,False,False,chijfqrzjxajorxbbyghg,watch store,xafabfadxdbe,8682997831832393187,,5,tz,monday,closed,tuesday,am to pm to pm,wednesday,am to pm to pm,thursday,am to pm to pm,friday,am to pm to pm,saturday,am to pm to pm,sunday,am to pm to pm,,,,,,,,,,,,true,,,,,,,,,,timex,en,36,False,,gkrcmrgcb,,,,,,,,,,,,,,,,,,,,,,,,,,,,,,,,,,,,,,,,,,,,,,,,,,,,,,,,,,,,,,,,,,,,,,,,,,,,,,,,,,,,,,,,,,,,,,,,,,,,,,,,,,,,,,,,,,,,,,,,,,,,,,,,,,,,,,,,,,,,,,,,,,,,,,,,,,,,,,
prime watch world,প্রাইম ওয়াচ ওয়ার্ল্ড,,watch store,a prince anwar shah rd south city complex jodhpur park kolkata west bengal india,south city complex jodhpur park,a prince anwar shah rd,kolkata,700068,west bengal,in,,,True,22.5017979,88.3614948,,False,True,chijdexdhwajornfkzzsmm,watch store,xaddbfdxdecaccfae,7194197681731427892,,5,tz,,,,,,,,,,,,,,,,,,,,,,,,,,,true,true,,,,,,,,timex,en,37,False,,gthby,true,,true,,,,,,,,,,,,,,,,,,,,,,,,,,,,,,,,,,,,,,,,,,,,,,,,,,,,,,,,,,,,,,,,,,,,,,,,,,,,,,,,,,,,,,,,,,,,,,,,,,,,,,,,,,,,,,,,,,,,,,,,,,,,,,,,,,,,,,,,,,,,,,,,,,,,,,,,,,,
time machine,টাইম মেশিন,,watch store,pc sarkar sarani golpark ekdalia gariahat kolkata west bengal india,golpark ekdalia gariahat,pc sarkar sarani,kolkata,700019,west bengal,in,,,False,22.5208307,88.3707798,,False,False,chijlmznfajoresarfdbw,watch store,xaccfxaccca,12396008196329816186,,11,tz,monday,am to pm,tuesday,am to pm,wednesday,am to pm,thursday,am to pm,friday,am to pm,saturday,am to pm,sunday,am to pm,,false,,,,,,,,,,true,,,,,,,,,,timex,en,24,False,,gqblxyxd,,,,,,,watch repair service,,,,,,,,,,,,,,,,,,true,,,,,,,,,,,,,,,,,,,,,,,,,,,,,,,,,,,,,,,,,,,,,,,,,,,,,,,,,,,,,,,,,,,,,,,,,,,,,,,,,,,,,,,,,,,,,,,,,,,,,,,,,,,,,,,,,,,,,,,,,,,,,,,,,,,,,
titan house,টাইটান হাউস,,watch store,b ajc bose rd mullick bazar entally kolkata west bengal india,mullick bazar entally,b ajc bose rd,kolkata,700016,west bengal,in,,,True,22.5526782,88.3636185,,False,False,chijwacupajorbaarbuayhui,watch store,xafdfaeacxeebc,16322789837208485996,,20,tz,monday,am to pm,tuesday,am to pm,wednesday,am to pm,thursday,am to pm,friday,am to pm,saturday,am to pm,sunday,am to pm,,,,,,,,,,,,true,true,true,,,,,,,,timex,en,28,False,,gvdzp,true,,true,,,,,,,,,,,,,,,,,,,,,,,,,,,,,,,,,,,,,,,,,,,,,,,,,,,,,,,,,,,,,,,,,,,,,,,,,,,,,,,,,,,,,,,,,,,,,,,,,,,,,,,,,,,,,,,,,,,,,,,,,,,,,,,,,,,,,,,,,,,,,,,,,,,,,,,,,,,
timex bond industries private limited,টাইমেক্স বন্দ ইন্ডাষ্ট্রিজ প্রাইভেট লিমিটেড,,,kamalalaya centre premises nobg basement of building a lenin sarani rd kolkata west bengal india,esplanade chandni chawk bowbazar,kamalalaya centre premises nobg basement of building a lenin sarani rd,kolkata,700013,west bengal,in,,,False,22.563729,88.357459,,False,False,chijvqvwdajorhtmybite,,xabexf,3540380739628970885,,2,tz,monday,am to pm,tuesday,am to pm,wednesday,am to pm,thursday,am to pm,friday,am to pm,saturday,am to pm,sunday,closed,,,,,,,,,,,,,,,,,,,,,,timex,en,29,False,,gjxmt,,,,,,,,,,,,,,,,,,,,,,,,,,,,,,,,,,,,,,,,,,,,,,,,,,,,,,,,,,,,,,,,,,,,,,,,,,,,,,,,,,,,,,,,,,,,,,,,,,,,,,,,,,,,,,,,,,,,,,,,,,,,,,,,,,,,,,,,,,,,,,,,,,,,,,,,,,,,,,
titan world manoharpukur kolkata,টাইটান ওয়ার্ল্ড মনোহরপুকুর কলকাতা,,watch store,bldg no a rash behari ave near deshapriya park west manoharpukur kalighat kolkata west bengal india,manoharpukur kalighat,bldg no a rash behari ave near deshapriya park west,kolkata,700029,west bengal,in,,,False,22.5180334,88.3552604,,False,False,chijdiuqdrajorbyjvcwwcczi,watch store,xaaeffxd,10552358772365689453,,204,tz,monday,am to pm,tuesday,am to pm,wednesday,am to pm,thursday,am to pm,friday,am to pm,saturday,am to pm,sunday,am to pm,true,true,true,true,true,,,,,,,true,true,true,,,,,,,,timex,en,31,False,,gfbs,,,true,,,,clock and watch maker,,,,,,,,,,,,watch manufacturer,watch repair service,,,,,,,,,,,,,,,,,,,,,,,,,,,,,,,,,,,,,,,,,,,,,,,,,,true,,,,,,,,,,,,,,,,,,,,,,,,,,,,,,,,,,,,,,,,,,,,,,,,,,,,,,,,,,,,,,,,,,,,,,,,,,,,,,,,,,,,,,,,
titan world ballygunge kolkata,টাইটান ওয়ার্ল্ড,,watch store,shop no maurya centre gariahat rd opposite indian bank dover terrace ballygunge kolkata west bengal india,dover terrace ballygunge,shop no maurya centre gariahat rd opposite indian bank,kolkata,700019,west bengal,in,,,False,22.5219167,88.3649905,,False,False,chijcssrrajortpdafvwo,watch store,xadfbxaffcdaed,7662304153734822637,,285,tz,monday,am to pm,tuesday,am to pm,wednesday,am to pm,thursday,am to pm,friday,am to pm,saturday,am to pm,sunday,am to pm,true,true,true,true,true,,,,,,,true,true,true,,,,,,,,timex,en,34,False,,gtdpd,,,true,,,false,clock and watch maker,,,,,,,,,,false,,watch manufacturer,watch repair service,,,,,,,,,,,,,,,,,,,,,,,,,,,,,,,,,,,,,,,,,,,,,,,,,,,,,,,,,,,,,,,,,,,,,,,,,,,,,,,,,,,,,,,,,,,,,,,,,,,,,,,,,,,,,,,,,,,,,,,,,,,,,,,,,,,,,,,,,,
fastrack store,फास्ट्रैक स्टोर,,watch store,shop plot adc h fastrack store opposite akurdi railway station road sector no pradhikaran nigdi pune pimprichinchwad maharashtra india,sector no pradhikaran nigdi,shop plot adc h fastrack store opposite akurdi railway station road,pune pimprichinchwad,411044,maharashtra,in,,,False,18.6488209,73.7653627,,False,False,chijdjaguuwjsrkbanidnci,watch store,xbcbbbfxcddfea,14023537887375540458,,213,tz,monday,am to pm,tuesday,am to pm,wednesday,am to pm,thursday,am to pm,friday,am to pm,saturday,am to pm,sunday,am to pm,,,,,,,,,,,,true,true,true,,,,,,,,timex,en,42,False,,ggvg,true,,true,,,false,bag shop,,true,true,true,,,,,true,false,,handbags shop,perfume store,,,,,,,,,,,,,,,,,,,,,,,,,sunglasses store,,,,,,,,,,,,,,,,,,,,,,,,,,,,,,,,,,,,,,,,,,,,,,,,,,,,,,,,,,,,,,,,,,,,,,,,,,,,,,,,,,,,,,,,,,,,,,,,,,,,,,,,,,,,,,,,,
helios watch store hinjewadi pune,हीलियस वॉच स्टोर हिंजेवाड़ी पुणे,,watch store,unit no terminal a nearby croma phase rajiv gandhi infotech park hinjawadi pune maharashtra india,phase rajiv gandhi infotech park,unit no terminal a nearby croma,hinjawadi pune,411057,maharashtra,in,,,False,18.5958663,73.7280989,,False,False,chijefhkewjsrcbiznpis,watch store,xbcbbaceefxbcdecae,10032979311566368371,,71,tz,monday,am to pm,tuesday,am to pm,wednesday,am to pm,thursday,am to pm,friday,am to pm,saturday,am to pm,sunday,am to pm,,,,,,,,,,,,true,true,true,,,,,,,,timex,en,44,False,,glyrcjqy,true,true,true,,,,watch manufacturer,,,,,,,,,,,,watch repair service,,,,,,,,,,,,,,,,,,,,,,,,,,,,,,,,,,,,,,,,,,,,,,,,,,,,,,,,,,,,,,,,,,,,,,,,,,,,,,,,,,,,,,,,,,,,,,,,,,,,,,,,,,,,,,,,,,,,,,,,,,,,,,,,,,,,,,,,,,,
just watches,जस्ट वॉचेस,,watch store,westend mall floor near parihar chowk ward no wireless colony aundh pune maharashtra india,ward no wireless colony aundh,westend mall floor near parihar chowk,pune,411067,maharashtra,in,,,False,18.561799,73.807217,,False,False,chijxtizcwjsrgjqkonlijbm,watch store,xbcbfdcebxbdaa,12938076990007317632,,15,tz,monday,am to pm,tuesday,am to pm,wednesday,am to pm,thursday,am to pm,friday,am to pm,saturday,am to pm,sunday,am to pm,,,,,,,,,,,,true,true,true,,,,,,,,timex,en,45,False,,gcrzqzj,true,,true,,,,,,true,true,true,,,,,true,,,,,,,,,,,,,,,,,,,,,,,,,,,,,,,,,,,,,,,,,,,,,,,,,,,,,,,,,,,,,,,,,,,,,,,,,,,,,,,,,,,,,,,,,,,,,,,,,,,,,,,,,,,,,,,,,,,,,,,,,,,,,,,,,,,,,,,,,,,,,,
titan hinjewadi shivray times pvt ltd,टाइटन हिंजेवाड़ी शिवराय टाइम्स पीवीटी एलटीडी,,watch store,titan showroom maushi road below village kitchen next to lenskart hinjawadi pune maharashtra india,hinjawadi,titan showroom maushi road below village kitchen next to lenskart,hinjawadi pune,411057,maharashtra,in,,,False,18.5911518,73.7423894,,False,False,chijjwjxfuwjsrubpyjqrdtec,watch store,xbcbbfbfxedaba,16667052168266824273,,53,tz,monday,am to pm,tuesday,am to pm,wednesday,am to pm,thursday,am to pm,friday,am to pm,saturday,am to pm,sunday,am to pm,,,,,,,,,,,,true,true,true,,,,,,,,timex,en,46,False,,gtrmnp,true,true,true,,,true,,,,,,,,,,,true,,,,,,,,,,,,,,,,,,,,,,,,,,,,,,,,,,,,,,,,,,,,,,,false,false,,,,,,,,,,,,,,,,,,,,,,,,,,,,,,,,,,,,,,,,,,,,,,,,,,,,,,,,,,,,,,,,,,,,,,,,,,,,,,,,,,,,,,,,,,,,,
lovely watch house,लवली वॉच हाउस,,watch store,hrjjx ganesh nagarmain road mahalakshmi road sant tukaram nagar new sanghavi pimple gurav pimprichinchwad maharashtra india,ganesh nagar sant tukaram nagar pimple gurav,hrjjx ganesh nagarmain road mahalakshmi road sant tukaram nagar new sanghavi,pimprichinchwad,411061,maharashtra,in,,,True,18.5815192,73.812403,,False,False,chijtpsncwjsrulzzhynuq,watch store,xbcbcfafxccdcba,14146787758829034682,,4,tz,monday,closed,tuesday,am to pm to pm,wednesday,am to pm to pm,thursday,am to pm to pm,friday,am to pm to pm,saturday,am to pm to pm,sunday,am to pm to pm,,,,,,,,,,,,true,,,,,,,,,,timex,en,48,False,,gppvdkt,true,true,,,,,,,,,,,,,,,,,,,,,,,,,,,,,,,,,,,,,,,,,,,,,,,,,,,,,,,,,,,,,,,,,,,,,,,,,,,,,,,,,,,,,,,,,,,,,,,,,,,,,,,,,,,,,,,,,,,,,,,,,,,,,,,,,,,,,,,,,,,,,,,,,,,,,,,,,,,,
natraj watch,नटराज वॉच,,watch store,mg rd mg rd mg rd pimpri colony pimprichinchwad maharashtra india,shastri nagar pimpri colony,mg rd mg rd mg rd,pimprichinchwad,411017,maharashtra,in,,,False,18.6209045,73.8030892,,False,False,chijdtiawjsrklnylujdy,watch store,xbcbefabfxceedbe,3930778819542903187,,5,tz,monday,am to pm,tuesday,am to pm,wednesday,am to pm,thursday,am to pm,friday,am to pm,saturday,am to pm,sunday,am to pm,true,true,true,true,,,,,,,,true,true,true,true,true,,,,,,timex,en,49,False,,gppvkbyg,,,,,,,repair service,,,,,,,,,,,,,,,,,,,,,,,,,,,,,,,,,,,,,,,,,,,,,,,,,,,,,,,,,,,,,,,,,,,,,,,,,,,,,,,,,,,,,,,,,,,,,,,,,,,,,,,,,,,,,,,,,,,,,,,,,,,,,,,,,,,,,,,,,,,,,,,,,,,,,,,
golden watch electronic,,,watch store,jai jhulelal main bazar rd b block shastri nagar pimpri colony pimprichinchwad maharashtra india,b block shastri nagar pimpri colony,jai jhulelal main bazar rd,pimprichinchwad,411017,maharashtra,in,,,False,18.6224444,73.8006796,,False,False,chijehkfawjsrokmshgogm,watch store,xbccfdfebxffaaa,8066516524842787744,,32,tz,monday,am to pm,tuesday,am to pm,wednesday,am to pm,thursday,am to pm,friday,am to pm,saturday,am to pm,sunday,am to pm,,,,,,,,true,,,true,,,,,,,,,,,timex,en,50,False,,gbvtj,,,true,,,,,,,,,,,,,true,,,,,,,true,,,,,,,,,,,,,,,,,,,,true,,,,,,,,,,,,,,,,,,,,,,true,,,,true,,,,,,,,,true,true,,,,,,,,,,,,,,,,,,,,,,,,,,,,,,,,,,,,,,,,,,,,,,,,,,,,,,,,,,true,true,true,,,,,,,,,,,,,,,,,,,
hindustan times,,,watch store,shop no ear bhoir colony dange chowk rd onkar colony yashoda colony thergaon pimprichinchwad maharashtra india,onkar colony yashoda colony thergaon,shop no ear bhoir colony dange chowk rd,pimprichinchwad,411033,maharashtra,in,,,False,18.6141712,73.7643267,,False,False,chijmhozwjsrzhzadvllxdo,watch store,xbcbdfceaxacef,4205488981585983076,,4,tz,monday,am to pm,tuesday,am to pm,wednesday,am to pm,thursday,am to pm,friday,am to pm,saturday,am to pm,sunday,am to pm,,,,,,,,,,,,true,,,,,,,,,,timex,en,51,False,,gppvkbp,true,,,,,,,,,,,,,,,,,,,,,,true,,,,,,,,,,,,,,,,,,,,,,,,,,,true,,,,,,,,,,,,,,,,,,,,,,,,,,,,,,,,,,,,,,,,,,,,,,,,,,,,,,,,,,,,,,,,,,,,,,,,,,,,,,,,,,,,,,,,,,,,,,,,,,,,,,,,,,,,
titan royal time ⌚️service repair centre⌚️,टाइटन रॉयल टाइम ⌚️सर्विस रिपेयर सेंटर⌚️,selection of timepieces from big brands sold and serviced by knowledgeable staff,watch store,besides amrita hotel ganraj chowk shop no krushnai building baner pune maharashtra india,baner,besides amrita hotel ganraj chowk shop no krushnai building,pune,411045,maharashtra,in,,,False,18.5642868,73.7780075,,False,False,chijzxyhuwjsrlidpofdo,watch store,xbcbfeccfxaffaafe,9948204850160492514,,25,tz,monday,am to pm,tuesday,am to pm,wednesday,am to pm,thursday,am to pm,friday,am to pm,saturday,am to pm,sunday,am to pm,,,,,,,,,,,,true,true,true,true,true,,,,,,timex,en,52,False,,gtccnl,true,,,,,,clock repair service,,,,,,,,true,,,,watch repair service,,true,true,,,,,,,,,,,,,,,,,,,,,,,,,,,,,,,,,,,,,,,,,,,,,,,,,,,,,,,,,,,,,,,,,,,,,,,,,,,,,,,,,,,,,,,,,,,,,,,,,,,,,,,,,,,,,,,,,,,,,,,,,,,,,,,,,,,,,,,,
titan world watch sales and sevices,टाइटन वर्ल्ड वॉच सेल्स एंड स्विचेस,,watch store,shop no mahalaxmi complex s no kaspate wasti rd near chhatrapati chowk vishnu dev nagar wakad pimprichinchwad maharashtra india,vishnu dev nagar wakad,shop no mahalaxmi complex s no kaspate wasti rd near chhatrapati chowk,pimprichinchwad,411057,maharashtra,in,,,False,18.5982001,73.7744895,,False,False,chijlwmafmwjsrdexhwkkso,watch store,xbcbdfxaffaced,3095450315458602253,,18,tz,monday,am to pm,tuesday,am to pm,wednesday,am to pm,thursday,am to pm,friday,am to pm,saturday,am to pm,sunday,am to pm,,,,,,,,,,,,true,true,true,,,,,,,,timex,en,53,False,,gqqgllnkr,true,true,true,,,,clock repair service,,,,,,,,,true,,,watch repair service,,,,,,,,,,,,,,,,,,,,,,,,,,,,,,,,,,,,,,,,,,,,,,,,,,,,,,,,,,,,,,,,,,,,,,,,,,,,,,,,,,,,,,,,,,,,,,,,,,,,,,,,,,,,,,,,,,,,,,,,,,,,,,,,,,,,,,,,,,,
suyog watch company,सुयोग वॉच कंपनी,,watch store,shop no kunal market chapaker chowk pimprichinchwad maharashtra india,gandhi peth prabhat colony chinchwad gaon chinchwad,shop no kunal market chapaker chowk,pimprichinchwad,411033,maharashtra,in,,,True,18.6290684,73.7813626,,False,False,chijdgyrqwjsryatqxdoijlm,watch store,xbcbbafdfdxacabc,5991654695740509128,,10,tz,monday,am to pm,tuesday,am to pm,wednesday,am to pm,thursday,am to pm,friday,am to pm,saturday,am to pm,sunday,am to pm,,,,,,,,,,,,true,,,,,,,,,,timex,en,54,False,,gdztwm,true,true,,,,,,,,,,,,,,,,,,,,,true,,,,,,,,,,,,,,,,,,,,,,,,,,,true,,,,,,,,,,,,true,,,,,,,,,,,,,,,,,,,,,,,,,,,,,,,,,,,,,,,,,,,,,,,,,,,,,,,,,,,,,,,,,,,,,,,,,,,,,,,,,,,,,,,,,,,,,,,,
titan watch store punawalenyasa pimprichinchwad pcmc pune,टाइटन वॉच स्टोर पुनवालेन्यासा पिंपरीचिंचवड़ पीसीएमसी पुणे,,watch store,ground floor awing society gaikwad nagar rd next to gk aarcon opp malpani cereza punawale pimprichinchwad maharashtra india,punawale,ground floor awing society gaikwad nagar rd next to gk aarcon opp malpani cereza,pimprichinchwad,411033,maharashtra,in,,,False,18.6243665,73.729328,,False,False,chijelbwwjsrtryysvco,watch store,xbcbbebbeexcabcbfdaea,14579620029926988522,,128,tz,monday,am to pm,tuesday,am to pm,wednesday,am to pm,thursday,am to pm,friday,am to pm,saturday,am to pm,sunday,am to pm,,,,,,true,,,,,true,true,true,true,true,true,,,,,,timex,en,55,False,,gwpyxlk,true,,,,,,clock repair service,,,,,,true,true,,,,,perfume store,watch repair service,true,true,,,,,,,,,,,,,,,,,,,,,,true,,,,,,,,,,,,,,,,,,,,false,,,,,,true,,,,,,,,,,,,,,,,,,,,,,,,,,,,,,,,,,,,,,,,,,,,,,,,,,,,,,,,,,,,,,,,,,,,false,,,,,,,,,,,,,,,,,,,,
titan baner watch store authorise service centre⌚️⌚️sales service,टाइटन बैनर वॉच स्टोर ऑथराइज सर्विस सेंटर⌚️⌚️सेल्स सर्विस,,watch store,titan baner shop no upper ground floor snobswasti shree societydiagonally opp primrose mall below four fountain spa balewadi phata baner pune maharashtra india,madhavbaug society balewadi phata baner,titan baner shop no upper ground floor snobswasti shree societydiagonally opp primrose mall below four fountain spa,pune,411069,maharashtra,in,,,False,18.5618261,73.7848611,,False,False,chijdednaswjsrkmomzefle,watch store,xbcbfedxefbecd,5842961193837186448,,61,tz,monday,am to pm,tuesday,am to pm,wednesday,am to pm,thursday,am to pm,friday,am to pm,saturday,am to pm,sunday,am to pm,,,,,,,,,,,,true,true,true,,,,,,,,timex,en,56,False,,gpwypj,true,,true,,,,belt shop,,true,,,,,,,,,,perfume store,sunglasses store,,true,,,,,,,,,,,,,,,,,,,,,,,watch repair service,,,,,,true,true,,,,,,,,,,,,,,,,,,,,,,,,,,,,,,,,,,,,,,,,,,,,,,,,,,,,,,,,,,,,,,,,,,,,,,,,,,,,,,,,,,,,,,,,,,,,,,,,,,,,,,,,,,
helios watch store aundh pune,हेलिओस वॉच स्टोर बी टायटन,,watch store,ground floor plexus mall iti rd opposite ozone restaurant ward no pushpak park aundh pune maharashtra india,ward no pushpak park aundh,ground floor plexus mall iti rd opposite ozone restaurant,pune,411067,maharashtra,in,,,False,18.5558626,73.8093822,,False,False,chijwousawjsrfneetia,watch store,xbcbfcfedxeadeefff,9286613643212355967,,168,tz,monday,am to pm,tuesday,am to pm,wednesday,am to pm,thursday,am to pm,friday,am to pm,saturday,am to pm,sunday,am to pm,,,,,,,,,,,,true,true,true,,,,,,,,timex,en,57,False,,gfhktdrwh,true,,true,,,,clock repair service,,,,,,,,,,,,clock and watch maker,watch manufacturer,true,true,,,,,,,,,,,,,,,,,,,,,,,watch repair service,,,,,,,,,,,,,,,,,,,,,,,,,,,,,,,,,,,,,,,,,,,,,,,,,,,,,,,,,,,,,,,,,,,,,,,,,,,,,,,,,,,,,,,,,,,,,,,,,,,,,,,,,,,,,,,,,
hindustan watch,हिंदुस्तान वॉच,,watch store,shivaji chwok near lic office hinjawadi pune maharashtra india,hinjawadi,shivaji chwok near lic office,hinjawadi pune,411057,maharashtra,in,,,False,18.5909404,73.7394219,,False,False,chijguivzmcwjsrgcaxnbocak,watch store,xbcbxcebfd,680270866110948888,,12,tz,monday,am to pm,tuesday,am to pm,wednesday,am to pm,thursday,am to pm,friday,am to pm,saturday,am to pm,sunday,am to pm,,,,,,,,,,,,true,,,,,,,,,,timex,en,58,False,,gbxdwnvc,true,true,,,,,watch repair service,,,,,,,,,,,,,,,,,,,,,,,,,,,,,,,,,,,,,,,,,,,,,,,,,,,,,,,,true,,,,,,,,,,,,,,,,,,,,,,,,,,,,,,,,,,,,,,,,,,,,,,,,,,,,,,,,,,,,,,,,,,,,,,,,,,,,,,,,,,,,,,,,,,,,,,,
multibrand watch store,मल्टीब्रांड वॉच स्टोर,,watch store,rahatani rd opp divya heights near kunjir ganpati mandir pimple saudagar pimprichinchwad maharashtra india,pimple saudagar,rahatani rd opp divya heights near kunjir ganpati mandir,pimprichinchwad,411027,maharashtra,in,,,False,18.6005977,73.7940475,,False,False,chijdfpuwjsrtnnqvktae,watch store,xbcbbcbffedxaffeae,11670508081311807822,,47,tz,monday,am to pm,tuesday,am to pm,wednesday,am to pm,thursday,am to pm,friday,am to pm,saturday,am to pm,sunday,am to pm,,,,,,,,,,,,true,true,true,true,true,,,,,,timex,en,59,False,,gghshhr,true,true,,,,,watch repair service,,,,,,,,,,,,,,,,,,,,,,,,,,,,,,,,,,,,,,,,,,,,,,,,,,,,,,,,,,,,,,,,,,,,,,,,,,,,,,,,,,,,,,,,,,,,,,,,,,,,,,,,,,,,,,,,,,,,,,,,,,,,,,,,,,,,,,,,,,,,,,,,,,,,,,,
pashankar watch,पाशंकर वॉच,,watch store,sterling horizon shivshakti chowk pashan sus rd near relience smart point pashan pune maharashtra india,pashan,sterling horizon shivshakti chowk pashan sus rd near relience smart point,pune,411021,maharashtra,in,,,False,18.5446818,73.7811509,,False,False,chijvwnfiwjsrfqpidiatx,watch store,xbcbeefcxdff,2112047728806159487,,35,tz,monday,to pm,tuesday,to pm,wednesday,to pm,thursday,to pm,friday,to pm,saturday,am to pm to pm,sunday,am to pm to pm,,,,,,,,,,,,true,,,,,,,,,,timex,en,60,False,,gqkktz,true,true,,,,,clock repair service,,,,,,,,,,,,clock and watch maker,watch repair service,,,,,,,,,,,,,,,,,,,,,,,true,,,,,,,,,,,,,,,,,,,,,,,,,,,,,,,,,,true,,,,,,,,,,,,,,,,,,,,,,,,,,,,,,,,,,,,,,,,,,,,,,,,,,,,,,,,,,,,,,,,,,,,,,,,,,,,,,,,,
priya opticals timex watch company,প্রিয়া অপটিক্যাল টাইমেক্স ওয়াচ কোম্পানি,,watch store,no raja sc mullick road garia more rsc road valley park garia kolkata west bengal india,garia bazaar valley park garia,no raja sc mullick road garia more rsc road,kolkata,700084,west bengal,in,,,False,22.4655848,88.3788542,,False,False,chijqzfhqfxajorkphrvqdklvc,watch store,xaaexfeaaa,17811255658865072170,,1,tz,,,,,,,,,,,,,,,,,,,,,,,,,,true,true,true,,,,,,,,timex,en,6,False,,gyglpfq,true,,,,,,optician,,,,,,,,,,,,,,,,,,,,,,,,,,,,,,,,,,,,,,,,,,,,,,,,,,,,,,,,,,,,,,,,,,,,,,,,,,,,,,,,,,,,,,,,,,,,,,,,,,,,,,,,,,,,,,,,,,,,,,,,,,,,,,,,,,,,,,,,,,,,,,,,,,,,,,,
time house,টাইম হাউস,,watch store,jadavpur station link road k p c medical college and hospital campus jadavpur kolkata west bengal india,jadavpur,jadavpur station link road k p c medical college and hospital campus,kolkata,700032,west bengal,in,,,False,22.4960313,88.3738494,,False,False,chijjxtxajorvsnjzdsfg,watch store,xabcccdfxfecded,8004282129310373101,,96,tz,monday,am to pm,tuesday,am to pm,wednesday,am to pm,thursday,am to pm,friday,am to pm,saturday,am to pm,sunday,closed,,,,,,,,,,,,true,true,true,true,true,,,,,,timex,en,7,False,,gfxsn,true,,,,,,,,true,true,true,,true,true,true,,,,,,,,,,,,,,,,,,,,,,,,,,,,,,,,,,,,,,,,,,,,,,,,,,,,,,,,,,,,,,,,,,,,,,,,,,,,,,,,,,,,,,,,,,,,,,,,,,,,,,,,,,,,,,,,,,,,,,,,,,,,,,,,,,,,,,,,,,,,,,,
time zone,সময় অঞ্চল,,watch store,baghajatin station rd block j ajanta park baghajatin colony kolkata west bengal india,block j ajanta park baghajatin colony,baghajatin station rd,kolkata,700032,west bengal,in,,,True,22.4829703,88.3808565,,False,False,chijpgjwhjxajorwwedsxqllay,watch store,xacaaxadaab,11974408516594262361,,19,tz,monday,closed,tuesday,am to pm to pm,wednesday,am to pm to pm,thursday,am to pm to pm,friday,am to pm to pm,saturday,am to pm to pm,sunday,am to pm to pm,,,,,,,,,,,,,,,,,,,,,,timex,en,8,False,,gptvtfnb,true,,,,,,,,,,,,,,,,,,,,,,,,,,,,,,,,,,,,,,,,,,,,,,,,,,,,,,,,,,,,,,,,,,,,,,,,,,,,,,,,,,,,,,,,,,,,,,,,,,,,,,,,,,,,,,,,,,,,,,,,,,,,,,,,,,,,,,,,,,,,,,,,,,,,,,,,,,,,,
shree krishna time center,শ্রী কৃষ্ণ টাইম সেন্টার,,watch store,basanta rd ramkrishna palli chit kalikapur mukundapur kolkata west bengal india,ramkrishna palli chit kalikapur mukundapur,basanta rd,kolkata,700099,west bengal,in,,,False,22.4921082,88.4078907,,False,False,chijzqzzgbzajorrcqsoghc,watch store,xabaxecac,7460079071400830124,,20,tz,monday,am to pm to pm,tuesday,am to pm to pm,wednesday,am to pm to pm,thursday,am to pm to pm,friday,am to pm to pm,saturday,am to pm to pm,sunday,am to pm to pm,,,,,,,,,,,true,true,,,,,,,,,,timex,en,11,False,,gvsyqyls,,,,,,,,,,,,,,,,,,,,,,,,,true,,,,,,,,,,,,,,,,,,,true,,,,,,,,,,,,,,,,,,,,,,,,,,,,,,,,,,,,true,,,,,,,,,,,,,,,,,,,,,,,,,,,,,,,,,,,,,,,,,,,,,,,,,,,,,,,,,,,,,,,,,,,,,,,,,,,,,,
titan garia more impex watch co,টাইটান গড়িয়া মোড়,watches of all ranges are stocked at this shop which also handles repairs,watch store,a raja s c more raja subodh chandra mallick rd garia kolkata west bengal india,laxmi narayan colony garia,a raja s c more raja subodh chandra mallick rd,kolkata,700047,west bengal,in,,,False,22.4658714,88.3775304,,False,False,chijsvqtaqlxajormaqewry,watch store,xaxedecd,1610379922688098512,,687,tz,monday,am to pm,tuesday,am to pm,wednesday,am to pm,thursday,am to pm,friday,am to pm,saturday,am to pm,sunday,am to pm,,,,,,,,,,,true,true,true,true,,,,,,,,timex,en,12,False,,gkng,true,,true,,,false,repair service,,,,,,,,,true,false,,,,true,true,,,,,,,,,,,,,,,,,,,,,,,,,,,,,,,,,,,,,,,,,,false,false,,,,,,,,,,,,,,,,,,,,,,,,,,,,,,,,,,,,,,,,,,,,,,,,,,,,,,,,,,,,,,,,,,,,,,,,,,,,,,,,,,,,,,,,,,,,,
joy watch company,জয় ওয়াচ কোম্পানির,,watch store,noa near paul bazar vivekananda rd santoshpur kolkata west bengal india,pal bazaar bhattacharjee para santoshpur,noa near paul bazar vivekananda rd,kolkata,700075,west bengal,in,,,True,22.4975394,88.3744393,,False,False,chijwrfsjxajorpqbfqgstios,watch store,xadbdfacxebadafa,16942732446000939173,,6,tz,monday,am to pm,tuesday,am to pm,wednesday,am to pm,thursday,am to pm,friday,am to pm,saturday,am to pm,sunday,closed,,,,,,,,,,,,,,,,,,,,,,timex,en,18,False,,gvfnkb,,,,,true,,watch repair service,,,,,,,,,,,,,,,,true,,,,,,,,,,,,,,,,,,,,,,,,,,,,,,,,,,,,,,,,,,,,,,,,,,,,,,,,,,,,,,,,,,,,,,,,,,,,,,,,,,,,,,,,,,,,,,,,,,,,,,,,,,,,,,,,,,,,,,,,,,,,,,,,,,,,,,,
new capital watch,নিউ ক্যাপিটাল ওয়াচ,,watch store,fhx raja subodh chandra mallick rd laxmi narayan colony garia kolkata west bengal india,laxmi narayan colony garia,fhx raja subodh chandra mallick rd,kolkata,700047,west bengal,in,,,True,22.4656014,88.3779956,,False,False,chijtrpbxajorzcqzaysa,watch store,xaadfddxeacdd,2371490067355023319,,8,tz,monday,am to pm,tuesday,am to pm,wednesday,am to pm,thursday,am to pm,friday,am to pm,saturday,am to pm,sunday,closed,,,,,,,,,,,,true,,,,,,,,,,timex,en,19,False,,gygjdxp,true,true,,,,,,,,,,,,,,,,,,,,,true,,,,,,,,,,,,,,,,,,,,,,,,,,,,,,,,,,,,,,,,,,,,,,,,,,,,,,,,,,,,,,,,,,,,,,,,,,,,,,,,,,,,,,,,,,,,,,,,,,,,,,,,,,,,,,,,,,,,,true,,,,,,,,,,,,,,,,,,
anandalok titan watch,আনন্দলোক ওয়াচ শপ গড়িয়া,,watch store,raja subodh chandra mallick rd pransi super market kanungo park garia kolkata west bengal india,pransi super market kanungo park garia,raja subodh chandra mallick rd,kolkata,700084,west bengal,in,,,False,22.4668632,88.3778645,,False,False,chijpxgykbxajorrklmzveedo,watch store,xaaccaxabbda,4183919049107552730,,147,tz,monday,am to pm,tuesday,am to pm,wednesday,am to pm,thursday,am to pm,friday,am to pm,saturday,am to pm,sunday,am to pm,,,,,,,,,,,,true,,,,,,,,,,timex,en,36,False,,gqkyfsc,true,true,,,,false,,true,,,,,,,,,false,,,,,,true,,,,,,,,,,,,,,,,,,,,,,,,,,,true,,,,,,,,,,,,true,,,,,,,,,,,,,,,,,,,,,,,,,,,,,,,,,,,,,,,,,,,,,,,,,,,,,,,,,,,,,,,,,,,,,,,,,,,,,,,,,,,,,,,,,,,,,,,,
bardhans,বর্ধনএস,stockist of multibrand watches including titan and fastrack as well as wall clocks,watch store,jadavpur station rd jadavpur kolkata west bengal india,jadavpur,jadavpur station rd,kolkata,700032,west bengal,in,,,False,22.4960768,88.3724736,,False,False,chijjvginxajoruyvplggw,watch store,xaaefxfcefaafb,18225962489545567059,,23,tz,monday,am to pm,tuesday,am to pm,wednesday,am to pm,thursday,am to pm,friday,am to pm,saturday,am to pm,sunday,closed,,,,,,,,,,,,true,true,true,true,true,,,,,,timex,en,40,False,,gptxshgbn,,,,,,,,,,,,,,,true,,,,,,true,true,,,,,,,,,,,,,,,,,,,,,,,,,,,,,,,,,,,,,,,,,,,,,,,,,,true,,,,,,,,,,,,,,,,,,,,,,,,,,,,,,,,,,,,,,,,,,,,,,,,,,,,,,,,,,,,,,,,,,,,,,,,,,,,,,,,,,,,,,
metro hub watches and mobile,मेट्रो हब वाचेज एंड मोबाइल,,watch store,j n road opp gayaniji gurudwara near sai chowk shastri nagar pimpri colony pune pimprichinchwad maharashtra india,shastri nagar pimpri colony,j n road opp gayaniji gurudwara near sai chowk,pune pimprichinchwad,411017,maharashtra,in,,,False,18.6191522,73.8035355,,False,False,chijyuwoglwjsrxzyeoflgaa,watch store,xbcbdecxaebcf,11565637335386438751,,7,tz,monday,am to pm,tuesday,closed,wednesday,am to pm,thursday,am to pm,friday,am to pm,saturday,am to pm,sunday,am to pm,,,,,,,,,,,,true,,,,,,,,,,timex,en,61,False,,gfhkrqp,true,true,,,,,watch repair service,,,,,,,,,,,,,,,,,,,,,,,,,,,,,,,,,,,,,,,,,,,,,,,,,,,,,,,,true,,,,,,,,,,,,,,,,,,,,,,,,,,,,,,,,,,,,,,,,,,,,,,,,,,,,,,,,,,,,,,,,,,,,,,,,,,,,,,,,,,,,,,,,,,,,,,,
alfa marketing watch clocks sales service,अल्फा मार्केटिंग वॉच क्लॉक्स सेल्स सर्विस,,watch store,alfa marketing watch clocks opp muthoot fincorp near himalaya mobile shopee hinjawadi pune maharashtra india,hinjawadi,alfa marketing watch clocks opp muthoot fincorp near himalaya mobile shopee,hinjawadi pune,411057,maharashtra,in,,,False,18.5910133,73.7397383,,False,False,chijustkwwwjsrymhalb,watch store,xbcbbebxfcbfabafcb,2246380417957015499,,17,tz,monday,am to pm,tuesday,am to pm,wednesday,am to pm,thursday,am to pm,friday,am to pm,saturday,am to pm,sunday,am to pm,,,,,,,,,,,,true,,,,,,,,,,timex,en,63,False,,grwqmsc,true,,,,,,,,,,,,,,,,,,,,true,true,,,,,,,,,,,,,,,,,,,,,,,,,,,,,,,,,,,,,,,,,true,,,,,,,,,,,,,,,,,,,,,,,,,,,,,,,,,,,,,,,,,,,,,,,,,,,,,,,,,,,,,,,,,,,,,,,,,,,,,,,,,,,,,,,,,,,,,,,
navkar enterprises watch optical,नवकार एंटरप्राइजेज वॉच ऑप्टिकल,,watch store,shop no pcmc bldg chaphekar chowk near gandhi peth chinchwad gaon pune maharashtra india,gandhi peth chinchwad gaon chinchwad,shop no pcmc bldg chaphekar chowk near gandhi peth,pune pimprichinchwad,411033,maharashtra,in,,,False,18.6291367,73.780731,,False,False,chijvugahtwjsrpcyiisirm,watch store,xbcbddeaxe,1407676571236603878,,68,tz,monday,am to pm,tuesday,am to pm,wednesday,am to pm,thursday,am to pm,friday,am to pm,saturday,am to pm,sunday,am to pm,,,,,,,,,,,,true,,,,,,,,,,timex,en,64,False,,gfrhypy,true,,,,,false,,,,,,,,,,,false,,,,true,true,true,,,,,,,,,,,,,,,,,,,,,,,,,,,true,,,,,,,,,,,,,,,,,,,,,,,,,,,,,,,,,,,,,,,,,,,,,,,,,,,,,,,,,,,,,,,,,,,,,,,,,,,,,,,,,,,,,,,,,,,,,,,,,,,,,,,,,,,,
chaterjee watch,,,watch store,haridhan chakraborty sarani sonarpur bazaar sonarpur rajpur sonarpur west bengal india,sonarpur bazaar sonarpur,haridhan chakraborty sarani,rajpur sonarpur,700150,west bengal,in,,,False,22.4425463,88.4297708,,False,False,chijdxzfgtyajorlnwkpwwc,watch store,xabcdxbbfbd,530133652679472088,,23,tz,monday,am to pm,tuesday,am to pm,wednesday,am to pm,thursday,closed,friday,am to pm,saturday,am to pm,sunday,am to pm,,,,,,,,,,,,true,,,,,,,,,,timex,en,42,False,,gcmzktkk,true,,,,,,,,,,,,,,,,,,,,,,,,,,,,,,,,,,,,,,,,,,,true,,,,,,,,,,,,,,,,,,,,,,,,,,,,,,,,,,,,,,,,,,,,,,,,,,,,,,,,,,,,,,,,,,,,,,,,,,,,,,,,,,,,,,,,,,,,,,,,,,,,,,,,,,,,,,,,,,
titan world acropolis mall kolkata,টাইটান ওয়ার্ল্ড আক্রোপলিস মাল কলকাতা,,watch store,shop no g gf acropolis mall rajdanga main rd beside geetanjali stadium sector a east kolkata twp kolkata west bengal india,sector a east kolkata township,shop no g gf acropolis mall rajdanga main rd beside geetanjali stadium,kolkata,700107,west bengal,in,,,False,22.5148469,88.3926361,,False,False,chijuzavplzxajornvirbhms,watch store,xaaafbbxabfedd,12391625863979946653,,82,tz,monday,am to pm,tuesday,am to pm,wednesday,am to pm,thursday,am to pm,friday,am to pm,saturday,am to pm,sunday,am to pm,,,,,,,,,,,,,true,true,true,true,,,,,,timex,en,9,False,,gbwyphl,true,,,,,true,clock and watch maker,,true,true,true,,,,true,,,,watch manufacturer,watch repair service,,,,,,,,,,,,,,,,,,,,,,,,,,,,,,,,,,,,,,,,,,,,,,,,,,,,,,,,,,true,true,,,,,,,,,,,,,,,,,,,,,,,,,,,,,,,,,,,,,,,,,,,,,,,,,,,,,,,,,,,,,,,,,,,,,,,,,,,,,,,
azmat time centre,আজমত টাইম সেন্টার,,watch store,p chandni chowk st chandni market esplanade chandni chawk bowbazar kolkata west bengal india,chandni market esplanade chandni chawk bowbazar,p chandni chowk st,kolkata,700072,west bengal,in,,,False,22.5652091,88.3542084,,False,False,chijzcpqhajoraaaannffgk,watch store,xaaecexdfdd,654956922419544064,,7,tz,monday,am to pm,tuesday,am to pm,wednesday,am to pm,thursday,am to pm,friday,am to pm,saturday,am to pm,sunday,am to pm,,,,,,,,,,,,true,,,,,,,,,,timex,en,15,False,,grdxjsnl,,,,,,,general store,,,,,,,,,,,,,,,,,,,,,,,,,,,,,,,,,,,,,,,,,,,,,,,,,,,,,,,,,,,,,,,,,,,,,,,,,true,,,,,,,,,,,,,,,,,,,,,,,,,,,,,,,,,,,,,,,,,,,,,,,,,,,,,,,,,,,,,,,,,,,,,,,,,,,,,,
helios watch store park street area kolkata,হেলিয়স ওয়াচ স্টোর বাই টাইটান,,watch store,apt no c park st opposite allen park park street area kolkata west bengal india,park street area,apt no c park st opposite allen park,kolkata,700016,west bengal,in,,,False,22.5509117,88.3544786,,False,False,chijzydwrpajorkujrdcoey,watch store,xaacdcdxdcbdaef,5060036833495437097,,180,tz,monday,am to pm,tuesday,am to pm,wednesday,am to pm,thursday,am to pm,friday,am to pm,saturday,am to pm,sunday,am to pm,,,,,,,,true,,,true,true,true,true,true,true,,,,,,timex,en,16,False,,gggcb,true,,,,,,clock repair service,,true,true,true,,,,true,,,,clock and watch maker,watch manufacturer,,,,,,,,,,,,,,,,,,,,,,,,,watch repair service,,,,,,,,,,,,,,,,,,,,,,,,,,,,,,,,,,,,,,,,,,,,,,,,,,,,,,,,,,,,,,,,,,,,,,,,,,,,,,,,,,,,,,,,,,,,,,,,,,,,,,,,,,,,,,,,,
timex group india ltd,টাইমেক্স গ্রুপ ইন্ডিয়া এলটিডি,,watch store,linton street entally cit rd beniapukur kolkata west bengal india,beniapukur,linton street entally cit rd,kolkata,700014,west bengal,in,,,True,22.5498742,88.3707867,,True,False,chijymnduvajorkecpuimxe,watch store,xaeebcbxeedbf,17208702268913698600,,1,tz,,,,,,,,,,,,,,,,,,,,,,,,,,,,,,,,,,,,timex,en,20,False,,gtjfghq,,,,,,,,,,,,,,,,,,,,,,,,,,,,,,,,,,,,,,,,,,,,,,,,,,,,,,,,,,,,,,,,,,,,,,,,,,,,,,,,,,,,,,,,,,,,,,,,,,,,,,,,,,,,,,,,,,,,,,,,,,,,,,,,,,,,,,,,,,,,,,,,,,,,,,,,,,,,,,
timex world timenxt,,,watch store,gf rc dutt rd opposite welcome hotel alkapuri vadodara gujarat india,alkapuri,gf rc dutt rd opposite welcome hotel,vadodara,390007,gujarat,in,,,False,22.3109459,73.1671292,,False,False,chijyrtilvixzkrtahmcxrds,watch store,xfcbbddxabebcec,12355603334877875788,,72,tz,monday,am to pm,tuesday,am to pm,wednesday,am to pm,thursday,am to pm,friday,am to pm,saturday,am to pm,sunday,am to pm,,,,,,,,,,,,true,true,true,true,true,,,,,,timex,en,1,False,,gqgpy,true,,,,,,watch repair service,,,,,,,,true,,,,,,true,true,,,,,,,,,,,,,,,,,,,,,,,,,,,,,,,,,,,,,,,,,,,,,,,,,,,,,,,,,,,,,,,,,,,,,,,,,,,,,,,,,,,,,,,,,,,,,,,,,,,,,,,,,,,,,,,,,,,,,,,,,,,,,,,,,,,,,,,,
times square bhopal,टाइम्स स्क्वायर भोपाल,selection of branded wristwatches for all ages plus courteous helpful staff and repair options,watch store,opp gtb complex tt nagar bhopal madhya pradesh india,new market stt nagar tt nagar,opp gtb complex,bhopal,462003,madhya pradesh,in,,,False,23.2361691,77.3996549,,False,False,chijnzzovrddfdkrpgrixix,watch store,xcbdefxdfbabffc,9016759051126305276,,216,tz,monday,am to pm,tuesday,am to pm,wednesday,am to pm,thursday,am to pm,friday,am to pm,saturday,am to pm,sunday,am to pm,,,,,,,,,,,,true,true,true,,,,,,,,timex,en,2,False,,gjqrzr,true,,true,,,,,,true,true,true,true,,,,true,,,,,,,,,,,,,,,,,,,,,,,,,,,,,,,,,,,,,,,,,,,,,,,,,,,,,,,,,,,,,,,,,,,,,,,,,,,,,,,,,,,,,,,,,,,,,,,,,,,,,,,,,,,,,,,,,,,,,,,,,,,,,,,,,,,,,,,,,,,,,,
ta time,,store stocking wall clocks and wrist watches including smartwatches also offering repairs,watch store,ta time building raopura tower char rasta navrang cinema rd opp khodiyaar mata temple vadodara gujarat india,,ta time building raopura tower char rasta navrang cinema rd opp khodiyaar mata temple,vadodara,390001,gujarat,in,,,False,22.3036006,73.2011672,,False,False,chijbpsbpbfxzkreuacbqdflxc,watch store,xfcfbaexdfae,1700073264489054225,,10203,tz,monday,am to pm,tuesday,am to pm,wednesday,am to pm,thursday,am to pm,friday,am to pm,saturday,am to pm,sunday,am to pm,true,true,true,true,true,,,true,true,true,true,true,true,true,true,true,,,,,,timex,en,3,False,,gbjwj,,,,,,,clock repair service,,,,,,,,true,,,,clock and watch maker,repair service,,,,,,,,,,,,,,,,,,,,,,,,,watch manufacturer,,,,,,true,true,,,,,,,,watch repair service,,,,,,,true,true,,,,,,,,,,,,,,,,,,,,,,,,,,,,,,,,,,,,,,,,,,,,,,,,,,,,,,,,,,,,,,,,,,,,,true,true,true,,true,true,true,,,,,,,,,,,,,,,
swastik time house,स्वस्तिक टाइम हाउस,extensive selection of wristwatches wall clocks and sunglasses,watch store,feet rd shobhagpura udaipur rajasthan india,shobhagpura,feet rd,udaipur,313001,rajasthan,in,,,False,24.605049,73.7089337,,False,False,chijyalhinlzzkrrbahholc,watch store,xeebcbxfbafeac,5724931761885353644,,88,tz,monday,am to pm,tuesday,am to pm,wednesday,am to pm,thursday,am to pm,friday,am to pm,saturday,am to pm,sunday,am to pm,,,,,,,,,,,,true,true,true,,,,,,,,timex,en,4,False,,grkjfgn,,,true,,true,,repair service,,,,,,,,,true,,,,,,,,,,,,,,,,,,,,,,,,,,,,,,,,,,,,,,,,,,,,,,,,,,,,,,,,,,,,,,,,,,,,,,,,,,,,,,,,,,,,,,,,,,,,,,,,,,,,,,,,,,,,,,,,,,,,,,,,,,,,,,,,,,,,,,,,,,,,,,
t a times,,,watch store,opp welcome hotel vadiwadi vadodara gujarat india,vadiwadi,opp welcome hotel,vadodara,390007,gujarat,in,,,False,22.3109459,73.1671292,,False,False,chijygwpzjxzkrxrnmazue,watch store,xfcccbcbxcdaaeee,4741615830095658729,,81,tz,monday,am to pm,tuesday,am to pm,wednesday,am to pm,thursday,am to pm,friday,am to pm,saturday,am to pm,sunday,am to pm,,,,,,,,true,,,true,,,,,,,,,,,timex,en,5,False,,gvyjlcf,,,,,false,true,clock repair service,,,,,,,,,,true,,perfume store,watch manufacturer,,,,,,,,,,,,,,,,,,,,,,,,,watch repair service,,,,,,,,,,,,,,,clock and watch maker,,,,true,true,,,,,,,,,,,,,,,,,,,,,,,,,,,,,,,,,,,,,,,,,,,,,,,,,,,,,,,,,,,,,,,,,,,,,,,,,,,,,,,false,,,,,,,,,,,,,,
the timez,थे टीमीज़,,watch store,ground floor jyoti complex zone maharana pratap nagar bhopal madhya pradesh india,zone maharana pratap nagar,ground floor jyoti complex,bhopal,462011,madhya pradesh,in,,,False,23.233027,77.433818,,False,False,chijndsdwrcfdkrdmrwime,watch store,xcbdcdbxaaddb,7028554060406674295,,31,tz,monday,am to pm,tuesday,am to pm,wednesday,am to pm,thursday,am to pm,friday,am to pm,saturday,am to pm,sunday,am to pm,,,,,,,,,,,,true,true,true,,,,,,,,timex,en,6,False,,gqdspr,true,true,true,,,,,,,,,,,,,,,,,,,,,,,,,,,,,,,,,,,,,,,,,,,,,,,,,,,,,,,,,,,,,,,,,,,,,,,,,,,,,,,,,,,,,,,,,,,,,,,,,,,,,,,,,,,,,,,,,,,,,,,,,,,,,,,,,,,,,,,,,,,,,,,,,,,,,,,,,,,
titan world new palasia indore,टाइटन वर्ल्ड न्यू पलासिया इंदौर,,watch store,no ground floor arcade silver new palasia rd near shop near dukan new palasia indore madhya pradesh india,near dukan new palasia,no ground floor arcade silver new palasia rd near shop,indore,452001,madhya pradesh,in,,,False,22.7247727,75.8842075,,False,False,chijvvvvxubyjkryxazxoo,watch store,xfdcxeafbcdacb,16929160451342362059,,328,tz,monday,am to pm,tuesday,am to pm,wednesday,am to pm,thursday,am to pm,friday,am to pm,saturday,am to pm,sunday,am to pm,,,,,,,,,,,,true,true,true,,,,,,,,timex,en,7,False,,gtczhwps,true,,true,,,false,clock and watch maker,,true,true,true,,,,,true,,,watch manufacturer,watch repair service,,,,,,,,,,,,,,,,,,,,,,,,,,,,,,,,,,,,,,,,,,,,,,,,,,,,,,,,,,,,,,,,,,,,,,,,,,,,,,,,,,,,,,,,,,,,,,,,,,,,,,,,,,,,,,,,,,,,,,,,,,,,,,,,,,,,,,,,,,
the time factory,timex world indore,,electronics store,lg silver arcade dukan st shop bungalow colony new palasia indore madhya pradesh india,shop bungalow colony new palasia,lg silver arcade dukan st,indore,452001,madhya pradesh,in,,,False,22.7250837,75.8841404,,False,False,chijxsieldjyjkrqigqpizmf,electronics store,xfdedxfebaaa,18345751399480590656,,35,tz,monday,to pm,tuesday,to pm,wednesday,to pm,thursday,to pm,friday,to pm,saturday,to pm,sunday,to pm,,,,,,,,,,,,true,true,true,,,,,,,,timex,en,8,False,,gbbtjkc,true,true,true,,,,,,,,,,,,,,,,,,,,,,,,,,,,,,,,,,,,,,,,,,,,,,,,,,,,,,,,,,,,,,,,,,,,,,,,,,,,,,,,,,,,,,,,,,,,,,,,,,,,,,,,,,,,,,,,,,,,,,,,,,,,,,,,,,,,,,,,,,,,,,,,,,,,,,,,,,,
timex samay enterprises,टाइम्स समय एंटरप्राइजेज,,watch store,ug shree wardhan complex rnt marg south tukoganj indore madhya pradesh india,south tukoganj,ug shree wardhan complex rnt marg,indore,452001,madhya pradesh,in,,,True,22.717609,75.8729413,,False,False,chijezrixgyjkrfyyyfkvfri,watch store,xfddcxbecbebcd,12890082011526630525,,6,tz,monday,am to pm,tuesday,am to pm,wednesday,am to pm,thursday,am to pm,friday,am to pm,saturday,am to pm,sunday,closed,,,,,,,,,,,,true,true,true,,,,,,,,timex,en,9,False,,gtggm,true,true,true,,,,,,,,,true,,,,,,,,,,,,,,,,,,,,,,,,,,,,,,,,,,,,,,,,,,,,,,,,,,,,,,,,,,,,,,,,,,,,,,,,,,,,,,,,,,,,,,,,,,,,,,,,,,,,,,,,,,,,,,,,,,,,,,,,,,,,,,,,,,,,,,,,,,,,,,,,,,
timex world,टाइम्स वर्ल्ड,,watch store,lgf arcade silver shop no new palasia indore madhya pradesh india,near dukan chappan dukan new palasia,lgf arcade silver shop no,indore,452001,madhya pradesh,in,,,False,22.7250663,75.8841889,,False,False,chijmvfgdyjkrqdlwzzccgey,watch store,xfdefbxccfda,5050958715548653993,,13,tz,monday,am to pm,tuesday,am to pm,wednesday,am to pm,thursday,am to pm,friday,am to pm,saturday,am to pm,sunday,am to pm,,,,,,,,,,,,true,true,true,,,,,,,,timex,en,10,False,,gwssqg,,,true,,,,,,,,,,,,,,,,,,,,,,,,,,,,,,,,,,,,,,,,,,,,,,,,,,,,,,,,,,,,,,,,,,,,,,,,,,,,,,,,,,,,,,,,,,,,,,,,,,,,,,,,,,,,,,,,,,,,,,,,,,,,,,,,,,,,,,,,,,,,,,,,,,,,,,,,,,,
just watches,,,watch store,shop noug ground floor treasure island mahatma gandhi rd south tukoganj indore madhya pradesh india,south tukoganj,shop noug ground floor treasure island mahatma gandhi rd,indore,452001,madhya pradesh,in,,,False,22.7216593,75.8789041,,False,False,chijqfnrjyjkrquftuzy,watch store,xfdeabxfece,3914744445227454017,,145,tz,monday,am to pm,tuesday,am to pm,wednesday,am to pm,thursday,am to pm,friday,am to pm,saturday,am to pm,sunday,am to pm,,,,,,,,,,,,true,true,true,true,true,,,,,,timex,en,11,False,,gwtgq,true,,,,,true,,,true,true,true,,,,,,true,,,,,,,,,,,,,,,,,,,,,,,,,,,,,,,,,,,,,,,,,,,,,,,,,,,,,,,,,,,,,,,,,,,,,,,,,,,,,,,,,,,,,,,,,,,,,,,,,,,,,,,,,,,,,,,,,,,,,,,,,,,,,,,,,,,,,,,,,,,,,
titan world bawadiya kalan bhopal,टाइटन वर्ल्ड,,watch store,phoenix corporate park narmadapuram rd opposite vrindavan garden bawadiya kalan bhopal madhya pradesh india,bawadiya kalan,phoenix corporate park narmadapuram rd opposite vrindavan garden,bhopal,462026,madhya pradesh,in,,,False,23.1747262,77.4596687,,False,False,chijrutptppdfdkrauujygruo,watch store,xcfabbxeafeebecea,16933230509996369258,,88,tz,monday,am to pm,tuesday,am to pm,wednesday,am to pm,thursday,am to pm,friday,am to pm,saturday,am to pm,sunday,am to pm,,,,,,,,,,,,true,true,true,,,,,,,,timex,en,12,False,,gfymngg,true,,true,,,,clock and watch maker,,true,true,true,,,,,,,,watch manufacturer,watch repair service,,,,,,,,,,,,,,,,,,,,,,,,,,,,,,,,,,,,,,,,,,,,,,,,,,,,,,,,,,,,,,,,,,,,,,,,,,,,,,,,,,,,,,,,,,,,,,,,,,,,,,,,,,,,,,,,,,,,,,,,,,,,,,,,,,,,,,,,,,
timex world,,,watch store,no g alkapuri arcade rc dutt rd opposite welcome hotel alkapuri vadodara gujarat india,alkapuri,no g alkapuri arcade rc dutt rd opposite welcome hotel,vadodara,390007,gujarat,in,,,True,22.310946,73.169152,,False,False,chijffsqvjdjxzkrvfistgqxzni,watch store,xfcfdxabf,8243442652500129877,,1,tz,monday,am to pm,tuesday,am to pm,wednesday,am to pm,thursday,am to pm,friday,am to pm,saturday,am to pm,sunday,am to pm,,,,,,,,,,,,,,,,,,,,,,timex,en,13,False,,gxgwrd,,,,,,,watch repair service,,,,,,,,,,,,watch manufacturer,,,,true,,,,,,,,,,,,,,,,,,,,,,,,,,,,,,,,,,,,,,,,,,,,,,,,,,,,,,,,,,,,,,,,,,,,,,,,,,,,,,,,,,,,,,,,,,,,,,,,,,,,,,,,,,,,,,,,,,,,,,,,,,,,,,,,,,,,,,,
just in time watch boutique,जस्ट इन टाइम वॉच बुटीक,sophisticated chain selling versatile and sporty models from seiko citizen and guess plus attentive staff,watch store,ug phoenix citadel mall gram khajrana main bypass road mr rd junction indore madhya pradesh india,junction,ug phoenix citadel mall gram khajrana main bypass road mr rd,indore,452016,madhya pradesh,in,,,False,22.746535,75.9365725,,False,False,chijhikdjyjkrvngsvy,watch store,xeaffxfafabd,10878356544305982807,,22,tz,monday,am to pm,tuesday,am to pm,wednesday,am to pm,thursday,am to pm,friday,am to pm,saturday,am to pm,sunday,am to pm,,,,,,,,,,,,true,true,true,,,,,,,,timex,en,14,False,,gkknhrtd,,,true,,true,,watch repair service,,,,,true,,,,,,,,,,,,,,,,,,,,,,,,,,,,,,,,,,,,,,,,,,,,,,,,,,,,,,,,,,,,,,,,,,,,,,,,,,,,,,,,,,,,,,,,,,,,,,,,,,,,,,,,,,,,,,,,,,,,,,,,,,,,,,,,,,,,,,,,,,,,,,,,,,
watch lab casio authorized customer care center,वॉच लब केसिया ऑथराइज्ड कस्टमर केयर सेंटर,,watch repair service,st floor adjoining shahpura police station raghunath nagar rohit nagar bawadiya kalan gulmohar colony bhopal madhya pradesh india,raghunath nagar rohit nagar bawadiya kalan gulmohar colony,st floor adjoining shahpura police station,bhopal,462039,madhya pradesh,in,,,False,23.1860478,77.4325626,,False,False,chijqqqqlncfdkrmljggytfq,watch repair service,xcaaaaaaabxfbbcfbe,17633196048077798960,,71,tz,monday,am to pm,tuesday,am to pm,wednesday,am to pm,thursday,am to pm,friday,am to pm,saturday,closed,sunday,closed,,,,,,,,true,,,,,,,,,,,,,,timex,en,15,False,,gtthqz,,,,,true,false,watch store,,,,,,,,,,false,,,,,,,,,,,,,,,,,,,,,,,,,,,,,,,,,,,,,,,,,,,,,,,,,,,,,,,,,,,,,,,,,,,,,,,,,,,,,,,,,,,,,,,,,,,,,,,,,,,,,,,,,,,,,,,,,,,,,,,,,,,,,,,,,,,,,,,,,,,,,
just in time watch boutique,,,watch store,shop no siddharth complex rc dutt rd beside hotel express towers vishwas colony alkapuri vadodara gujarat india,vishwas colony alkapuri,shop no siddharth complex rc dutt rd beside hotel express towers,vadodara,390007,gujarat,in,,,False,22.3102856,73.1690906,,False,False,chijxqbvdjxzkrzblhycxfdq,watch store,xfcfabfcxeccc,3752678849251840716,,36,tz,monday,am to pm,tuesday,am to pm,wednesday,am to pm,thursday,am to pm,friday,am to pm,saturday,am to pm,sunday,am to pm,,,,,,,,,,,,true,,,,,,,,,,timex,en,16,False,,gyszjkjf,,,,,true,,watch repair service,,,,,,,,,,,,,,,,,,,,,,,,,,,,,,,,,,,,,,,,,,,,,,,,,,,,,,,,true,,,,,,,,,,,,,,,,,,,,,,,,,,,,,,,,,,,,,,,,,,,,,,,,,,,,,,,,,,,,,,,,,,,,,,,,,,,,,,,,,,,,,,,,,,,,,,,
prime time,प्राइम टाइम,,watch store,prime time dana gali corner tagore marg near office bohra bazar neemuch chawni neemuch madhya pradesh india,bohra bazar neemuch chawni,prime time dana gali corner tagore marg near office,neemuch,458441,madhya pradesh,in,,,False,24.4591593,74.8675666,,False,False,chijemlzzjkrhslhdnhnf,watch store,xbdeeedxfdedcd,18245737103860638237,,52,tz,monday,am to pm,tuesday,am to pm,wednesday,am to pm,thursday,am to pm,friday,am to pm,saturday,am to pm,sunday,am to pm,,,,,,,,,,,,true,,,,,true,,,,,timex,en,17,False,,gjycr,true,,true,,,,clock and watch maker,,true,true,true,,,,,,,,electronics store,watch repair service,,,true,,,,true,,,,,,,,,,,,,,,,true,,,,,,,,,,,,,,,,,,,,,,,,,,,,,,,,,,,,,,,,,,,,,,,,,,,,,,,,,,,,,,,,,,,,,,,,,,,,,,,,,,,,,,,,,,,,,,,,,,,,,,,,,,,,,,,,,,,
just in time watch boutique,,retailer stocking watches from brands such as casio casio and fossil,watch store,school g ground floor inorbit mall gorwa rd opposite to alembic road vadodara gujarat india,subhanpura,school g ground floor inorbit mall gorwa rd opposite to alembic road,vadodara,390023,gujarat,in,,,False,22.3223418,73.1656905,,False,False,chijzwcnztjxzkrugqfhhzsc,watch store,xfcfxccfeaf,14368391020182925136,,238,tz,monday,am to pm,tuesday,am to pm,wednesday,am to pm,thursday,am to pm,friday,am to pm,saturday,am to pm,sunday,am to pm,,,,,,,,,,,,true,true,true,true,true,,,,,,timex,en,18,False,,gryskcsxh,true,,,,,true,watch repair service,,true,true,true,,,,true,,true,,,,,,,,,,,,,,,,,,,,,,,,,,,,,,,,,,,,,,,,,,,,,,,,,,,,,,,,,,,,,,,,,,,,,,,,,,,,,,,,,,,,,,,,,,,,,,,,,,,,,,,,,,,,,,,,,,,,,,,,,,,,,,,,,,,,,,,,,,,,,
helios watch store malviya nagar bhopal,हीलियस वॉच स्टोर मालवीय नगर भोपाल,,watch store,shalimar house rajbhavan rd opposite raj bhawan malviya nagar bhopal madhya pradesh india,malviya nagar,shalimar house rajbhavan rd opposite raj bhawan,bhopal,462003,madhya pradesh,in,,,False,23.2401631,77.4050929,,False,False,chijvsbdcfdkrcrwnzhg,watch store,xcffbbfxdddecbfe,1789857452660568032,,148,tz,monday,am to pm,tuesday,am to pm,wednesday,am to pm,thursday,am to pm,friday,am to pm,saturday,am to pm,sunday,am to pm,true,true,true,true,true,,,,,,,true,true,true,true,true,,,,,,timex,en,19,False,,gfsbvcw,,,,,,,clock repair service,,,,,true,true,true,true,,,,clock and watch maker,watch manufacturer,,,,,,,,,,,,,,,,,,,,,,,,,watch repair service,,,,,,,,,,,,,,,,,,,,,,,,,,,,,,,,,,,,,,,,,,,,,,,,,,,,,,,,,,,,,,,,,,,,,,,,,,,,,,,,,,,,,,,,,,,,,,,,,,,,,,,,,,,,,,,,,
just time – branded wrist watches premium wall clocks,,,watch store,just time pushkar building e guru nanak marg dandia bazar mandvi vadodara gujarat india,dandia bazar mandvi,just time pushkar building e guru nanak marg,vadodara,390001,gujarat,in,,,False,22.2989546,73.2009814,,False,False,chijygliffxzkrnzynva,watch store,xfcbbcbxfbdbcd,17318446492108037277,,90,tz,monday,am to pm,tuesday,am to pm,wednesday,am to pm,thursday,am to pm,friday,am to pm,saturday,am to pm,sunday,am to pm,true,true,true,true,true,,,,,,,true,true,true,true,true,,,,,,timex,en,20,False,,gjrtlmkt,,,,,,,clock repair service,,,,,,,,true,,,,clock and watch maker,interior decorator,,,,,,,,,,,,,,,,,,,,,,,,,repair service,,,,,,,,,,,,,,,smart shop,watch manufacturer,,,,,,,,,,,,,,,,,,,,watch repair service,,,,,,,,,,,,,,,,,,,,,,,,,,,,,,,,,,,,,,,,,,,,,,,,,,,,,,,,,,,,,,,,,,,,,,,,,,,,,
vardhman time,,,watch store,vrajdham apartment chanakyapuri ahmedabad gujarat india,sumti vidhya vihar vishwas city chanakyapuri,vrajdham apartment,ahmedabad,380061,gujarat,in,,,False,23.073572,72.5333213,,False,False,chijbahtedxjkrjotxpnollgw,watch store,xedfxcbab,907065703791692582,,18,tz,monday,am to pm,tuesday,am to pm,wednesday,am to pm,thursday,am to pm,friday,am to pm,saturday,am to pm,sunday,am to pm,,,,,,,,,,,,true,true,true,true,true,true,true,,,,timex,en,24,False,,grgcytd,true,true,,,,,belt shop,,,,,,,,,,,,perfume store,sunglasses store,,,,,,,,,,,,,,,,,,,,,,,,,,,,,,,,,true,,,,,,,,,,,,,,,,,,,,,,,,,,,,,,,,,,,,,,,,,,,,,,,,,,,,,,,,,,,,,,,,,,,,,,,,,,,,,,,,,,,,,,,,,,,,,,,,,,,,,,,,,
just in time watch boutique,જસ્ટ ઇન ટાઇમ,friendly store offering a broad selection of watches including models by casio armani tissot and more,watch store,iscon arcade lal bunglow shop no chimanlal girdharlal rd ellisbridge ahmedabad gujarat india,ellisbridge,iscon arcade lal bunglow shop no chimanlal girdharlal rd,ahmedabad,380006,gujarat,in,,,False,23.0282994,72.5573751,,False,False,chijkvhuafxjkrziidzpmrlu,watch store,xeaebeexda,6144711829819172966,,342,tz,monday,am to pm,tuesday,am to pm,wednesday,am to pm,thursday,am to pm,friday,am to pm,saturday,am to pm,sunday,am to pm,,,,,,,,,,,,true,true,true,true,true,,,,,,timex,en,25,False,,ggybrrx,true,,,,,true,watch repair service,,true,true,true,,,,true,,true,,,,,,,,,,,,,,,,,,,,,,,,,,,,,,,,,,,,,,,,,,,,,,,,,,,,,,,,,,,,,,,,,,,,,,,,,,,,,,,,,,,,,,,,,,,,,,,,,,,,,,,,,,,,,,,,,,,,,,,,,,,,,,,,,,,,,,,,,,,,,
timex,ટિમેક્સ,,watch store,lake road tp scheme vastrapur ahmedabad gujarat india,scheme vastrapur,lake road tp,ahmedabad,380015,gujarat,in,,,False,23.0382981,72.5127995,,False,False,chijprkvnreexjkrplmdvjj,watch store,xebfaxfdfcbbf,18271043469319051766,,2,tz,,,,,,,,,,,,,,,,,,,,,,,,,,true,true,true,,,,,,,,timex,en,29,False,,gcdffsq,true,true,true,,,,,,,,,,,,,,,,,,,,,,,,,,,,,,,,,,,,,,,,,,,,,,,,,,,,,,,,,,,,,,,,,,,,,,,,,,,,,,,,,,,,,,,,,,,,,,,,,,,,,,,,,,,,,,,,,,,,,,,,,,,,,,,,,,,,,,,,,,,,,,,,,,,,,,,,,,,
yoman time palace titanfossiltissotseikotimexcasioguesswallclock,,,watch store,raj plaza complex ag gurukul rd near sonal cross road memnagar ahmedabad gujarat india,memnagar,raj plaza complex ag gurukul rd near sonal cross road,ahmedabad,380052,gujarat,in,,,False,23.0508594,72.5338726,,False,False,chijxttwkwexjkrufdljspb,watch store,xeacdecxbedfce,13752181052722730832,,182,tz,monday,am to pm,tuesday,am to pm,wednesday,am to pm,thursday,am to pm,friday,am to pm,saturday,am to pm,sunday,closed,,,,,,,,,,,,true,true,true,true,true,,,,,,timex,en,33,False,,gwrghkv,true,,,,,,clock repair service,,true,,,,true,true,,,,,watch repair service,,,true,,,,,,,,,,,,,,,,,,,,,,,,,,,,,,,,,,,,,,,,,,,,,,,,,,,,,,,,,,,,,,,,,,,,,,,,,,,,,,,,,,,,,,,,,,,,,,,,,,,,,,,,,,,,,,,,,,,,,,,,,,,,,,,,,,,,,,,,
the golden time cg road,ધી ગોલ્ડન ટાઇમ સીજી રોડ,large retailer for swiss and nonswiss watches with a mix of luxury brands and budget options,watch store,amar complex ground floor chimanlal girdharlal rd near swastik char rasta swastik society navrangpura ahmedabad gujarat india,swastik society navrangpura,amar complex ground floor chimanlal girdharlal rd near swastik char rasta,ahmedabad,380009,gujarat,in,,,False,23.0370291,72.5611184,,False,False,chijpwexjkrgviisuf,watch store,xeffffffffxfffdf,18397506303754133471,,346,tz,monday,am to pm,tuesday,am to pm,wednesday,am to pm,thursday,am to pm,friday,am to pm,saturday,am to pm,sunday,am to pm,,,,,,,,,,,,true,true,true,,,,,,,,timex,en,34,False,,gthlxvdx,true,,true,,,true,watch repair service,,,,,,true,true,,true,,,,,true,true,,,,,,,,,,,,,,,,,,,,,,,,,,,,,,,,,,,,,,,,,,,,,,,,,,,,,,,,,,,,,,,,,,,,,,,,,,,,,,,,,,,,,,,,,,,,,,,,,,,,,,,,,,,,,,,,,,,,,,,,,,,,,,,,,,,,,,,,
timex,ટાઇમેક્સ,,watch store,mahaveer marg near royal apartment old city khanpur ahmedabad gujarat india,old city khanpur,mahaveer marg near royal apartment,ahmedabad,380001,gujarat,in,,,True,23.0290725,72.5774298,,False,False,chijqqqauwexjkrvwsyuwwnpaa,watch store,xeaaaaabxadabbbd,11546568662711821501,,1,tz,monday,am to pm,tuesday,am to pm,wednesday,am to pm,thursday,am to pm,friday,am to pm,saturday,am to pm,sunday,am to pm,,,,,,,,,,,,true,,,,,,,,,,timex,en,35,False,,gtqpxn,true,,,,,,,,,,,,,,,,,,,,,,,,,,,,,,,,,,,,,,,,,,,,,,,,,,,,,,,,,,,,,,,,,,,,,,,,,,,,,,,,,,,,,,,,,,,,,,,,,,,,,,,,,,,,,,,,,,,,,,,,,,,,,,,,,,,,,,,,,,,,,,,,,,,,,,,,,,,,,
patel time,પટેલ ટાઇમ,outlet for branded watches from models for men and women to kids and couples,watch store,rajlaxmi complex lal bahadur shastri rd opp dinesh chambers india colony ahmedabad gujarat india,india colony,rajlaxmi complex lal bahadur shastri rd opp dinesh chambers,ahmedabad,380024,gujarat,in,,,False,23.0379367,72.6308935,,False,False,chijbcsczggxjkrpmypfqrcm,watch store,xecbfdxeacafb,2541414025653947131,,51,tz,monday,am to pm,tuesday,am to pm,wednesday,am to pm,thursday,am to pm,friday,am to pm,saturday,am to pm,sunday,am to pm,,,,,,,,,,,,true,true,true,,,,,,,,timex,en,36,False,,ggnzvwb,true,true,true,,,,,,,,,,,,,true,,,,,,,,,,,,,,,,,,,,,,,,,,,,,,,,,,,,,,,,,,,,,,,,,,,,,,,,,,,,,,,,,,,,,,,,,,,,,,,,,,,,,,,,,,,,,,,,,,,,,,,,,,,,,,,,,,,,,,,,,,,,,,,,,,,,,,,,,,,,,,
keshariyaji watch world,કેશરીયાજી વોચ વર્લ્ડ,shop specializing in watches and clocks from a variety of brands plus perfumes and repairs,watch store,keshariyaji watch world shukan gold nr vandematram cross rd gota ahmedabad gujarat india,gota,keshariyaji watch world shukan gold nr vandematram cross rd,ahmedabad,382481,gujarat,in,,,False,23.0964321,72.5469041,,False,False,chijvarymdxjkrccwzuzojlxi,watch store,xebfxfabc,1310305164033901833,,278,tz,monday,am to pm,tuesday,am to pm,wednesday,am to pm,thursday,am to pm,friday,am to pm,saturday,am to pm,sunday,am to pm,,,,,,,,,,,true,true,true,true,true,true,,,,,,timex,en,38,False,,ghbfp,true,,,,,true,belt shop,,true,true,true,,true,true,true,,true,,clock repair service,clock and watch maker,,,,,,,,,,,,,,,,,,,,,,true,,,cosmetics store,,,,,,true,true,,,,,,,,leather goods store,perfume store,,,,,,true,true,,,,,,,false,,,,,,repair service,watch repair service,,,,,,,,,,,,,,,,,,,,,,,,,,,,,,,,,,,,,,,,,,,,,,,,,,,,,,,,,,,,,,,,,,,,,,,,,,,,
the golden time satellite,,,watch store,sarthik complex satellite rd next to glumohar park mall ramdev nagar ahmedabad gujarat india,ramdev nagar,sarthik complex satellite rd next to glumohar park mall,ahmedabad,380015,gujarat,in,,,False,23.026708,72.5092519,,False,False,chijzquzebxjkrhyldldi,watch store,xebaacdxcdfdabacfc,3615296898400419068,,262,tz,monday,am to pm,tuesday,am to pm,wednesday,am to pm,thursday,am to pm,friday,am to pm,saturday,am to pm,sunday,am to pm,,,,,,,,,,,,true,true,true,,,,,,,,timex,en,39,False,,ghmyhb,true,,true,,,true,,,,,,,,,,true,,,,,true,true,,,,,,,,,,,,,,,,,,,,,,,,,,,,,,,,,,,,,,,,,,,,,,,,,,,,,,,,,,,,,,,,,,,,,,,,,,,,,,,,,,,,,,,,,,,,,,,,,,,,,,,,,,,,,,,,,,,,,,,,,,,,,,,,,,,,,,,,
costas time collection,कोस्टास टाइम कलेक्शन,,watch store,shop no municipality rangavi building near margao madgaon goa india,,shop no municipality rangavi building near margao,madgaon,403601,goa,in,,,False,15.2723259,73.9577168,,False,False,chijdsewrqzvzsrvjefkicnu,watch store,xbbfbdaafxdff,15379802045385318228,,112,tz,monday,am to pm to pm,tuesday,am to pm to pm,wednesday,am to pm to pm,thursday,am to pm to pm,friday,am to pm to pm,saturday,to pm,sunday,closed,,,,,,,,,,,true,true,true,true,true,true,,,,,,timex,en,1,False,,gfjsvkl,true,true,,,,,clock repair service,true,,,,true,true,true,true,,,,clock and watch maker,leather goods store,,,,,,,,,,,,,,,,,,,,,,,,,watch manufacturer,,,,,,,,,,,,,,,watch repair service,,,,,,,,,,,,,,false,,,,,,,,,,,,,,,,,,,,,,,,,,,,,,,,,,,,,,,,,,,,,,,,,,,,,,,,,,,,,,,,,,,,,,,,,,,,,,,,,,,,
just in time i pune satara road,जस्ट इन टाइम ई पुणे सातारा रोड,,watch store,sno b b cts no landmark centre shop no to parvati pune satara rd opp city pride cinema maharashtra india,,sno b b cts no landmark centre shop no to parvati pune satara rd opp city pride cinema,kavathe,415516,maharashtra,in,,,True,17.9511146,73.9808256,,False,False,chijlvhiwtbwjsrbwpfalprw,watch store,xbcbbcdbfxcfdcfcfcf,2089053411748060271,,8,tz,monday,am to pm,tuesday,am to pm,wednesday,am to pm,thursday,am to pm,friday,am to pm,saturday,am to pm,sunday,am to pm,,,,,,,,,,,,true,true,true,true,true,,,,,,timex,en,2,False,,gwvmvs,true,,,,,,,,true,true,true,,,,true,,,,,,,,,,,,,,,,,,,,,,,,,,,,,,,false,false,,,,,,,,,,,,,,,,,,,,,,,,,,,,,,,,,,,,,,,,,,,,,,,,,,,,,,,,,,,,,,,,,,,,,,,,,,,,,,,,,,,,,,,,,,,,,,,,,,,,,,,,,,,,,,,
time collection,टाइम कलेक्शन,,watch store,shop no de souza chamber varde valaulikar rd behind grace church pajifond madgaon goa india,pajifond,shop no de souza chamber varde valaulikar rd behind grace church,madgaon,403601,goa,in,,,False,15.272038,73.958317,,False,False,chijphdwemzvzsrelhvbewakm,watch store,xbbfbecaaxabcfcb,4857860176771592464,,60,tz,monday,am to pm to pm,tuesday,am to pm to pm,wednesday,am to pm to pm,thursday,am to pm to pm,friday,am to pm to pm,saturday,am to pm to pm,sunday,closed,,,,,,,,,,,,true,,,,,,,,,,timex,en,3,False,,gtpyvw,true,true,,,,false,clock repair service,,,,,,,,,,false,,watch manufacturer,watch repair service,,,true,,,,,,,,,,,,,,,,,,,,,,,,,,,,,,,,,,,,,,,,,,,,,,,,,,,,,,,,,,,,,,,,,,,,,,,,,,,,,,,,,,,,,,,,,,,,,,,,,,,,,,,,,,,,,,,,,,,,,,,,,,,,,,,,,,,,,,,
fastrack time factory,फास्ट्रॅक टाइम फॅक्टरी,clean relaxed showroom featuring a wide variety of fastrack products such as sunglasses and watches,watch store,new horizon building ag dayanand bandodkar marg near miramar beach miramar panaji goa india,miramar,new horizon building ag dayanand bandodkar marg near miramar beach,panaji,403001,goa,in,,,False,15.4853106,73.8111372,,False,False,chijgdqonavzsrkyrpkcye,watch store,xbbfcedfxcaefddb,4711781788973980971,,58,tz,monday,am to pm,tuesday,am to pm,wednesday,am to pm,thursday,am to pm,friday,am to pm,saturday,am to pm,sunday,am to pm,,,,,,,,,,,,true,true,true,true,true,true,,,,,timex,en,4,False,,gbnld,,true,,,,true,perfume store,true,,,,,,,true,,,,sunglasses store,watch repair service,,,,,true,false,true,,,,,,,,,,,,,,,,,,,,,,,,,,,,,,,,,,,,,,,,,,,,,,,,,,,,,,,,,,,,,,,,,,,,,,,,,,,,,,,,,,,,,,,,,,,,,,,,,,,,,,,,,,,,,,,,,,,,,,,,,,,,,,,,,,,
sony customs watches,सोनी कस्टम्स वॉचेस,,watch store,khalcha rasta malhar peth satara maharashtra india,malhar peth,khalcha rasta,satara,415001,maharashtra,in,,,False,17.6870617,73.997766,,False,False,chijltvzywjsrpghlgscmyxc,watch store,xbcfdefdxccabe,8602311519957092414,,43,tz,monday,am to pm,tuesday,am to pm,wednesday,am to pm,thursday,am to pm,friday,am to pm,saturday,am to pm,sunday,am to pm,,,,,,,,,,,,true,true,true,,,,,,,,timex,en,5,False,,gpflqb,true,,true,,,false,fashion accessories store,,true,true,true,,,,,true,,,sunglasses store,,,,,,,,,,,,,,,,,,,,,,,,,,,,,,,,,,,,,,,,,,,,,,,,,,,,,,,,,,,,,,,,,,,,,,,,,,,,,,,,,,,,,,,,,,,,,,,,,,,,,,,,,,,,,,,,,,,,,,,,,,,,,,,,,,,,,,,,,,,
titan world,titan world ozari panaji,chain store carrying a wide range of watches from international brands and their own line,watch store,shop no durga chambers th june rd near pantaloons ozari panaji goa india,ozari,shop no durga chambers th june rd near pantaloons,panaji,403001,goa,in,,,False,15.4977414,73.8254811,,False,False,chijxxsvoavzsrogotowvy,watch store,xbbfcebebcxfbebaee,6222119791388844516,,120,tz,monday,am to pm,tuesday,am to pm,wednesday,am to pm,thursday,am to pm,friday,am to pm,saturday,am to pm,sunday,am to pm,,,,,,,,,,,,true,true,true,,,,,,,,timex,en,6,False,,gxpwhvm,true,,true,,,false,clock and watch maker,,,,,,,,,,false,,watch manufacturer,watch repair service,true,true,,,,,,,,,,,,,,,,,,,,,,,,,,,,,,,,,,,,,,,,,,,,,,,,,,,,,,,,,,,,,,,,,,,,,,,,,,,,,,,,,,,,,,,,,,,,,,,,,,,,,,,,,,,,,,,,,,,,,,,,,,,,,,,,,,,,,,,,
time collection,टाइम कलेक्शन,,watch store,office shop no municipal building th june road opposite bsnl commercial altinho panaji goa india,altinho,office shop no municipal building th june road opposite bsnl commercial,panaji,403001,goa,in,,,False,15.4985884,73.8275522,,False,False,chijtrcziavzsrxodbcndjo,watch store,xbbfcecexafade,5372647946196191070,,67,tz,monday,am to pm,tuesday,am to pm,wednesday,am to pm,thursday,am to pm,friday,am to pm,saturday,am to pm,sunday,closed,,,,,,,,,,,,true,true,true,,,,,,,,timex,en,7,False,,gwqzc,true,true,true,,,false,clock repair service,,,,,,,,,true,false,,,,,,,,,,,,,,,,,,,,,,,,,,,,,,,,,,,,,,,,,,,,,,,,,,,,,,,,,,,,,,,,,,,,,,,,,,,,,,,,,,,,,,,,,,,,,,,,,,,,,,,,,,,,,,,,,,,,,,,,,,,,,,,,,,,,,,,,,,,,,
time collection,टाइम कलेक्शन,,watch store,st inez rd caculo enclave santa inez panaji goa india,caculo enclave santa inez,st inez rd,panaji,403001,goa,in,,,False,15.4863125,73.8178402,,False,False,chijqseuevavzsrhxftagxq,watch store,xbbfcebedxffd,8385568942604185885,,11,tz,monday,am to pm,tuesday,am to pm,wednesday,am to pm,thursday,am to pm,friday,am to pm,saturday,am to pm,sunday,am to pm,,,,,,,,,,,,true,true,true,,,,,,,,timex,en,8,False,,gtlwff,true,true,true,,,,,,,,,,,,,,,,,,,,,,,,,,,,,,,,,,,,,,,,,,,,,,,,,,,,,,,,,,,,,,,,,,,,,,,,,,,,,,,,,,,,,,,,,,,,,,,,,,,,,,,,,,,,,,,,,,,,,,,,,,,,,,,,,,,,,,,,,,,,,,,,,,,,,,,,,,,
titan world vaddem vasco da gama,टाइटन वर्ल्ड वड्डेम वास्को दा गामा,retailer for titan and fastrack watches plus clocks audio accessories and fragrances,watch store,shop no paes building fl gomes rd beside mustafa collection vaddem vasco da gama goa india,vaddem,shop no paes building fl gomes rd beside mustafa collection,vasco da gama,403802,goa,in,,,False,15.3984164,73.8115828,,False,False,chijvvsphrvhvzsrrbbieooae,watch store,xbbfcbbaxbeafc,12755083559187256900,,35,tz,monday,am to pm,tuesday,am to pm,wednesday,am to pm,thursday,am to pm,friday,am to pm,saturday,am to pm,sunday,am to pm,,,,,,,,,,,,true,true,true,,,,,,,,timex,en,9,False,,gbgpytc,true,,true,,,,clock and watch maker,,,,,,,,,,,,watch manufacturer,watch repair service,true,true,,,,,,,,,,,,,,,,,,,,,,,,,,,,,,,,,,,,,,,,,,,,,,,,,,,,,,,,,,,,,,,,,,,,,,,,,,,,,,,,,,,,,,,,,,,,,,,,,,,,,,,,,,,,,,,,,,,,,,,,,,,,,,,,,,,,,,,,
helios watch store ozari panaji,हेलिओस वॉच स्टोर बी टायटन,boutique offering a range of watches including premium fashion swiss and branded plus clocks,watch store,shop no durga chambers th june rd opposite to wellness pharmacy ozari panaji goa india,ozari,shop no durga chambers th june rd opposite to wellness pharmacy,panaji,403001,goa,in,,,False,15.4977704,73.8256279,,False,False,chijvevyavzsrnmqgyxbec,watch store,xbbfcebdbeexfcfae,5187296257164862622,,131,tz,monday,am to pm,tuesday,am to pm,wednesday,am to pm,thursday,am to pm,friday,am to pm,saturday,am to pm,sunday,am to pm,true,true,true,true,true,true,,,,,true,true,true,true,true,true,,,,,,timex,en,10,False,,gffl,,,,,,,clock repair service,true,,,,,true,true,true,,false,,clock and watch maker,watch manufacturer,,,,,,,,,,,,,,,,,,,,,,,,,watch repair service,,,,,,,,,,,,,,,,,,,false,,,,,,,,,,,,,,,,,,,,,,,,,,,,,,,,,,,,,,,,,,,,,,,,,,,,,,,,,,,,,,,,,,,,,,,,,,,,,,,,,,,,,,,,,,,,,,
helios luxe panaji,हीलियस लक्स पणजी,,watch store,shop no ground floor milroc neurekar pride dr pandurang pissurlekar rd opposite azad maidan panaji goa india,opposite azad maidan,shop no ground floor milroc neurekar pride dr pandurang pissurlekar rd,panaji,403001,goa,in,,,False,15.4991835,73.8263667,,False,False,chijwzpsklbvzsrrgaaqvxsba,watch store,xbbfcaddcxa,1173312382669817414,,42,tz,monday,am to pm,tuesday,am to pm,wednesday,am to pm,thursday,am to pm,friday,am to pm,saturday,am to pm,sunday,am to pm,,,,,,,,,,,,true,true,true,,,,,,,,timex,en,11,False,,gyv,true,,true,,,,clock repair service,,true,,,,,,,,,,clock and watch maker,watch manufacturer,,true,,,,,,,,,,,,,,,,,,,,,,,watch repair service,,,,,,,,,,,,,,,,,,,,,,,,,,,,,,,,,,,,,,,,,,,,,,,,,,,,,,,,,,,,,,,,,,,,,,,,,,,,,,,,,,,,,,,,,,,,,,,,,,,,,,,,,,,,,,,,,
aisha mall south goa,आयशा मॉल साउथ गोवा,vast chain selling a wide variety of watches including analog ones along with smartwatches and wall clocks,watch store,shop no aisha mall circle colva beach rd near old market madel madgaon goa india,madel,shop no aisha mall circle colva beach rd near old market,madgaon,403601,goa,in,,,False,15.2833772,73.9558585,,False,False,chijbtlplpgzvzsruyhjytlxoi,watch store,xbbfbfcdxeccbdb,16340409119316084921,,104,tz,monday,am to pm,tuesday,am to pm,wednesday,am to pm,thursday,am to pm,friday,am to pm,saturday,am to pm,sunday,am to pm,,,,,,,,,,,,true,true,true,,,,,,,,timex,en,12,False,,gfhrvgq,true,,true,,,,,,true,true,true,,,,,,,,,,,,,,,,,,,,,,,,,,,,,,,,,,,,,,,,,,,,,,,,,,,,,,,,,,,,,,,,,,,,,,,,,,,,,,,,,,,,,,,,,,,,,,,,,,,,,,,,,,,,,,,,,,,,,,,,,,,,,,,,,,,,,,,,,,,,,,,,,,,
d k watch,द वॉच,,watch store,shop no songir wadi shivaji chowk wai maharashtra india,songir wadi shivaji chowk,shop no,wai,412803,maharashtra,in,,,False,17.9505151,73.8876546,,False,False,chijgazmrsddwjsroxobhaihi,watch store,xbcdeacxabeeaa,1336089245093296697,,9,tz,monday,am to pm,tuesday,am to pm,wednesday,am to pm,thursday,am to pm,friday,am to pm,saturday,am to pm,sunday,am to pm,,,,,,,,,,,,true,,,,,,,,,,timex,en,13,False,,gsvrsc,true,,,,,,,,,,,,,,,,,,,,,,,,,,,,,,,,,,,,,,,,,,,,,,,,,,,,,,,,,,,,,,,,,,,,,,,,,,,,,,,,,,,,,,,,,,,,,,,,,,,,,,,,,,,,,,,,,,,,,,,,,,,,,,,,,,,,,,,,,,,,,,,,,,,,,,,,,,,,,
titan watch store,टायटन घड्याळे,,watch store,shop b khalcha rasta nearwarna sahakari bank malhar peth satara maharashtra india,nearwarna sahakari bank malhar peth,shop b khalcha rasta,satara,415001,maharashtra,in,,,True,17.6870461,73.9977676,,False,False,chijhzozywjsrelronppgok,watch store,xbcfdecfxecfadf,16825676303416029715,,53,tz,monday,am to pm,tuesday,am to pm,wednesday,am to pm,thursday,am to pm,friday,am to pm,saturday,am to pm,sunday,am to pm,,,,,,,,,,,,true,true,true,,,,,,,,timex,en,14,False,,gbpmdrr,true,true,true,,,,store,,,,,,,,,,,,,,,,,,,,,,,,,,,,,,,,,,,,,,,,,,,,,,,,,,,,,,,,,,,,,,,,,,,,,,,,,,,,,,,,,,,,,,,,,,,,,,,,,,,,,,,,,,,,,,,,,,,,,,,,,,,,,,,,,,,,,,,,,,,,,,,,,,,,,,,
precision,प्रिसिजन,,watch store,shop no municipal market sanscar society madgaon goa india,sanscar society,shop no municipal market,madgaon,403601,goa,in,,,False,15.271609,73.9598563,,False,False,chijphdwemzvzsrzvlnfxdhjcq,watch store,xbbfbecaaxcecd,2633587046201381581,,2,tz,monday,am to pm to pm,tuesday,am to pm to pm,wednesday,am to pm to pm,thursday,am to pm to pm,friday,am to pm to pm,saturday,am to pm to pm,sunday,am to pm to pm,,,,,,,,,,,,true,,,,,,,,,,timex,en,16,False,,gtjlxq,true,true,,,,,,,,,,,,,,,,,,,,,true,,,,,,,,,,,,,,,,,,,,,,,,,,,true,,,,,,,,,,,,true,,,,,,,,,,,,,,,,,,,,,,,,,,,,,,,,,,,,,,,,,,,,,,,,,,,,,,,,,,,,,,,,,,,,,,,,,,,,,,,,,,,,,,,,,,,,,,,,
laxmi watch co,लक्ष्मी वॉच को,retailer of smart titan and other watches,watch store,rizvi sadan general bernardo guedes rd near vaidya hospital near municipal market altinho panaji goa india,near municipal market altinho,rizvi sadan general bernardo guedes rd near vaidya hospital,panaji,403001,goa,in,,,False,15.498278,73.8223326,,False,False,chijvqjnfzbvzsrbzexjmry,watch store,xbbfccfabdxfefceb,17793530598584825607,,62,tz,monday,am to pm,tuesday,am to pm,wednesday,am to pm,thursday,am to pm,friday,am to pm,saturday,am to pm,sunday,closed,,,,,,,,,,,,true,,,,,,,,,,timex,en,17,False,,gtknzc,,,,,true,,,,,,,,,,,,,,,,,,true,,,,,,,,,,,,,,,,,,,,,,,,,,,true,,,,,,,,,,,,true,,,,,,,,,,,,,,,,,,,,,,,,,,,,,,,,,,,,,,,,,,,,,,,,,,,,,,,,,,,,,,,,,,,,,,,,,,,,,,,,,,,,,,,,,,,,,,,,
naaz watch company,नाज वॉच कंपनी,,watch store,shop no shete chowk guruwar peth satara maharashtra india,shete chowk guruwar peth,shop no,satara,415002,maharashtra,in,,,False,17.6867369,73.9957869,,False,False,chijqdngkwjsrzzjzqrkkca,watch store,xbcedxce,13846708499369270885,,4,tz,monday,am to pm,tuesday,am to pm,wednesday,am to pm,thursday,am to pm,friday,am to pm,saturday,am to pm,sunday,am to pm,,,,,,,,,,,,true,,,,,,,,,,timex,en,18,False,,ghrgxs,,,,,,,,,,,,,,,,,,,,,,,,,,,,,,,,,,,,,,,,,,,,,,,,,,,,,,,,,,,,,,,,,,,,,,,,,,,,,,,,,,,,,,,,,,,,,,,,,,,,,,,,,,,,,,,,,,,,,,,,,,,,,,,,,,,,,,,,,,,,,,,,,,,,,,,,,,,,,,
sai watch co shaniwar peth mundekar plaza ganesh temple nearkarad,साई वॉच को शनिवार पेठ मूंदकर प्लाजा गणेश टेंपल नियरकराड,,watch store,a mundekar plaza shaniwar peth near ganesh temple raviwar peth karad maharashtra india,raviwar peth,a mundekar plaza shaniwar peth near ganesh temple,karad,415110,maharashtra,in,,,False,17.2858109,74.1801174,,False,False,chijwwhdcdwtsrrcikfexoa,watch store,xbcdbcxedaf,9287011020669376431,,59,tz,monday,am to pm,tuesday,am to pm,wednesday,am to pm,thursday,am to pm,friday,am to pm,saturday,am to pm,sunday,am to pm,,,,,,,,,,,true,true,,,,,,,,,,timex,en,19,False,,gkswqsj,,,,,true,,watch repair service,,,,,,,,,,,,,,,,,,,,,,,,,,,,,,,,,,,,true,true,,,,,,,,,,,,,,,,,,,,,,,,,,true,,,,,,,true,,,,,,,,,,,,,,,,,,,,,,,,,,,,,,,,,,,,,,,,,,,,,,,,,,,,,,,,,,,,,,,,,,,,,,,,,,,,,,,,,
joy watch house,जय वॉच हाउस,,watch store,mapusa municipal market mapusa goa india,mapusa municipal market,,mapusa,403507,goa,in,,,True,15.5894636,73.8109052,,False,False,chijdbtiepqvzsrnqzoqqupa,watch store,xbbfeaexfeefa,17356923559558608122,,15,tz,monday,am to pm,tuesday,am to pm,wednesday,am to pm,thursday,am to pm,friday,am to pm,saturday,am to pm,sunday,closed,,,,,,,,,,,,true,true,true,,,,,,,,timex,en,20,False,,gbchp,true,true,true,,,false,watch repair service,,,,,,,,,true,false,,,,,,,,,,,,,,,,,,,,,,,,,,,,,,,,,,,,,,,,,,,,,,,,,,,,,,,,,,,,,,,,,,,,,,,,,,,,,,,,,,,,,,,,,,,,,,,,,,,,,,,,,,,,,,,,,,,,,,,,,,,,,,,,,,,,,,,,,,,,,
kartik watch mehsana,,,watch store,krishna no dhal panch linda opp govind madhav shakti nagar mehsana gujarat india,shakti nagar,krishna no dhal panch linda opp govind madhav,mehsana,384001,gujarat,in,,,False,23.59793,72.3901379,,False,False,chijxphhsfdxdkrqumoysdoa,watch store,xccecfdxefbeeaa,9227376438390219690,,4,tz,monday,am to pm,tuesday,am to pm,wednesday,am to pm,thursday,am to pm,friday,am to pm,saturday,am to pm,sunday,closed,,,,,,,,,,,,true,true,true,,,,,,,,timex,en,42,False,,ghjcc,true,,true,,,,,,,,,,,,,true,,,,,true,true,,,,,,,,,,,,,,,,,,,,,,,,,,,,,,,,,,,,,,,,,,,,,,,,,,,,,,,,,,,,,,,,,,,,,,,,,,,,,,,,,,,,,,,,,,,,,,,,,,,,,,,,,,,,,,,,,,,,,,,,,,,,,,,,,,,,,,,,
ajanta time,,,watch store,ghqw maharana pratap rd opposite shrddha hospital dharmaraj nagar shayona city chanakyapuri ahmedabad gujarat india,dharmaraj nagar shayona city chanakyapuri,ghqw maharana pratap rd opposite shrddha hospital,ahmedabad,380061,gujarat,in,,,False,23.0778028,72.5378133,,False,False,chijrwfjidxjkrkoluixfik,watch store,xefcdxefa,2960580066993044115,,5,tz,monday,am to pm,tuesday,am to pm,wednesday,am to pm,thursday,am to pm,friday,am to pm,saturday,am to pm,sunday,am to pm,,,,,,,,,,,,true,,,,,,,,,,timex,en,43,False,,gtbsp,,,,,,,,,,,,,,,,,,,,,,,,,,,,,,,,,,,,,,,,,,,,,,,,,,,,,,,,,,,,,,,,,,,,,,,,,,,,,,,,,,,,,,,,,,,,,,,,,,,,,,,,,,,,,,,,,,,,,,,,,,,,,,,,,,,,,,,,,,,,,,,,,,,,,,,,,,,,,,
time world,,,watch store,bhavya square g near vadvala hanuman tample bhaupura kadi gujarat india,bhaupura,bhavya square g near vadvala hanuman tample,kadi,384440,gujarat,in,,,False,23.291346,72.334545,,False,False,chijzfmhbqjxdkrnadjlnbdkm,watch store,xcfafcdxebbfad,4831900278737971101,,28,tz,monday,am to pm,tuesday,am to pm,wednesday,am to pm,thursday,am to pm,friday,am to pm,saturday,am to pm,sunday,am to pm,,,,,,,,,,,true,true,true,true,true,true,,,,,,timex,en,44,False,,gtsjskcp,true,,,,,,clock repair service,,,,,true,true,true,true,,,,watch repair service,,true,true,,,,,,,,,,,,,,,,,,,,,,,,,,,,,,,,,,,,,,,,,,,,,,,,,,,,,,,,,,,,,,,,,,,,,,,,,,,,,,,,,,,,,,,,,,,,,,,,,,,,,,,,,,,,,,,,,,,,,,,,,,,,,,,,,,,,,,,,
just in time watch boutique,,luxury watch dealer featuring timepieces from brands such as casio movado and seiko,watch store,alpha one mall gf a phase vastrapur ahmedabad gujarat india,phase vastrapur,alpha one mall gf a,ahmedabad,380054,gujarat,in,,,False,23.0400705,72.531482,,False,False,chijifhfxjkrgusuetlrw,watch store,xeeefbxbceedeba,13613948298759301914,,96,tz,monday,am to pm,tuesday,am to pm,wednesday,am to pm,thursday,am to pm,friday,am to pm,saturday,am to pm,sunday,am to pm,,,,,,,,,,,,true,true,true,true,true,,,,,,timex,en,45,False,,gscvld,true,,,,,,watch repair service,,true,true,true,true,,,true,,,,,,,,,,,,,,,,,,,,,,,,,,,,,,,,,,,,,,,,,,,,,,,,,,,,,,,,,,,,,,,,,,,,,,,,,,,,,,,,,,,,,,,,,,,,,,,,,,,,,,,,,,,,,,,,,,,,,,,,,,,,,,,,,,,,,,,,,,,,,,,
fastrack watches new rishi watch co,न्यू ऋषि घड़ी कं,,watch store,district centre near allen sammunat main gate kota rajasthan india,new jawahar nagar main gate,district centre near allen sammunat,kota,324005,rajasthan,in,,,False,25.1512217,75.8375603,,False,False,chijzyylaebzkrtkqrgvws,watch store,xfefbcdxdbdfdbaede,15843617359766018534,,28,tz,monday,am to pm,tuesday,am to pm,wednesday,am to pm,thursday,am to pm,friday,am to pm,saturday,am to pm,sunday,am to pm,,,,,,,,,,,,true,true,true,true,true,,,,,,timex,en,47,False,,gcnnkqm,true,,,,,,watch repair service,,,,,,,,true,,,,,,true,true,,,,,,,,,,,,,,,,,,,,,,,,,,,,,,,,,,,,,,,,,,,,,,,,,,,,,,,,,,,,,,,,,,,,,,,,,,,,,,,,,,,,,,,,,,,,,,,,,,,,,,,,,,,,,,,,,,,,,,,,,,,,,,,,,,,,,,,,
just in time watch boutique,,,watch store,shop no miro retail sindhu bhavan marg opp times square grand prl colony thaltej ahmedabad gujarat india,prl colony thaltej,shop no miro retail sindhu bhavan marg opp times square grand,ahmedabad,380054,gujarat,in,,,False,23.0407216,72.4985027,,False,False,chijzxmbxjkrubaqvokc,watch store,xebfeeecfxafbf,5161958654206218320,,10,tz,monday,am to pm,tuesday,am to pm,wednesday,am to pm,thursday,am to pm,friday,am to pm,saturday,am to pm,sunday,am to pm,,,,,,,,,,,,true,,,,,,,,,,timex,en,48,False,,gyzbryhc,,,,,true,,watch repair service,,,,,,,,,,,,,,,,,,,,,,,,,,,,,,,,,,,,,,,,,,,,,,,,,,,,,,,,true,,,,,,,,,,,,,,,,,,,,,,,,,,,,,,,,,,,,,,,,,,,,,,,,,,,,,,,,,,,,,,,,,,,,,,,,,,,,,,,,,,,,,,,,,,,,,,,
keshariyaji time,,,watch store,gf city centre building swastik society navrangpura ahmedabad gujarat india,swastik society navrangpura,gf city centre building,ahmedabad,380009,gujarat,in,,,False,23.0378498,72.5614469,,False,False,chijdqzvoexjkreinixsrfi,watch store,xefaxabdfc,10527071171014117628,,6,tz,monday,am to pm,tuesday,am to pm,wednesday,am to pm,thursday,am to pm,friday,am to pm,saturday,am to pm,sunday,to pm,,,,,,,,,,,,true,,,,,,,,,,timex,en,49,False,,gvdzxlw,true,,,,,,watch repair service,,,,,,,,,,,,,,true,true,true,,,,,,,,,,,,,,,,,,,,,,,,,,,true,,,,,,,,,,,,true,,,,,,,,,,,,,,,,,,,,,,,,,,,,,,,,,,,,,,,,,,,,,,,,,,,,,,,,,,,,,,,,,,,,,,,,,,,,,,,,,,,,,,,,,,,,,,,,
just in time watch boutique,,retailer for a variety of branded luxury watches and smartwatches,watch store,siddhi vinayak complex shivranjani cross rd bimanagar ambawadi ahmedabad gujarat india,bimanagar ambawadi,siddhi vinayak complex shivranjani cross rd,ahmedabad,380015,gujarat,in,,,False,23.0245042,72.5316743,,False,False,chijjksvpefxjkrrxdlefngs,watch store,xebeaxbeedcaf,7775578975224716463,,140,tz,monday,am to pm,tuesday,am to pm,wednesday,am to pm,thursday,am to pm,friday,am to pm,saturday,am to pm,sunday,am to pm,,,,,,,,,,,,true,true,true,,,,,,,,timex,en,50,False,,gwjrtv,true,true,true,,,,watch repair service,,,,,,,,,,,,,,,,,,,,,,,,,,,,,,,,,,,,,,,,,,,,,,,,,,,,,,,,,,,,,,,,,,,,,,,,,,,,,,,,,,,,,,,,,,,,,,,,,,,,,,,,,,,,,,,,,,,,,,,,,,,,,,,,,,,,,,,,,,,,,,,,,,,,,,,
time world,ટાઇમ વર્લ્ડ,,watch store,dandia bazar jambubet vadodara gujarat india,dandia bazar jambubet,,vadodara,390001,gujarat,in,,,False,22.3012231,73.1976474,,False,False,chijxnznpxzkrgenxlkie,watch store,xfcfdcddxeecd,5684677811324680067,,6,tz,monday,am to pm,tuesday,am to pm,wednesday,am to pm,thursday,am to pm,friday,am to pm,saturday,am to pm,sunday,am to pm,,,,,,,,,,,,true,true,true,,,,,,,,timex,en,51,False,,gfhznvm,true,,true,,,,,,,,,,,,,,,,,,,,,,,,,,,,,,,,,,,,,,,,,,,,,,,,,,,,,,,,,,,,,,,,,,,,,,,,,,,,,,,,,,,,,,,,,,,,,,,,,,,,,,,,,,,,,,,,,,,,,,,,,,,,,,,,,,,,,,,,,,,,,,,,,,,,,,,,,,,
mangal time,મંગલ ટાઇમ,,watch store,jitendra shopping center nr satya ranna park karmchari nagar ahmedabad gujarat india,ranna park karmchari nagar,jitendra shopping center nr satya,ahmedabad,380061,gujarat,in,,,False,23.0664365,72.5467306,,False,False,chijsdlmdxjkrjlzwkvnjipi,watch store,xecfebefxf,17476327564584703526,,59,tz,monday,am to pm,tuesday,am to pm,wednesday,am to pm,thursday,am to pm,friday,am to pm,saturday,am to pm,sunday,am to pm,,,,,,,,,,,,true,,,,,,,,,,timex,en,52,False,,ghgjhm,true,,true,,,,,,,,,,,,,true,,,,,true,,true,,,,,,,,,,,,,,,,,,,,true,,,,,,,,,,,,,,,,,,,,,,,,,,,,,,,,,,,,,,,,,,,,,,,,,,,,,,,,,,,,,,,,,,,,,,,,,,,,,,,,,,,,,,,,,,,,,,,,,,,,,,,,,,,,,,,,,,,
titan world prahladnagar ahmedabad,,,watch store,shop no ground floor shivalik arcade feet rd opposite timber point prahlad nagar ahmedabad gujarat india,prahlad nagar,shop no ground floor shivalik arcade feet rd opposite timber point,ahmedabad,380015,gujarat,in,,,False,23.0117437,72.5085017,,False,False,chijwswwcebxjkrhqwntgwytbg,watch store,xebdccxbbcdc,13309711834598411397,,355,tz,monday,am to pm,tuesday,am to pm,wednesday,am to pm,thursday,am to pm,friday,am to pm,saturday,am to pm,sunday,am to pm,,,,,,,,,,,,true,true,true,,,true,,,,,timex,en,53,False,,gvtsg,true,,true,,,,clock and watch maker,,true,true,true,,,,,,,,watch manufacturer,watch repair service,,,,,,,,,,,,,,,,,,,,,,,,,,,,,,,,,,,,,,,,,,,,,,,,,,,,,,,,,,,,,,,,,,,,,,,,,,,,,,,,,,,,,,,,,,,,,,,,,,,,,,,,,,,,,,,,,,,,,,,,,,,,,,,,,,,,,,,,,,
helios watch store vijay nagar indore,हीलियस वॉच स्टोर विजय नगर इंदौर,highend watch chain offering timepieces from brands like tissot fitbit movado and garmin,watch store,plot no pu rasoma square scheme no ab rd near coral electronics vijay nagar indore madhya pradesh india,vijay nagar scheme pu,plot no pu rasoma square scheme no ab rd near coral electronics,indore,452010,madhya pradesh,in,,,False,22.7484814,75.8951081,,False,False,chijzcolxyjkrpeljfi,watch store,xfdfbccdxfedea,17501330640762128804,,129,tz,monday,am to pm,tuesday,am to pm,wednesday,am to pm,thursday,am to pm,friday,am to pm,saturday,am to pm,sunday,am to pm,,,,,,,,,,,,true,true,true,,,,,,,,timex,en,55,False,,ghddgm,true,,true,,,true,clock repair service,,true,true,true,,,,,,true,,clock and watch maker,watch manufacturer,,,,,,,,,,,,,,,,,,,,,,,,,watch repair service,,,,,,,,,,,,,,,,,,,,,,,,,,,,,,,,,,,,,,,,,,,,,,,,,,,,,,,,,,,,,,,,,,,,,,,,,,,,,,,,,,,,,,,,,,,,,,,,,,,,,,,,,,,,,,,,,
bhagwati watch company,ભગવતી વોચ કંપની,shop selling wristwatches and clocks along with providing repair work,watch store,shakti nagar mehsana gujarat india,shakti nagar,,mehsana,384001,gujarat,in,,,False,23.5981575,72.3902709,,False,False,chijxcggytddxdkrrekyejkbw,watch store,xcdcdxbceeeae,13587892163723268577,,18,tz,monday,am to pm,tuesday,am to pm,wednesday,am to pm,thursday,am to pm,friday,am to pm,saturday,am to pm,sunday,closed,,,,,,,,,,,,true,true,true,,,,,,,,timex,en,56,False,,ghbghx,true,,true,,,,,,,,,,,,,,,,,,true,true,,,,,,,,,,,,,,,,,,,,,,,,,,,,,,,,,,,,,,,,,,,,,,,,,,,,,,,,,,,,,,,,,,,,,,,,,,,,,,,,,,,,,,,,,,,,,,,,,,,,,,,,,,,,,,,,,,,,,,,,,,,,,,,,,,,,,,,,
titan world maninagar ahmedabad,ટાઇટન શોરૂમ,,watch store,shop no hxw shivalik complex rambaug rd near tanishq jewellery rambagh maninagar ahmedabad gujarat india,rambagh maninagar,shop no hxw shivalik complex rambaug rd near tanishq jewellery,ahmedabad,380008,gujarat,in,,,False,23.0006254,72.6004694,,False,False,chijqnyiqexjkrzdsqpihu,watch store,xeacafafxfaaecdb,9592446834394804443,,106,tz,monday,am to pm,tuesday,am to pm,wednesday,am to pm,thursday,am to pm,friday,am to pm,saturday,am to pm,sunday,am to pm,,,,,,,,,,,,true,true,true,,,,,,,,timex,en,57,False,,gtphkt,true,,true,,,false,clock and watch maker,,true,true,true,,,,,,,,watch manufacturer,watch repair service,,,,,,,,,,,,,,,,,,,,,,,,,,,,,,,,,,,,,,,,,,,,,,,,,,,,,,,,,,,,,,,,,,,,,,,,,,,,,,,,,,,,,,,,,,,,,,,,,,,,,,,,,,,,,,,,,,,,,,,,,,,,,,,,,,,,,,,,,,
kamal watch co orbit mall,कमल वॉच को ऑर्बिट मॉल,,watch store,shop no a orbit mall ab rd opposite raghunath prasad petrol pump scheme pu indore madhya pradesh india,opposite raghunath prasad petrol pump scheme pu,shop no a orbit mall ab rd,indore,452010,madhya pradesh,in,,,False,22.745395,75.8941351,,False,False,chijuytfftyjkrsjtixbjrry,watch store,xfdcbxfebce,17746411346546824264,,73,tz,monday,am to pm,tuesday,am to pm,wednesday,am to pm,thursday,am to pm,friday,am to pm,saturday,am to pm,sunday,am to pm,,,,,,,,,,,true,true,true,true,true,true,,,,,,timex,en,59,False,,glwkhc,true,,,,,true,clock repair service,,true,true,true,,,,true,,,,clock and watch maker,watch repair service,,,,,,,,,,,,,,,,,,,,,,,,,,,true,,,,,,,,,,,,,,,,,,,,,,,,,,,,,,,,,,,,,,,,,,,,,,,,,,,,,,,,,,,,,,,,,,,,,,,,,,,,,,,,,,,,,,,,,,,,,,,,,,,,,,,,,,,,,,,
luxury time ahmedabad,,,watch store,sylph building sindhu bhavan marg next to montecarlo prl colony bodakdev ahmedabad gujarat india,prl colony bodakdev,sylph building sindhu bhavan marg next to montecarlo,ahmedabad,380054,gujarat,in,,,False,23.0404504,72.5029783,,False,False,chijwevkvaexjkrkwtjqyuaze,watch store,xefafcxbdbb,3560961950014311211,,85,tz,monday,am to pm,tuesday,am to pm,wednesday,am to pm,thursday,am to pm,friday,am to pm,saturday,am to pm,sunday,am to pm,,,,,,,,,,,,true,true,true,,,,,,,,timex,en,60,False,,gcnypw,true,,true,,,true,,,true,true,,,,,,,true,,,,,,,,,,,,,,,,,,,,,,,,,,,,,,,,,,,,,,,,,,,,,,,,,,,,,,,,,,,,,,,,,,,,,,,,,,,,,,,,,,,,,,,,,,,,,,,,,,,,,,,,,,,,,,,,,,,,,,,,,,,,,,,,,,,,,,,,,,,,,
timex world,ಟೈಮೆಕ್ಸ್ ವರ್ಲ್ಡ್,,watch store,shop no gr floor shri krishna plaza corner ansurkar galli raviwar peth belagavi cantonment karnataka india,raviwar peth,shop no gr floor shri krishna plaza corner ansurkar galli,belagavi cantonment,590001,karnataka,in,,,False,15.8584178,74.5085587,,False,False,chijnxsdrmvzsrguwvaichbi,watch store,xbbfafbxbdcb,12834445309410429827,,11,tz,monday,am to pm,tuesday,am to pm,wednesday,am to pm,thursday,am to pm,friday,am to pm,saturday,am to pm,sunday,am to pm,,,,,,,,,,,,true,true,true,true,,,,,,,timex,en,21,False,,ggwdmzz,true,,,,,,,,,,,,,,,,,,,,true,true,,,,,,,,,,,,,,,,,,,,,,,,,,,,,,,,,,,,,,,,,,,,,,,,,,,,,,,,,,,,,,,,,,,,,,,,,,,,,,,,,,,,,,,,,,,,,,,,,,,,,,,,,,,,,,,,,,,,,,,,,,,,,,,,,,,,,,,,
the johnson times a multibrand watch store,,,watch repair service,shop no paras niketan kh patil road near convent school opp sbi main branch ram nagar bhavani nagar keshwapur hubballi karnataka india,ram nagar bhavani nagar keshwapur,shop no paras niketan kh patil road near convent school opp sbi main branch,hubballi,580020,karnataka,in,,,False,15.3562353,75.14671,,False,False,chijmxcvtrxudsrshxlpncow,watch repair service,xbbdafxdbbdecbb,953564035906475442,,74,tz,monday,am to pm,tuesday,am to pm,wednesday,am to pm,thursday,am to pm,friday,am to pm,saturday,am to pm,sunday,am to pm,,,,,,,,,,,true,,,,,,,,,,,timex,en,22,False,,ghbnzqw,,,,,true,,clock and watch maker,,,,,,,,,,,,,,,,,,,,,,,,,,,,,,,,,,,,,,,,,,,,,,,,,,,,,,,,,false,false,false,,,,,,,,false,,,,,,,,,,,,,,,,,,,,,,,,,,,,,,,,,,,,,,,,,,,,,,,,,,,,,,,,,,,,,,,,,,,,,,,,,,,,,,,,,,,,
the world of time,ದಿ ವರ್ಲ್ಡ್ ಆಫ್ ಟೈಮ್,,watch store,usa complex shree shakti rd new hubli hubballi karnataka india,new hubli,usa complex shree shakti rd,hubballi,580020,karnataka,in,,,False,15.347608,75.1430377,,False,False,chijurofdnudsrrstkjiuro,watch store,xbbcddxaaedab,9964124259785911109,,18,tz,monday,am to pm,tuesday,am to pm,wednesday,am to pm,thursday,am to pm,friday,am to pm,saturday,am to pm,sunday,am to pm,,,,,,,,,,,,true,true,true,,,,,,,,timex,en,23,False,,gtdvnj,true,,true,,,false,clock repair service,,true,true,,,,,,true,false,,watch repair service,,,,,,,,,,,,,,,,,,,,,,,,,,,,,,,,,,,,,,,,,,,,,,,,,,,,,,,,,,,,,,,,,,,,,,,,,,,,,,,,,,,,,,,,,,,,,,,,,,,,,,,,,,,,,,,,,,,,,,,,,,,,,,,,,,,,,,,,,,,
titan world,,,watch store,subash rd opposite old bus stand hosayellapur hubballi karnataka india,hosayellapur,subash rd opposite old bus stand,hubballi,580001,karnataka,in,,,False,15.4601032,75.010826,,False,False,chijozkbghnnudsruhjbnutew,watch store,xbbcdaxcbdfbba,7816863387947307706,,136,tz,monday,am to pm,tuesday,am to pm,wednesday,am to pm,thursday,am to pm,friday,am to pm,saturday,am to pm,sunday,am to pm,,,,,,,,,,,,true,true,true,true,true,,,,,,timex,en,24,False,,gcpnttj,true,,,,,false,clock and watch maker,,true,true,true,,true,true,true,,false,,watch manufacturer,watch repair service,,,,,,,,,,,,,,,,,,,,,,,,,,,,,,,,,,,,,,,,,,,,,,,,,,,,,,,,,,,,,,,,,,,,,,,,,,,,,,,,,,,,,,,,,,,,,,,,,,,,,,,,,,,,,,,,,,,,,,,,,,,,,,,,,,,,,,,,,,
just in time watch boutique,,,watch store,unit no ug upper ground floor inorbit mall near akshay park manjunath nagar hubballi karnataka india,manjunath nagar,unit no ug upper ground floor inorbit mall near akshay park,hubballi,580030,karnataka,in,,,False,15.350497,75.1082284,,False,False,chijzhvxudsrdiwazfimxu,watch store,xbbdfeeaedxbbfcdc,8444737453562039412,,80,tz,monday,am to pm,tuesday,am to pm,wednesday,am to pm,thursday,am to pm,friday,am to pm,saturday,am to pm,sunday,am to pm,,,,,,,,,,,,true,,,,,,,,,,timex,en,25,False,,gyhdgw,,,,,true,,watch repair service,,,,,,,,,,,,,,,,true,,,,,,,,,,,,,,,,,,,,,,,,,,,true,,,,,,,,,,,,,,,,,,,,,,,,,,,,,,,,,,,,,,,,,,,,,,,,,,,,,,,,,,,,,,,,,,,,,,,,,,,,,,,,,,,,,,,,,,,,,,,,,,,,,,,,,,,,
fastrack store vantmore chowk miraj,फास्ट्रैक स्टोर वनटमोर चौक मिराज,,watch store,g floor vanthmore corner cs k road opp croma sangli shantiniketa sangli miraj kupwad maharashtra india,sangli shantiniketa,g floor vanthmore corner cs k road opp croma,sangli miraj kupwad,416410,maharashtra,in,,,False,16.8322512,74.6417125,,False,False,chijmqlqmrwtsrxzvsgcsub,watch store,xbcdeaxdbfaf,2112208049504495199,,23,tz,monday,am to pm,tuesday,am to pm,wednesday,am to pm,thursday,am to pm,friday,am to pm,saturday,am to pm,sunday,am to pm,,,,,,,,,,,,true,true,true,true,true,,,,,,timex,en,26,False,,gvzvxg,true,,,,,,bag shop,,true,true,true,,,,true,,,,handbags shop,perfume store,,,,,,,,,,,,,,,,,,,,,,,,,sunglasses store,,,,,,,,,,,,,,,,,,,,,,,,,,,,,,,,,,,,,,,,,,,,,,,,,,,,,,,,,,,,,,,,,,,,,,,,,,,,,,,,,,,,,,,,,,,,,,,,,,,,,,,,,,,,,,,,,
anmol times watch showroom ಆನ್ಮೋಲ್ ಟೈಮ್ಸ್,,,watch store,shop no satish complex sangoli raynna circle main market rd gokak karnataka india,raviwarpeth,shop no satish complex sangoli raynna circle main market rd,gokak,591307,karnataka,in,,,False,16.1699782,74.8214452,,False,False,chijhwtwcdavwdsrtcbnkiniwc,watch store,xbcafdffxaaccb,514439125071806645,,45,tz,monday,am to pm,tuesday,am to pm,wednesday,am to pm,thursday,am to pm,friday,am to pm,saturday,am to pm,sunday,am to pm,,,,,,,,,,,,true,,,,,,,,,,timex,en,28,False,,ghdyxfvj,true,true,,,,,showroom,,,,,,,,,,,,,,,,true,,,,,,,,,,,,,,,,,,,,,,,,,,,true,,,,,,,,,,,,,,,,,,,,,,,,,,,,,,,,,,,,,,,,,,,,,,,,,,,,,,,,,,,,,,,,,,,,,,,,,,,,,,,,,,,,,,,,,,,,,,,,,,,,,,,,,,,,
kiran watch company wrist watch wall clock gifts dealer kolhapur,किरण वॉच कंपनी वरिष्ठ वॉच वॉल क्लॉक गिफ्ट्स डीलर कोल्हापुर,,watch store,c shivaji rd c ward kolhapur maharashtra india,c ward,c shivaji rd,kolhapur,416002,maharashtra,in,,,False,16.6964247,74.2256468,,False,False,chijgzlywwawtsradzggzyxe,watch store,xbccfdbxccefec,8199140709529747692,,25,tz,monday,am to pm,tuesday,am to pm,wednesday,am to pm,thursday,am to pm,friday,am to pm,saturday,am to pm,sunday,am to pm,,,,,,,,,,,,true,,,,,,,,,,timex,en,29,False,,gcsccbhbq,true,,,,,,clock repair service,,,,,,,,,,,,clock and watch maker,corporate gift supplier,true,,true,,,,,,,,,,,,,,,,,,,,,,gift shop,,,,,true,,,,,,,,,,home improvement store,smart shop,true,,,,,,,,,,,,,,,,,,,watch manufacturer,watch repair service,,,,,,,,,,,,,,,,,,,,,,,,,,,,,,,,,,,,,,,,,,,,,,,,,,,,,,,,,,,,,,,,,,,,,,,,,,,,
city time,,,watch store,amrold corner nd ln poorvarang mahalaxminagar rajarampuri kolhapur maharashtra india,poorvarang mahalaxminagar rajarampuri,amrold corner nd ln,kolhapur,416008,maharashtra,in,,,False,16.6972506,74.2414219,,False,False,chijkmgrybwtsrepxrmiac,watch store,xbcbacbfbxffdca,7493708729403153530,,14,tz,monday,am to pm,tuesday,am to pm,wednesday,am to pm,thursday,am to pm,friday,am to pm,saturday,am to pm,sunday,am to pm,,,,,,,,,,,,true,,,,,,,,,,timex,en,32,False,,gfphkl,,,,,,,,,,,,,,,,,,,,,,,true,,,,,,,,,,,,,,,,,,,,,,,,,,,true,,,,,,,,,,,,,,,,,,,,,,,,,,,,,,,,,,,,,,,,,,,,,,,,,,,,,,,,,,,,,,,,,,,,,,,,,,,,,,,,,,,,,,,,,,,,,,,,,,,,,,,,,,,,
hanuman watch company,,wellestablished shop selling watches including wall clocks and wristwatches along with sunglasses and frames,watch store,huttatma chowk near kirloskar rd raviwar peth belagavi karnataka india,raviwar peth,huttatma chowk near kirloskar rd,belagavi,590001,karnataka,in,,,False,15.8587381,74.5100963,,False,False,chijlzavujmvzsrbmgycxbty,watch store,xbbfffxdf,3892543323687949304,,273,tz,monday,am to pm,tuesday,am to pm,wednesday,am to pm,thursday,am to pm,friday,am to pm,saturday,am to pm,sunday,am to pm,true,true,true,,,,,true,true,true,,true,true,true,true,true,,,,,,timex,en,34,False,,gvpnnn,,,,,,true,clock repair service,,,,true,,,,true,,false,,gift shop,perfume store,,,,,,,,,,,,,,,,,,,,,,,,,watch repair service,,,,,,,,,,,,,,,,,,,,,,,,,,,,,,,,,,,,,,,,,,,,,,,,,,,,,,,,,,,,,,,,,,,,,,,,,,,,,,,,,,,,,,,,,,,,,,,,,,,,,,,,,,,,,,,,,
attitude the watch studio,,,watch store,ground floor anant towers e railway fatak near max showroom e ward shahupuri kolhapur maharashtra india,e ward shahupuri,ground floor anant towers e railway fatak near max showroom,kolhapur,416001,maharashtra,in,,,False,16.7003047,74.2415949,,False,False,chijcnfauaawtsretbasaoo,watch store,xbcfbxaacbedfb,9973832775018380795,,46,tz,monday,am to pm,tuesday,am to pm,wednesday,am to pm,thursday,am to pm,friday,am to pm,saturday,am to pm,sunday,am to pm,,,,,,,,,,,,true,true,true,true,true,,,,,,timex,en,36,False,,gtklsq,true,,,,,false,,,,,,,,,true,,,,,,true,true,,,,,,,,,,,,,,,,,,,,,,,,,,,,,,,,,,,,,,,,,,,,,,,,,,,,,,,,,,,,,,,,,,,,,,,,,,,,,,,,,,,,,,,,,,,,,,,,,,,,,,,,,,,,,,,,,,,,,,,,,,,,,,,,,,,,,,,,
shaalimar world of waches,शालीमार वर्ल्ड ऑफ वॉचेस,,watch store,shop n leela pride near teliphone office near mayani road hanmant bazar vita maharashtra india,hanmant bazar,shop n leela pride near teliphone office near mayani road,vita,415311,maharashtra,in,,,False,17.2762836,74.5377934,,False,False,chijcxznnnnwtsrecjmhxwzzc,watch store,xbcecxedcdec,10947434290075846777,,155,tz,monday,am to pm,tuesday,am to pm,wednesday,am to pm,thursday,am to pm,friday,am to pm,saturday,am to pm,sunday,am to pm,true,true,true,true,true,,,,,,true,true,true,true,true,true,true,true,,,,timex,en,39,False,,gppczpj,,,,,,,clock repair service,,,,,,,,,,,,clock and watch maker,gift shop,,,,,,,,,,,,,,,,,,,,,,,,true,reptile store,,,false,,,,,true,,,,,,,watch repair service,,,,,,false,,,,,,,,false,false,false,,,,,,,,,,,,,,,,,,,,,,,,,,,,,,,,,,,,,,,,,,,,,,,,,,,,,,,,,,,,,,,,,,,,,,,,,,,,,,,,,,
timex tailors,टाइम्स टेलर्स,,mens tailor,station rd near dargah road miraj guruvar peth sangli miraj kupwad maharashtra india,miraj guruvar peth,station rd near dargah road,sangli miraj kupwad,416410,maharashtra,in,,,False,16.8201947,74.6460334,,False,False,chijbgmkjwtsrxkxajmm,mens tailor,xbccfdexadcdf,4842295035040307679,,40,tz,monday,am to pm,tuesday,am to pm,wednesday,am to pm,thursday,am to pm,friday,am to pm,saturday,am to pm,sunday,am to pm,,,,,,,false,,,,,,,,,,,,,,,timex,en,40,False,,gltmw,,true,,,,,,,,,,,,,,,,,,,,,,,,,true,,,,,,,,,,,,,,,false,,,,,,,,,,,,,,,,,,,,,,,,true,,,,true,,,,,,,,,,true,,,,,,,,,,,,,,,,,,,,,,,,,,,,,,,,true,,,,,,,,,,,,,,,,,,,,,,,,,,,,,,,,,,,,,,,,,,,,,,
titan world mani square mall kolkata,টাইটান ওয়ার্ল্ড মানি স্কয়ার মাল কলকাতা,retail outlet for titan brand watches audio accessories and fragrances,watch store,shop no ga ground floor mani square mall maniktala main rd beside bengal chemical kadapara phoolbagan kankurgachi kolkata west bengal india,kadapara phoolbagan kankurgachi,shop no ga ground floor mani square mall maniktala main rd beside bengal chemical,kolkata,700054,west bengal,in,,,False,22.5776385,88.4008667,,False,False,chijuwoabilajormwjjnyprtq,watch store,xaaxdaeffd,15325344428970304049,,82,tz,monday,am to pm,tuesday,am to pm,wednesday,am to pm,thursday,am to pm,friday,am to pm,saturday,am to pm,sunday,am to pm,,,,,,,,,,,,true,true,true,,,,,,,,timex,en,2,False,,gpkcqxs,true,,true,,,,clock and watch maker,,,,,,,,,,,,watch manufacturer,watch repair service,true,true,,,,,,,,,,,,,,,,,,,,,,,,,,,,,,,,,,,,,,,,,,,,,,,,,,,,,,,,,,,,,,,,,,,,,,,,,,,,,,,,,,,,,,,,,,,,,,,,,,,,,,,,,,,,,,,,,,,,,,,,,,,,,,,,,,,,,,,,
deys times,দে টাইমস,,watch store,b k paul b bk paul ave ahiritola beniatola kolkata west bengal india,ahiritola beniatola,b k paul b bk paul ave,kolkata,700005,west bengal,in,,,True,22.5947116,88.357672,,False,False,chijrroajoremopniavw,watch store,xaceafaexfcedaca,18159326071952362000,,2,tz,monday,to pm,tuesday,am to pm,wednesday,am to pm,thursday,am to pm,friday,am to pm,saturday,am to pm,sunday,closed,,,,,,,,,,,,true,true,true,,,,,,,,timex,en,3,False,,gqky,true,,,,,,gift shop,,,,,,,,,,,,,,,,,,,,,,,,,,,,,,,,,,,,,,,,,,,,,,,,,,,,,,,,,,,,,,,,,,,,,,,,,,,,,,,,,,,,,,,,,,,,,,,,,,,,,,,,,,,,,,,,,,,,,,,,,,,,,,,,,,,,,,,,,,,,,,,,,,,,,,,
anil and sons,অনিল অ্যান্ড সন্স,,watch store,ad ad block sector bidhannagar kolkata west bengal india,ad block sector bidhannagar,ad,kolkata,700064,west bengal,in,,,False,22.5976989,88.4089412,,False,False,chijewzvauvajorpfmtdnjy,watch store,xaeefcbxddadf,10823279367577524959,,83,tz,monday,closed,tuesday,closed,wednesday,closed,thursday,am to pm to pm,friday,am to pm to pm,saturday,am to pm to pm,sunday,closed,,,,,,,,,,,,true,true,true,true,true,,,,,,timex,en,4,False,,gtjxdyk,true,,,,,true,,,true,true,true,,,,true,,true,,,,,,,,,,,,,,,,,,,,,,,,,,,,,,,,,,,,,,,,,,,,,,,,,,,,,,,,,,,,,,,,,,,,,,,,,,,,,,,,,,,,,,,,,,,,,,,,,,,,,,,,,,,,,,,,,,,,,,,,,,,,,,,,,,,,,,,,,,,,,
shmumtazuddin times pvtltd,এসএইচ মুমতাজুদ্দিন টাইমস প্রাঃ লিঃ,longstanding showroom stocking wristwatches smartwatches and wall clocks,watch store,radha bazar st radha bazar barabazar market kolkata west bengal india,radha bazar barabazar market,radha bazar st,kolkata,700001,west bengal,in,,,False,22.5733855,88.3520555,,False,False,chijgtbvajorgcpxasbve,watch store,xaaebbxccfa,5838121423564507130,,1087,tz,monday,am to pm,tuesday,am to pm,wednesday,am to pm,thursday,am to pm,friday,am to pm,saturday,am to pm,sunday,closed,,,,,,,,true,true,true,true,,true,true,true,true,,,,,,timex,en,5,False,,gbzlmj,true,,,,,,clock repair service,,true,true,true,,,,true,,,,watch repair service,,,,,,,,true,monday,am– pm,tuesday,am– pm,wednesday,am– pm,thursday,am– pm,friday,am– pm,saturday,am– pm,sunday,closed,,,,,,,,,,,,,,,,,,,,,,,,,,,,,true,,,,,,,,true,true,,,,,,,,,,,,,,,,,,,,,,,,,,,,,,,,,,,,,,,,,,,,,,,,,,,,,,true,true,,,true,false,false,,false,false,false,,monday,am– pm,tuesday,am– pm,wednesday,am– pm,thursday,am– pm,friday,am– pm,saturday,am– pm,sunday,closed
helios watch store city centre mall kolkata,হেলিয়া ওয়াচ স্টোর সিটি সেন্টার মাল কলকাতা,branch of a chain selling a variety of watch brands in premium fashion and swiss styles,watch store,infront of city center metro station shop no e a ccsl ground floor dc block salt lake kolkata west bengal india,dc block sector bidhannagar,infront of city center metro station shop no e a ccsl ground floor dc block salt lake,kolkata,700064,west bengal,in,,,False,22.5877756,88.408569,,False,False,chijcuhlaxbajorovexjcze,watch store,xabxbcfdccfa,12812701670030242106,,125,tz,monday,am to pm,tuesday,am to pm,wednesday,am to pm,thursday,am to pm,friday,am to pm,saturday,am to pm,sunday,am to pm,true,true,true,true,true,,,,,,,true,true,true,true,true,,,,,,timex,en,6,False,,ghnxscc,,,,,,,clock repair service,,,,,,true,true,true,,,,clock and watch maker,watch manufacturer,,,,,,,,,,,,,,,,,,,,,,,,,watch repair service,,,,,,,,,,,,,,,,,,,,,,,,,,,,,,,,,,,,,,,,,,,,,,,,,,,,,,,,,,,,,,,,,,,,,,,,,,,,,,,,,,,,,,,,,,,,,,,,,,,,,,,,,,,,,,,,,
hasampuria time centre,,,watch store,radha bazar st dalhousie barabazar market kolkata west bengal india,dalhousie barabazar market,radha bazar st,kolkata,700001,west bengal,in,,,False,22.574246,88.351928,,False,False,chijmygwcvajorczbczrvo,watch store,xaaxfaaeffbcb,18063431606063557643,,12,tz,monday,am to pm,tuesday,am to pm,wednesday,am to pm,thursday,am to pm,friday,am to pm,saturday,am to pm,sunday,closed,,,,,,,,,,,,true,,,,,,,,,,timex,en,7,False,,gvnngtsk,true,,,,,,clock repair service,,true,true,true,,true,true,,,,,watch repair service,,,,true,,,,,,,,,,,,,,,,,,,,true,,,,,,,,,,,,,,,,,,,true,,,,,,,,,,,,,,,,,,,,,,,,,,,,,,,,,,,,,,,,,,,,,,,,,,,,,,,,,,,,,,,,,,,,,,,,,,,,,,,,,,,,,,,,,,,,,,,,
sieko watch co,সাইকো ওয়াচ কো,,watch store,a bidhan sarani rd opposite shree cinemapnb sovabazar hati bagan shyam bazar kolkata west bengal india,sovabazar hati bagan shyam bazar,a bidhan sarani rd opposite shree cinemapnb,kolkata,700004,west bengal,in,,,False,22.596183,88.3716201,,False,False,chijcsjjjjbajoralhxrhrvus,watch store,xaexbbdebbeedb,5457777472891761000,,37,tz,monday,am to pm,tuesday,am to pm,wednesday,am to pm,thursday,am to pm,friday,am to pm,saturday,am to pm,sunday,closed,,,,,,,,,,,,true,true,true,,,,,,,,timex,en,8,False,,gtdlspsh,true,true,,,,,watch repair service,,,,,,,,,,,,,,,,,,,,,,,,,,,,,,,,,,,,,,,,,,,,,,,,,,,,,,,,,,,,,,,,,,,,,,,,,,,,,,,,,,,,,,,,,,,,,,,,,,,,,,,,,,,,,,,,,,,,,,,,,,,,,,,,,,,,,,,,,,,,,,,,,,,,,,,
titan world shyam bazaar kolkata,ওয়ার্ল্ড অফ টাইটান,large welcoming chain for watches from top brands such as titan and fastrack as well as fragrances,watch store,gate no metro station bhupen bhupendra bose ave bidhan sarani shyam bazar kolkata west bengal india,bidhan sarani shyam bazar,gate no metro station bhupen bhupendra bose ave,kolkata,700004,west bengal,in,,,False,22.6014872,88.3723238,,False,False,chijmcbmyajorwyjhxg,watch store,xaebxdbfdefe,1791303788779865831,,160,tz,monday,am to pm,tuesday,am to pm,wednesday,am to pm,thursday,am to pm,friday,am to pm,saturday,am to pm,sunday,am to pm,,,,,,,,,,,,true,true,true,,,,,,,,timex,en,9,False,,gtksrb,true,,true,,,false,watch manufacturer,,true,true,true,,,,,,false,,watch repair service,,,,,,,,,,,,,,,,,,,,,,,,,,,,,,,,,,,,,,,,,,,,,,,,,,,,,,,,,,,,,,,,,,,,,,,,,,,,,,,,,,,,,,,,,,,,,,,,,,,,,,,,,,,,,,,,,,,,,,,,,,,,,,,,,,,,,,,,,,,
titan world sector kolkata,টাইটান ওয়ার্ল্ড সেক্টর কলকাতা,vast watch retailer stocking its own brand alongside other labels such as tommy hilfiger,watch store,d salt lake shop no d ground floor city centre near metro station sector kolkata west bengal india,dc block sector bidhannagar,d salt lake shop no d ground floor city centre near metro station,kolkata,700064,west bengal,in,,,False,22.5875014,88.4078397,,False,False,chijtzrknajoropqnoe,watch store,xaddebedxfacdadfaffda,5737812072382594467,,192,tz,monday,am to pm,tuesday,am to pm,wednesday,am to pm,thursday,am to pm,friday,am to pm,saturday,am to pm,sunday,am to pm,,,,,,,,,,,,true,true,true,,,,,,,,timex,en,10,False,,gbzxrqt,true,,true,,,true,clock and watch maker,,true,true,true,,,,,,true,,watch manufacturer,watch repair service,,,,,,,,,,,,,,,,,,,,,,,,,,,,,,,,,,,,,,,,,,,,,,,,,,,,,,,,,,,,,,,,,,,,,,,,,,,,,,,,,,,,,,,,,,,,,,,,,,,,,,,,,,,,,,,,,,,,,,,,,,,,,,,,,,,,,,,,,,
sen watch co,সেন ওয়াচ কে,,watch store,dum dum rd daga colony bahiragath colony jawpur dum dum kolkata west bengal india,daga colony bahiragath colony jawpur dum dum,dum dum rd,kolkata,700074,west bengal,in,,,False,22.620209,88.396377,,False,False,chijjtmcmuddkrcbmrtpzqgdy,watch store,xfdfbbcdxaeabb,3927256068864588041,,21,tz,monday,am to pm,tuesday,am to pm,wednesday,am to pm,thursday,am to pm,friday,am to pm,saturday,am to pm,sunday,am to pm,,,,,,,,,,,,true,,,,,,,,,,timex,en,11,False,,gcqskpr,,,,,,,,,,,,,,,,,,,,,,,,,,,,,,,,,,,,,,,,,,,,,,,,,,,,,,,,,,,,,,,,,,,,,,,,,,,,,,,,,,,,,,,,,,,,,,,,,,,,,,,,,,,,,,,,,,,,,,,,,,,,,,,,,,,,,,,,,,,,,,,,,,,,,,,,,,,,,,
saikat international,সৈকত আন্তর্জাতিক,,watch repair service,room no th floor todi chamber lalbazar street lal bazar kolkata west bengal india,lal bazar,room no th floor todi chamber lalbazar street lal bazar,kolkata,700001,west bengal,in,,,True,22.572259,88.352001,,False,False,chijqnanvajorvyzyijwqcw,watch repair service,xaafexcaccbf,3217888162728126143,,1,tz,monday,am to pm,tuesday,am to pm,wednesday,am to pm,thursday,am to pm,friday,am to pm,saturday,am to pm,sunday,closed,,,,,,,,,,,,,,,,,,,,,,timex,en,12,False,,gtvqjs,,,,,,,,,,,,,,,,,,,,,,,,,,,,,,,,,,,,,,,,,,,,,,,,,,,,,,,,,,,,,,,,,,,,,,,,,,,,,,,,,,,,,,,,,,,,,,,,,,,,,,,,,,,,,,,,,,,,,,,,,,,,,,,,,,,,,,,,,,,,,,,,,,,,,,,,,,,,,,
roy watch,রায় ওয়াচ কো,,watch store,bidhan sarani rd manicktala goa bagan machuabazar kolkata west bengal india,manicktala goa bagan machuabazar,bidhan sarani rd,kolkata,700006,west bengal,in,,,False,22.5907613,88.3695396,,False,False,chijyfabhdzajorccicxos,watch store,xacbfcxffecdb,3455924225535715440,,28,tz,monday,am to pm,tuesday,am to pm,wednesday,am to pm,thursday,am to pm,friday,am to pm,saturday,am to pm,sunday,to pm,,,,,,,,,,,,true,true,true,true,true,,,,,,timex,en,13,False,,gbwcc,true,,,,,,,,true,true,true,,,,true,,,,,,,,,,,,,,,,,,,,,,,,,,,,,,,,,,,,,,,,,,,,,,,,,,,,,,,,,,,,,,,,,,,,,,,,,,,,,,,,,,,,,,,,,,,,,,,,,,,,,,,,,,,,,,,,,,,,,,,,,,,,,,,,,,,,,,,,,,,,,,,
anglo swiss watch co,অ্যাংলো সুইস ওয়াচ কোম্পানি,established outlet carrying a wide variety of clocks and other timepieces including mechanical and automatic styles,watch store,stephen house binoy badal dinesh bag e beside hdfc bank near mahakaran metro station lal bazar kolkata west bengal india,lal bazar,stephen house binoy badal dinesh bag e beside hdfc bank near mahakaran metro station,kolkata,700001,west bengal,in,,,False,22.5717143,88.3506433,,False,False,chijryfccafajorvmlhqby,watch store,xaaxdfbeacbe,15488922686742553278,,342,tz,monday,am to pm,tuesday,am to pm,wednesday,am to pm,thursday,am to pm,friday,am to pm,saturday,am to pm,sunday,closed,,,,,,true,,,,,true,true,true,true,true,true,,,,,,timex,en,15,False,,gtdwyzz,true,,,,,,watch repair service,,true,true,true,,,,true,,,,,,,,,,,,,,,,,,,,,,,,,,,,,,,,,false,,,,,,,,,,,,,,,,,,,,,,,true,,,false,false,,,,,,,,,monday,am– pm,tuesday,am– pm,wednesday,am– pm,thursday,am– pm,friday,am– pm,saturday,am– pm,sunday,closed,,,,,,,,,,,,,,,,,,,,,,,,,,,,,,,,,,true,,,,,,,,,,,,,,,,,,,,,,,,,,,
time corner,টাইম কর্নার,,watch store,shop no radha bazar ln radha bazar lal bazar kolkata west bengal india,radha bazar lal bazar,shop no radha bazar ln,kolkata,700001,west bengal,in,,,False,22.5732422,88.3519911,,False,False,chijhtdsckvajorvexozepigki,watch store,xaaecdxcec,4792613145246846036,,34,tz,monday,am to pm,tuesday,am to pm,wednesday,am to pm,thursday,am to pm,friday,am to pm,saturday,am to pm,sunday,closed,,,,,,,,,,,,true,,,,,,,,,,timex,en,17,False,,gtdpkhhk,true,,,,,,clock repair service,,true,true,true,,,,,,,,clock and watch maker,watch manufacturer,,,,,,,,,,,,,,,,,,,,,,,,,watch repair service,,,,,,,,,,,,,,,,,,true,,,,,,,,,,,,,,,,,,,,,,,,,,,,,,,,,,,,,,,,,,,,,,,,,,,,,,,,,,,,,,,,,,,,,,,,,,,,,,,,,,,,,,,,,,,,,,,
new m y watch co,নিউ ম ই ওয়াচ ক,sales of timepieces plus wall clocks and a reportedly friendly staff,watch store,a radha bazar st radha bazar barabazar market kolkata west bengal india,radha bazar barabazar market,a radha bazar st,kolkata,700001,west bengal,in,,,True,22.5733169,88.3519865,,False,False,chijmygwcvajorncnlnaice,watch store,xaaxcdcfcec,13968415688648673589,,12,tz,monday,am to pm,tuesday,am to pm,wednesday,am to pm,thursday,am to pm,friday,am to pm,saturday,am to pm,sunday,am to pm,,,,,,,,,,,,,,,,,,,,,,timex,en,18,False,,gtfxxq,true,true,,,,,,,,,,,,,,,,,,,,,true,,,,,,,,,,,,,,,,,,,,,,,,,,,true,,,,,,,,,,,,true,,,,,,,,,,,,,,,,,,,,,,,,,,,,,,,,,,,,,,,,,,,,,,,,,,,,,,,,,,,,,,,,,,,,,,,,,,,,,,,,,,,,,,,,,,,,,,,,
radha bazar clock market,রাধা বাজার ক্লক মার্কেট,,watch store,radha bazar st radha bazar lal bazar kolkata west bengal india,radha bazar lal bazar,radha bazar st,kolkata,700001,west bengal,in,,,True,22.5741522,88.3518986,,False,False,chijokwaqvajorkvdepmc,watch store,xaaabaxeefdfafe,7488940624875320035,,441,tz,monday,am to pm,tuesday,am to pm,wednesday,am to pm,thursday,am to pm,friday,am to pm,saturday,am to pm,sunday,closed,,,,,,,,,,,,true,true,true,,,,,,,,timex,en,19,False,,gddkx,true,true,true,,,false,,,,,,,,,,,,,,,,,,,,,,,,,,,,,,,,,,,,,,,,,,,,,,,,,,,,,,,,,,,,,,,,,,,,,,,,,,,,,,,,,,,,,,,,,,,,,,,,,,,,,,,,,,,,,,,,,,,,,,,,,,,,,,,,,,,,,,,,,,,,,,,,,,,,,,,,
addisyn watch house watch showroom,एडिसिं वॉच हाउस वॉच शोरूम,,watch store,road near jain handloom near variety book house sadar bazar sadar jhansi uttar pradesh india,sadar bazar sadar,road near jain handloom near variety book house,jhansi,284001,uttar pradesh,in,,,False,25.4394151,78.5829378,,False,False,chijtcqoyndzkrbmnnoskme,watch store,xbaadxcaccdacc,13918564647598277484,,306,tz,monday,am to pm,tuesday,to pm,wednesday,am to pm,thursday,am to pm,friday,am to pm,saturday,am to pm,sunday,am to pm,,,,,,,,,,,,true,true,true,true,true,,,,,,timex,en,6,False,,ggkbkkhbj,true,,,,,true,,,true,,,,true,true,true,,true,,,,,true,,,,,,,,,,,,,,,,,,,,,,,,,,,,,,,,,,,,,,,,,,,,,,,,,,,,,,,,,,,,,,,,,,,,,,,,,,,,,,,,,,,,,,,,,,,,,,,,,,,,,,,,,,,,,,,,,,,,,,,,,,,,,,,,,,,,,,,,
titan world,titan world malviya nagar bhopal,chain for internationalbrand watches including titanium styles and fragrances,watch store,no shalimar house near antiav jewellery rajbhavan rd malviya nagar bhopal madhya pradesh india,malviya nagar,no shalimar house near antiav jewellery rajbhavan rd,bhopal,462003,madhya pradesh,in,,,False,23.2401671,77.4052036,,False,False,chijqdcfdkrrrxfxelco,watch store,xcabffffffxabbfdbeae,6488291857944526510,,246,tz,monday,am to pm,tuesday,am to pm,wednesday,am to pm,thursday,am to pm,friday,am to pm,saturday,am to pm,sunday,am to pm,,,,,,,,,,,,true,true,true,,,,,,,,timex,en,7,False,,gtgvhch,true,,true,,,,clock and watch maker,,true,true,true,true,,,,,,,watch manufacturer,watch repair service,,,,,,,,,,,,,,,,,,,,,,,,,,,,,,,,,,,,,,,,,,,,,,,,,,,,,,,,,,,,,,,,,,,,,,,,,,,,,,,,,,,,,,,,,,,,,,,,,,,,,,,,,,,,,,,,,,,,,,,,,,,,,,,,,,,,,,,,,,
titan world indrapuri bhopal,टाइटन वर्ल्ड इंद्रपुरी भोपाल,,watch store,ground floor shop no a main road near dominos pizza indrapuri bhopal madhya pradesh india,indrapuri a sector sector a indrapuri,ground floor shop no a main road near dominos pizza,bhopal,462022,madhya pradesh,in,,,False,23.2515558,77.4577796,,False,False,chijaqaaabxcfdkrvchepyghfk,watch store,xccxfddfccbd,17950511207031292349,,92,tz,monday,am to pm,tuesday,am to pm,wednesday,am to pm,thursday,am to pm,friday,am to pm,saturday,am to pm,sunday,am to pm,,,,,,,,,,,,true,true,true,,,,,,,,timex,en,8,False,,gfzllcm,true,,true,,,,watch manufacturer,,true,,,,,,,,,,watch repair service,,,true,,,,,,,,,,,,,,,,,,,,,,,,,,,,,,,,,,,,,,,,,,,,,,,,,,,,,,,,,,,,,,,,,,,,,,,,,,,,,,,,,,,,,,,,,,,,,,,,,,,,,,,,,,,,,,,,,,,,,,,,,,,,,,,,,,,,,,,,
titan world db mall bhopal,वर्ल्ड ऑफ़ टाइटन,,watch store,shop no ground floor dainik bhaskar mall beside punjab jewellers db city mall zonei maharana pratap nagar bhopal madhya pradesh india,db city mall zonei maharana pratap nagar,shop no ground floor dainik bhaskar mall beside punjab jewellers,bhopal,462011,madhya pradesh,in,,,False,23.2325793,77.4301552,,False,False,chijewectgdcfdkreodtrlm,watch store,xccxbfaafdee,12941087251342683664,,112,tz,monday,am to pm,tuesday,am to pm,wednesday,am to pm,thursday,am to pm,friday,am to pm,saturday,am to pm,sunday,am to pm,,,,,,,,,,,,true,true,true,,,,,,,,timex,en,9,False,,gbpjb,true,,true,,,true,clock and watch maker,,,,,,,,,,true,,watch manufacturer,watch repair service,true,true,,,,,,,,,,,,,,,,,,,,,,,,,,,,,,,,,,,,,,,,,,,,,,,,,,,,,,,,,,,,,,,,,,,,,,,,,,,,,,,,,,,,,,,,,,,,,,,,,,,,,,,,,,,,,,,,,,,,,,,,,,,,,,,,,,,,,,,,
titan world marhatal jabalpur,टाइटन की दुनिया,chain outfit showcasing collections of watches from brand names such as titan fasttrack and sonata,watch store,shop no jabalpur club complex nagar nigam rd below anushree hotel patel mohalla marhatal jabalpur madhya pradesh india,patel mohalla marhatal,shop no jabalpur club complex nagar nigam rd below anushree hotel,jabalpur,482002,madhya pradesh,in,,,False,23.1658975,79.9352996,,False,False,chijqsgbqugtkrhquiwidwd,watch store,xaeedaxdccbd,4420427932561312541,,97,tz,monday,am to pm,tuesday,am to pm,wednesday,am to pm,thursday,am to pm,friday,am to pm,saturday,am to pm,sunday,am to pm,,,,,,,,,,,,true,true,true,,,,,,,,timex,en,10,False,,gtcyr,true,,true,,,,clock and watch maker,,true,true,true,,,,,,,,watch manufacturer,watch repair service,,,,,,,,,,,,,,,,,,,,,,,,true,,,,,,,,,,,,,,,,,,,,,,,,,,,,,,,,,,,,,,,,,,,,,,,,,,,,,,,,,,,,,,,,,,,,,,,,,,,,,,,,,,,,,,,,,,,,,,,,,,,,,,,,,,,,,,,,,,
titan world,titan world arera colony bhopal,,watch store,shop no e bittan market infront of habibganj police station opposite habibganj police station board colony arera colony bhopal madhya pradesh india,opposite habibganj police station board colony arera colony,shop no e bittan market infront of habibganj police station,bhopal,462016,madhya pradesh,in,,,False,23.217001,77.4273572,,False,False,chijugfzvzcfdkrhmfhhovg,watch store,xccdfxfbcacc,8051368965492426628,,125,tz,monday,am to pm,tuesday,am to pm,wednesday,am to pm,thursday,am to pm,friday,am to pm,saturday,am to pm,sunday,am to pm,,,,,,,,,,,,true,true,true,,,,,,,,timex,en,11,False,,gtfjz,true,,true,,,,clock and watch maker,,,,,,,,,,,,watch manufacturer,watch repair service,true,true,,,,,,,,,,,,,,,,,,,,,,,,,,,,,,,,,,,,,,,,,,,,,,,,,,,,,,,,,,,,,,,,,,,,,,,,,,,,,,,,,,,,,,,,,,,,,,,,,,,,,,,,,,,,,,,,,,,,,,,,,,,,,,,,,,,,,,,,
titan showroom service centre titan sonata fastrack casio elephanta watch jhansi,टाइटन शोरूम सर्विस सेंटर टाइटन सोनाटा फास्ट्रैक केसियो एलिफेंटा वॉच झांसी,,watch store,police station road dr gupta chauraha sadar bazaar main market cantt jhansi uttar pradesh india,sadar bazar cantt,police station road dr gupta chauraha sadar bazaar main market,jhansi,284001,uttar pradesh,in,,,False,25.4389156,78.5845201,,False,False,chijwzauldxdzkrnllygdzvo,watch store,xcxdaffbc,15733311006228132508,,909,tz,monday,am to pm,tuesday,am to pm,wednesday,am to pm,thursday,am to pm,friday,am to pm,saturday,am to pm,sunday,am to pm,,,,,,,,true,true,true,true,,true,true,true,true,,,,,,timex,en,12,False,,gmqf,true,,,,,true,clock and watch maker,true,true,true,true,,,,true,,true,,corporate gift supplier,gift shop,,,,,,,,,,,,,,,,,,,,,,,,,optician,,,,,,,,,,,,,,,perfume store,watch manufacturer,,,true,true,,,,,,,,,,,,,true,true,,,,,,,,,,,,,,,,,,,,,,,,,,,,,,,,,,,,,,,,,,,,,,,,,,,,,,,,,,,,,,,,,,,,,,,,,,,,,,,
prem watch katni,प्रेम वॉच कटनी,,watch store,gole bazar katni madhya pradesh india,gole bazar,,katni,483501,madhya pradesh,in,,,False,23.8350945,80.3974656,,False,False,chijlcbnpfhgtkrkksqgyaixo,watch store,xfxaaacc,8800343761049404051,,71,tz,monday,to am am to pm,tuesday,am to pm,wednesday,am to pm,thursday,am to pm,friday,am to pm,saturday,am to pm,sunday,am to am,,,,,,,,,,,,true,true,true,true,true,,,,,,timex,en,13,False,,gjtcsqk,true,,,,,,,true,true,true,true,,true,true,true,,,,,,,,,,,,,,,,,,,,,,,,,,,,,,,,,,,,,,,,,,,,,,,,,,,,,,,,,,,,,,,,,,,,,,,,,,,,,,,,,,,,,,,,,,,,,,,,,,,,,,,,,,,,,,,,,,,,,,,,,,,,,,,,,,,,,,,,,,,,,,,
titan world sanchar colony chhindwara,टाइटन वर्ल्ड संचार कॉलोनी छिंदवाड़ा,,watch store,no patni complex parasia rd near dr br ambedkar square gulabara sanchar colony chhindwara madhya pradesh india,gulabara sanchar colony,no patni complex parasia rd near dr br ambedkar square,chhindwara,480001,madhya pradesh,in,,,False,22.0576067,78.9354337,,False,False,chijxzcihypntsrxpvpeiflm,watch store,xbdacxfeafec,8040620655711223492,,44,tz,monday,am to pm,tuesday,am to pm,wednesday,am to pm,thursday,am to pm,friday,am to pm,saturday,am to pm,sunday,am to pm,,,,,,,,,,,,true,true,true,,,,,,,,timex,en,14,False,,gjdwkvk,true,,true,,,,clock and watch maker,,true,true,true,,,,,,,,watch manufacturer,watch repair service,,,,,,,,,,,,,,,,,,,,,,,,,,,,,,,,,,,,,,,,,,,,,,,,,,,,,,,,,,,,,,,,,,,,,,,,,,,,,,,,,,,,,,,,,,,,,,,,,,,,,,,,,,,,,,,,,,,,,,,,,,,,,,,,,,,,,,,,,,
time zone vidisha,टाइम जोन विदिशा,,watch store,savarkar bal vihar rd madhav ganj vidisha madhya pradesh india,madhav ganj baripura,savarkar bal vihar rd,vidisha,464001,madhya pradesh,in,,,False,23.5239774,77.8121447,,False,False,chijhghffdkrhpuzuisi,watch store,xcbdbxdeceeef,10226569617450377094,,32,tz,monday,am to pm,tuesday,am to pm,wednesday,am to pm,thursday,am to pm,friday,am to pm,saturday,am to pm,sunday,am to pm,,,,,,,,,,,,true,,,,,,,,,,timex,en,15,False,,gqpjbgzmw,true,true,true,,,,,,,,,,,,,,,,,,,,true,,,,,,,,,,,,,,,,,,,,true,,,,,,,,,,,,,,,,,,,,,,,,,,,,,,,,,,,,,,,,,,,,,,,,,,,,,,,,,,,,,,,,,,,,,,,,,,,,,,,,,,,,,,,,,,,,,,,,,,,,,,,,,,,,,,,,,,,
showroom,शोरूम,watch brand with collections from other brands,watch store,zone behind manohar dairy maharana pratap nagar bhopal madhya pradesh india,mp nagar zonei zonei maharana pratap nagar,zone behind manohar dairy,bhopal,462011,madhya pradesh,in,,,False,23.2343635,77.433776,,False,False,chijwzljmmrdfdkrvboreqy,watch store,xccxaabeadbbff,11995961849370352639,,45,tz,monday,am to pm,tuesday,am to pm,wednesday,am to pm,thursday,am to pm,friday,am to pm,saturday,am to pm,sunday,am to pm,,,,,,,,,,,,true,true,true,,,,,,,,timex,en,16,False,,gxxrh,true,,true,,,,watch repair service,,true,,,,,,,,,,,,,true,,,,,,,,,,,,,,,,,,,,,,,,,,,,,,,,,,,,,,,,,,,,,,,,,,,,,,,,,,,,,,,,,,,,,,,,,,,,,,,,,,,,,,,,,,,,,,,,,,,,,,,,,,,,,,,,,,,,,,,,,,,,,,,,,,,,,,,,
hallmark,हॉलमार्क,retail chain specializing in greeting cards gift wrap ornaments gifts for all occasions,watch store,sadar bazar near union radios jhansi uttar pradesh india,sadar bazar cantt,sadar bazar near union radios,jhansi,284001,uttar pradesh,in,,,False,25.4383825,78.5825278,,False,False,chijcezjejtdzkrdaeyjqedrm,watch store,xbaeecxdaad,1372898847708520717,,919,tz,monday,am to pm,tuesday,am to pm,wednesday,am to pm,thursday,am to pm,friday,am to pm,saturday,am to pm,sunday,am to pm,true,true,true,true,true,,,,,,,true,true,true,true,true,true,,,,,timex,en,17,False,,gthwrt,,,,,,,bag shop,,,,,,true,true,true,,,,belt shop,clock repair service,,,,,,,true,,,,,,,,,,,,,,,,,,electronics accessories wholesaler,,,,,,,,,,,,,,,fashion accessories store,perfume store,,,,,,,,,,,,,,,,,,,,sunglasses store,watch repair service,,,,,,,,,,,,,,,,,,,,,,,,,,,,,,,,,,,,,,,,,,,,,,,,,,,,,,,,,,,,,,,,,,,,,,,,,,,,
yash time tune house,यश टाइम ट्यून हाउस,,watch store,naya bazaar malaviya chowk ganjipura jabalpur madhya pradesh india,ganjipura,naya bazaar malaviya chowk,jabalpur,482002,madhya pradesh,in,,,False,23.1703529,79.9317962,,False,False,chijouiwuvgtkrqxkhywpjrpw,watch store,xafbcdaxcccab,11260909348706521771,,67,tz,monday,am to pm,tuesday,am to pm,wednesday,am to pm,thursday,am to pm,friday,am to pm,saturday,am to pm,sunday,am to pm,,,,,,,,,,,,true,true,true,,,,,,,,timex,en,18,False,,gkfmvbhd,true,,true,,,,,,true,true,true,,,,,,,,,,,,,,,,,,,,,,,,,,,,,,,,,,,,,,,,,,,,,,,,,,,,,,,,,,,,,,,,,,,,,,,,,,,,,,,,,,,,,,,,,,,,,,,,,,,,,,,,,,,,,,,,,,,,,,,,,,,,,,,,,,,,,,,,,,,,,,,,,,,
titan watch showroom,टाइटन वॉच शोरूम,,watch store,shop no titan store minal shopping st narela shankri ayodhya nagar bhopal madhya pradesh india,narela shankri ayodhya nagar,shop no titan store minal shopping st,bhopal,462023,madhya pradesh,in,,,False,23.2693475,77.458202,,False,False,chijpaokbpfdkrspnnxpujpm,watch store,xcdfaadxfefeca,17520250489129112394,,20,tz,monday,am to pm,tuesday,am to pm,wednesday,am to pm,thursday,am to pm,friday,am to pm,saturday,am to pm,sunday,am to pm,,,,,,,,,,,,true,true,true,,,,,,,,timex,en,19,False,,gwbkjptq,true,true,true,,,,,,,,,,,,,,,,,,,,,,,,,,,,,,,,,,,,,,,,,,,,,,,,,,,,,,,,,,,,,,,,,,,,,,,,,,,,,,,,,,,,,,,,,,,,,,,,,,,,,,,,,,,,,,,,,,,,,,,,,,,,,,,,,,,,,,,,,,,,,,,,,,,,,,,,,,,
time emporium the watch showroom,टाइम एंपोरियम थे वॉच शोरूम,,watch store,kothi bazar betul madhya pradesh india,kothi bazar,,betul,460001,madhya pradesh,in,,,False,21.9111884,77.9006632,,False,False,chijzrdgajjsrorsjldo,watch store,xbdbdfxaeecda,5365890928058572193,,92,tz,monday,am to pm,tuesday,am to pm,wednesday,am to pm,thursday,am to pm,friday,am to pm,saturday,am to pm,sunday,am to pm,,,,,,,,,,,,true,true,true,true,,,,,,,timex,en,20,False,,gyqqhd,true,,,,,,car battery store,,,,,,,,,,,,clock repair service,repair service,true,,,,,,,,,,,,,,,,,,,,,,,,watch repair service,,,,,,,,,,,,,,,,,,,,,,,,,true,,,,,,,,,,,,,,,,,,,,,,,,,,,,,,,,,,,,,,,,,,,,,,,,,,,,,,,,,,,,,,,,,,,,,,,,,,,,,,,,,,,,,,,,
hollywood,હોલીવુડ,shop for fashionable watches from brands such as titan and timex as well as watch repairs and maintenance,watch store,prithvi trade centre railway station rd opp rungta school moficer jin compound bharuch gujarat india,opp rungta school moficer jin compound,prithvi trade centre railway station rd,bharuch,392001,gujarat,in,,,False,21.7026258,72.994957,,False,False,chijedmqbugdsrsezderzsy,watch store,xbebeexddcbedb,2800521279402405297,,123,tz,monday,am to pm,tuesday,am to pm,wednesday,am to pm,thursday,am to pm,friday,am to pm,saturday,am to pm,sunday,am to pm,,,,,,,,,,,,true,true,true,,,,,,,,timex,en,61,False,,gfyzdzwl,true,,true,,,,,,,,,,,,,true,,,,,true,true,,,,,,,,,,,,,,,,,,,,,,,,,,,,,,,,,,,,,,,,,,,,,,,,,,,,,,,,,,,,,,,,,,,,,,,,,,,,,,,,,,,,,,,,,,,,,,,,,,,,,,,,,,,,,,,,,,,,,,,,,,,,,,,,,,,,,,,,
just time watch clock,,friendly shop selling new watches and clocks along with battery replacement and repair services,watch store,a opp umiya mata mandir purushottam nagar bopal ahmedabad gujarat india,purushottam nagar bopal,a opp umiya mata mandir,ahmedabad,380058,gujarat,in,,,False,23.0337828,72.4657309,,False,False,chijxxrybxjkrhbkygxo,watch store,xebcdfffxaefe,1940777172070850695,,63,tz,monday,am to pm,tuesday,am to pm,wednesday,am to pm,thursday,am to pm,friday,am to pm,saturday,am to pm,sunday,am to pm,,,,,,,,,,,,true,,,,,,,,,,timex,en,62,False,,gkbqwr,true,true,,,,,,,,,,,,,,,,,,,,,,,,,,,,,,,,,,,,,,,,,,,,,,,,,,,,,,,,,,,,,true,,,,,,,,,,,,,,,,,,,,,,,,,,,,,,,,,,,,,,,,,,,,,,,,,,,,,,,,,,,,,,,,,,,,,,,,,,,,,,,,,,,,,,,,,,,,,,,
just in time watch boutique,,modern retailer stocking a range of stylish watches from global brands like casio and fossil,watch store,gfgsarthik anexee satellite rd near gulmohar mall satellite ramdev nagar ahmedabad gujarat india,ramdev nagar,gfgsarthik anexee satellite rd near gulmohar mall satellite,ahmedabad,380015,gujarat,in,,,False,23.0268486,72.5093249,,False,False,chijnkyrbxjkrcgwrohbvjyg,watch store,xebbfaefxdfaaba,9839642876368848138,,873,tz,monday,am to pm,tuesday,am to pm,wednesday,am to pm,thursday,am to pm,friday,am to pm,saturday,am to pm,sunday,am to pm,,,,,,,,,,,,true,true,true,true,true,,,,,,timex,en,63,False,,ghdykdg,true,,,,,true,watch repair service,,true,true,true,,,,true,,true,,,,,,,,,,,,,,,,,,,,,,,,,,,,,,,,,,,,,,,,,,,,,,,,,,,,,,,,,,,,,,,,,,,,,,,,,,,,,,,,,,,,,,,,,,,,,,,,,,,,,,,,,,,,,,,,,,,,,,,,,,,,,,,,,,,,,,,,,,,,,
titan world usha nagar indore,टाइटन की दुनिया,,watch store,mhow naka square annapurna rd near maharana pratap square usha nagar indore madhya pradesh india,mhow naka square usha nagar,mhow naka square annapurna rd near maharana pratap square,indore,452009,madhya pradesh,in,,,False,22.7041979,75.8426876,,False,False,chijjakavyjkryitaojgxqw,watch store,xfdbdxccac,920219224814897251,,55,tz,monday,am to pm,tuesday,am to pm,wednesday,am to pm,thursday,am to pm,friday,am to pm,saturday,am to pm,sunday,am to pm,,,,,,,,,,,,true,true,true,,,,,,,,timex,en,64,False,,gdzddjwj,true,,true,,,,clock and watch maker,,true,true,true,,,,,,,,watch manufacturer,watch repair service,,,,,,,,,,,,,,,,,,,,,,,,,,,,,,,,,,,,,,,,,,,,,,,,,,,,,,,,,,,,,,,,,,,,,,,,,,,,,,,,,,,,,,,,,,,,,,,,,,,,,,,,,,,,,,,,,,,,,,,,,,,,,,,,,,,,,,,,,,
anil times,अनिल टाइम्स,,watch store,plot number mpa mahaveer nagar second rangbari road kota rajasthan india,mahaveer nagar housing board colony mahaveer nagar,plot number mpa mahaveer nagar second rangbari road,kota,324005,rajasthan,in,,,False,25.1410837,75.8384045,,False,False,chijprizbkebzkrwbzdklpvzo,watch store,xfcfdxaefbdc,5361517434163238592,,26,tz,monday,am to pm,tuesday,am to pm,wednesday,am to pm,thursday,am to pm,friday,am to pm,saturday,am to pm,sunday,am to pm,,,,,,,,,,,,true,,,,,,,,,,timex,en,66,False,,ghmlgz,true,,,,,,,,true,true,true,,,,,,,,,,,,true,,,,,,,,,,,,,,,,,,,,,,,,,,,true,,,,,,,,,,,,,,,,,,,,,,,,,,,,,,,,,,,,,,,,,,,,,,,,,,,,,,,,,,,,,,,,,,,,,,,,,,,,,,,,,,,,,,,,,,,,,,,,,,,,,,,,,,,,
premier time,,,watch store,gr motera stadium rd near icici bank motera ahmedabad gujarat india,motera,gr motera stadium rd near icici bank,ahmedabad,380005,gujarat,in,,,False,23.1021224,72.6012797,,False,False,chijxyfcuodxjkrmrekxxzbwsa,watch store,xebbbdxccdbcca,13889905529700620185,,70,tz,monday,am to pm,tuesday,am to pm,wednesday,am to pm,thursday,am to pm,friday,am to pm,saturday,am to pm,sunday,am to pm,,,,,,,,,,,true,true,true,true,true,true,true,true,,,,timex,en,67,False,,gxnvnwr,true,,,,,,battery store,,true,true,true,,true,true,true,,,,belt shop,clock repair service,,,,,,,,,,,,,,,,,,,,,,,,,clock and watch maker,,,,,,,,true,,,,,,,perfume exporter,perfume store,,,,,,,,,,,,,,,,,,,,repair service,watch manufacturer,watch repair service,,,,,,,,,,,,,,,,,,,,,,,,,,,,,,,,,,,,,,,,,,,,,,,,,,,,,,,,,,,,,,,,,,,,,,,,,,,
dalson,ડાલસન,shop selling branded watches clocks and smart watches as well as offering repairs,watch store,regent tower race course rd opp income tax office vadiwadi vadodara gujarat india,vadiwadi,regent tower race course rd opp income tax office,vadodara,390007,gujarat,in,,,False,22.309357,73.1654751,,False,False,chijbsrlvixzkromddqzkqo,watch store,xfcbbcffxaaadddca,12261851588913750074,,142,tz,monday,am to pm,tuesday,am to pm,wednesday,am to pm,thursday,am to pm,friday,am to pm,saturday,am to pm,sunday,am to pm,,,,,,,,,,,,true,true,true,,,,,,,,timex,en,69,False,,gvdh,true,,true,,,true,clock repair service,,,,,,,,,,,,clock and watch maker,corporate gift supplier,true,true,,,,,,,,,,,,,,,,,,,,,,,gift shop,,,,,,,,,,,,,,,haute couture fashion house,watch manufacturer,,,,,,,,,,,,,,,,,,,,watch repair service,,,,,,,,,,,,,,,,,,,,,,,,,,,,,,,,,,,,,,,,,,,,,,,,,,,,,,,,,,,,,,,,,,,,,,,,,,,,,
panchal time center,પંચાલ ટાઇમ સેન્ટર,,watch store,drnalinkant gandhi road himmat nagar gujarat india,ganotri society,drnalinkant gandhi road himmat nagar,himatnagar,383001,gujarat,in,,,False,23.597978,72.962246,,False,False,chijyrvduqxtkroxykttvi,watch store,xdbeafaxbbbfd,5959801947068429271,,32,tz,monday,am to pm,tuesday,am to pm,wednesday,am to pm,thursday,am to pm,friday,am to pm,saturday,am to pm,sunday,open hours,,,,,,,,,,,,true,,,,,,,,,,timex,en,70,False,,gfyrf,,,,,,,,,,,,,,,,,,,,,,,,,,,,,,,,,,,,,,,,,,,,,,,,,,,,,,,,,,,,,,,true,,,,,,,,,,,,,,,,,,,,,,,,,,,,,,,,,,,,,,,,,,,,,,,,,,,,,,,,,,,,,,,,,,,,,,,,,,,,,,,,,,,,,,,,,,,,,,,
umiya time titan,,,watch store,metro pillar no harihar shopping center p vastral road opp fulwadi society mahadev nagar tekra ahmedabad gujarat india,krupalu nagar society sahjanand baug mahadev nagar tekra,metro pillar no harihar shopping center p vastral road opp fulwadi society,ahmedabad,382418,gujarat,in,,,False,23.0041564,72.6458662,,False,False,chijobrejggxjkrzyhwckiy,watch store,xeabbxbdcd,9667039304655674577,,14,tz,monday,am to pm,tuesday,am to pm,wednesday,am to pm,thursday,am to pm,friday,am to pm,saturday,am to pm,sunday,am to pm,,false,,,,,,,,,,true,true,true,,,,,,,,timex,en,71,False,,gbvjg,,,true,,true,,watch repair service,,,,,,,,,,,,,,,,,,,,,,,,,,,,,,,,,,,,,,,,,,,,,,,,,,,,,,,,,,,,,,,,,,,,,,,,,,,,,,,,,,,,,,,,,,,,,,,,,,,,,,,,,,,,,,,,,,,,,,,,,,,,,,,,,,,,,,,,,,,,,,,,,,,,,,,
priyansh selectioncustomhub watch store perfume sunglasses wallet bags,,,watch store,shop no shreenath complex near bus stand rd no gandhinagar gujarat india,sector,shop no shreenath complex near bus stand rd no,gandhinagar,382021,gujarat,in,,,False,23.232072,72.6541191,,False,False,chijoxjzqirxdkramdlmgzamg,watch store,xcbafaxfcccb,7562318296960950274,,1348,tz,monday,am to pm,tuesday,am to pm,wednesday,am to pm,thursday,am to pm,friday,am to pm,saturday,am to pm,sunday,am to pm,,,,,,true,false,true,true,true,true,true,true,true,true,true,,,,,,timex,en,72,False,,gptxfymbq,true,,,,,,belt shop,,true,true,true,,,,,,,,gift shop,handbags shop,,,,,,,,,,,,,,,,,,,,,,,,,perfume store,,,,,,true,true,,,,,,,,sunglasses store,,,,,,,,,,,,,,,,,,,,,,,,,,,,,,,,,,,,,,,,,,,,,,,,,,,,,,,,,,,,,,,,,,,,,,,,,,,,,,,,,,,,,,,,,,,,,,,,,,
times square the titan shop,टाइम्स स्क्वायर थे टाइटन शॉप,,watch store,cement road near vishal mega mart kothi bazar betul madhya pradesh india,kothi bazar,cement road near vishal mega mart,betul,460001,madhya pradesh,in,,,True,21.9157343,77.9018046,,False,False,chijqgigujjsrxtstlbs,watch store,xbdabdabxfbbdfaadedb,18088509850759536347,,15,tz,monday,am to pm,tuesday,am to pm,wednesday,am to pm,thursday,am to pm,friday,am to pm,saturday,am to pm,sunday,am to pm,,,,,,,,,,,,true,true,true,,,,,,,,timex,en,75,False,,gpcnvkqc,true,,true,,,,,,,,,,,,,,,,,,,,,,,,,,,,,,,,,,,,,,,,,,,,,,,,,,,,,,,,,,,,,,,,,,,,,,,,,,,,,,,,,,,,,,,,,,,,,,,,,,,,,,,,,,,,,,,,,,,,,,,,,,,,,,,,,,,,,,,,,,,,,,,,,,,,,,,,,,,
fastrack store raspan road ahemdabad,,,watch store,gf town plaza near raspan arcade new india colony nikol ahmedabad gujarat india,new india colony nikol,gf town plaza near raspan arcade,ahmedabad,382350,gujarat,in,,,False,23.049861,72.6724589,,False,False,chijdxxpxkhxjkrmhtpdtc,watch store,xeafxdabcff,15525724904544010035,,28,tz,monday,am to pm,tuesday,am to pm,wednesday,am to pm,thursday,am to pm,friday,am to pm,saturday,am to pm,sunday,am to pm,,,,,,,,,,,,true,true,true,true,true,,,,,,timex,en,76,False,,gltwwh,true,,,,,,bag shop,,true,true,true,,,,true,,,,handbags shop,perfume store,,,,,,,,,,,,,,,,,,,,,,,,,sunglasses store,,,,,,,,,,,,,,,,,,,,,,,,,,,,,,,,,,,,,,,,,,,,,,,,,,,,,,,,,,,,,,,,,,,,,,,,,,,,,,,,,,,,,,,,,,,,,,,,,,,,,,,,,,,,,,,,,
keshariyaji watch selection the titan shop,કેશરીયાજી વોચ સેલેક્શન,watches men’s women’s and kids’ clocks and timepiece accessories sold here repair services also available,watch store,shop kanakkala apartment feet anand nagar rd opp seema hall satellite ahmedabad gujarat india,satellite,shop kanakkala apartment feet anand nagar rd opp seema hall,ahmedabad,380015,gujarat,in,,,False,23.0127925,72.519314,,False,False,chijbsvkcqbxjkrzjgurizla,watch store,xebaeadxbbbab,9266072364317882470,,34,tz,monday,am to pm,tuesday,am to pm,wednesday,am to pm,thursday,am to pm,friday,am to pm,saturday,am to pm,sunday,closed,,,,,,,,,,,,true,true,true,true,true,,,,,,timex,en,77,False,,gtddqlgy,true,,,,,,watch repair service,,true,true,true,true,,,true,,,,,,,,,,,,,,,,,,,,,,,,,,,,,,,,,,,,,,,,,,,,,,,,,,,,,,,,,,,false,,,,,,,,,,,,,,,,,,,,,,,,,,,,,,,,,,,,,,,,,,,,,,,,,,,,,,,,,,,,,,,,,,,,,,,,,,,,,,,,,,,,
umiya watch co the brand watch store,,,watch store,revabhai shopping centre metro piller no p vastral road ahmedabad gujarat india,shivshambh society rabari colony amraiwadi,revabhai shopping centre metro piller no p vastral road,ahmedabad,380026,gujarat,in,,,False,23.0044631,72.6383458,,False,False,chijogbmqgxjkrikdmaflohaq,watch store,xeaebxaefa,11854968425500002186,,54,tz,monday,am to pm,tuesday,am to pm,wednesday,am to pm to pm,thursday,am to pm,friday,am to pm,saturday,am to pm,sunday,am to pm,,,,,,,,,,,,true,true,true,true,true,,,,,,timex,en,78,False,,gwwdsd,true,,,,,false,watch repair service,,true,true,true,,true,true,true,,,,,,,,,,,,,,,,,,,,,,,,,,,,,,,,,,,,,,,,,,,,,,,,,,,,,,,,,,,,,,,,,,,,,,,,,,,,,,,,,,,,,,,,,,,,,,,,,,,,,,,,,,,,,,,,,,,,,,,,,,,,,,,,,,,,,,,,,,,,,,,
dharti watch co,ધરતી વોચ કું,timepieces and wall clocks as well as repair services at this longrunning outlet,watch store,buddhadav market xd railway station rd near panchbatti bharuch gujarat india,near panchbatti moti doongri,buddhadav market xd railway station rd,bharuch,392001,gujarat,in,,,False,21.7014528,72.9870662,,False,False,chijzmcukndsrikfrrwr,watch store,xbefdxedafcbae,2187009282782244384,,11,tz,monday,am to pm,tuesday,am to pm,wednesday,am to pm,thursday,am to pm,friday,am to pm,saturday,am to pm,sunday,am to pm,,,,,,,,,,,,true,,,,,,,,,,timex,en,79,False,,gbbtpz,true,true,,,,false,,,,,,,,,,,,,,,,,true,,,,,,,,,,,,,,,,,,,,,,,,,,,true,,,,,,,,,,,,true,,,,,,,,,,,,,,,,,,,,,,,,,,,,,,,,,,,,,,,,,,,,,,,,,,,,,,,,,,,,,,,,,,,,,,,,,,,,,,,,,,,,,,,,,,,,,,,,
helios watch store bodakdev ahmedabad,,,watch store,shop no alpha center court sindhu bhavan marg near prl colony bodakdev ahmedabad gujarat india,bodakdev,shop no alpha center court sindhu bhavan marg near prl colony,ahmedabad,380059,gujarat,in,,,False,23.0397963,72.508096,,False,False,chijrmkbxjkrfscunbtue,watch store,xebadfcbcafxbcff,4734903104438677269,,59,tz,monday,am to pm,tuesday,am to pm,wednesday,am to pm,thursday,am to pm,friday,am to pm,saturday,am to pm,sunday,am to pm,,,,,,,,,,,,true,true,true,,,,,,,,timex,en,80,False,,gwcyblv,true,true,true,,,,clock repair service,,,,,,,,,,,,clock and watch maker,watch manufacturer,,,,,,,,,,,,,,,,,,,,,,,,,watch repair service,,,,,,,,,,,,,,,,,,,,,,,,,,,,,,,,,,,,,,,,,,,,,,,,,,,,,,,,,,,,,,,,,,,,,,,,,,,,,,,,,,,,,,,,,,,,,,,,,,,,,,,,,,,,,,,,,
timex group india ltd,टाइमेक्स ग्रुप इंडिया लिमिटेड,,watch manufacturer,apparal parkcumindustrial area katha bhatolikalan baddi himachal pradesh india,,apparal parkcumindustrial area katha bhatolikalan,baddi katha,173205,himachal pradesh,in,,,False,30.9407205,76.8274354,,False,False,chijfgepqkdzkribrnhaw,watch manufacturer,xfaadeexfbbcbe,6871288476052078113,,37,tz,monday,am to pm,tuesday,am to pm,wednesday,am to pm,thursday,am to pm,friday,am to pm,saturday,am to pm,sunday,closed,,,,,,,,,,,,,true,,,,,,,,,timex,en,1,False,,gcqcfbgm,,,,,,true,,,,,,,,,,,true,,,,,,,,,,,,,,,,,,,,,,,,,,,,,,,,,,,,,,,,,,,,,,,,,,,,,,,,,,,,,,,,,,,,,,,,,,,,,,,,,,,,,,,,,,,,,,,,,,,,,,,,,,,,,,,,,,,,,,,,,,,,,,,,,,,,,,,,,,,,,
timex relocation cargo movers,टाइम्स रीलोकेशन कार्गो मूवर्स,,transportation service,metro station rawalpindi garden shani mandir wali gali ghaziabad border near shaheed nagar sahibabad ghaziabad uttar pradesh india,prakash industrial estate shaheed nagar sahibabad,metro station rawalpindi garden shani mandir wali gali ghaziabad border near,ghaziabad,201006,uttar pradesh,in,,,False,28.6757374,77.3310067,,False,False,chijraauhddkriuemzmapduo,transportation service,xcfaeabeaxacece,5365240026832363810,,27,tz,monday,am to pm,tuesday,am to pm,wednesday,am to pm,thursday,am to pm,friday,am to pm,saturday,am to pm,sunday,am to pm,,,,,,,,,,,,,,,,,,,,,,timex,en,2,False,,grrslr,,,,,,,,,,,,,,,,,,,,,,,,,,,,,,,,,,,,,,,,,,,,,,,,,,,,,,,,,,,,,,,,,,,,,,,,,,,,,,,,,,,,,,,,,,,,,,,,,,,,,,,,,,,,,,,,,,,,,,,,,,,,,,,,,,,,,,,,,,,,,,,,,,,,,,,,,,,,,,
the time square mohali,ਦ ਟਾਈਮ ਸਕਵੇਅਰ ਮੋਹਾਲੀ,,watch store,sco near axis bank mohali phase sector sahibzada ajit singh nagar punjab india,mohali phase sector,sco near axis bank,sahibzada ajit singh nagar,160062,punjab,in,,,False,30.702245,76.727392,,False,False,chijqxtfwpvudzkrkjuozjoema,watch store,xfeebababxcebdd,13839816983129114834,,85,tz,monday,am to pm,tuesday,am to pm,wednesday,am to pm,thursday,am to pm,friday,am to pm,saturday,am to pm,sunday,am to pm,,,,,,,,,,,,true,true,true,true,true,true,,,,,timex,en,3,False,,gcnbsytr,true,true,,,,true,clock repair service,,,,,,true,true,true,,,,watch repair service,,,,,,,,true,,,,,,,,,,,,,,,,,,,,,,,,,,,,,,,,,,,,,,,,,,,,,,,,,,,,,,,,,,,,,,,,,,,,,,,,,,,,,,,,,,,,,,,,,,,,,,,,,,,,,,,,,,,,,,,,,,,,,,,,,,,,,,,,,,,
