author/name,author/profileImageUrl,author/screenName,conversationId,favouriteCount,media/0/id,media/0/mediaUrlHttps,media/0/type,media/1/id,media/1/mediaUrlHttps,media/1/type,media/2/id,media/2/mediaUrlHttps,media/2/type,media/3/id,media/3/mediaUrlHttps,media/3/type,postId,postText,postUrl,profileUrl,quoteCount,replyCount,repostCount,timestamp
timex india,,timexindia,1989238382938161259,3,,,photo,,,,,,,,,,1989238382938161259,never too old for cool watches are we the q timex ssq digital reissue is a ‘s lcd trailblazer reimagined for today with regular timekeeping this digital throwback has a simple date function and second counter that stay true to the original nofrills design timex,,,0,7,0,1763106363000
timex india,,timexindia,1988125284080775362,2,,,photo,,,,,,,,,,1988125284080775362,it’s make a wish make time yours analoglife maketimeyours timexindia,,,0,1,0,1762840979000
timex india,,timexindia,1941102875016667597,4,,,photo,,,photo,,,photo,,,,1941102875016667597,we believe the real superpower is time it’s found in the seconds you lend a hand the minutes you take a stand and the hours you give your all it’s about doing the right thing right on time sign up and stay updated timex x superman collaboration,,,0,7,0,1751629964000
timex india,,timexindia,1930501692203692352,3,,,video,,,video,,,photo,,,photo,1930501692203692352,𝗥𝗲𝗷𝗼𝗶𝗰𝗲 𝗗𝗮𝗿𝗸 𝘁𝗶𝗺𝗲𝘀 𝗮𝗿𝗲 𝗵𝗲𝗿𝗲 the timex x wednesday collection laced with eerie details amp hint of mystery inspired by the iconic unconventional style of wednesday addams timex wednesdayaddams wednesdaynetflix netflix,,,0,0,0,1749102445000
timex india,,timexindia,1921870982051999925,8,,,photo,,,video,,,photo,,,photo,1921870982051999925,retro charm in rich chocolate brown shop our new marlin handwound watch at the link in bio timex timexmarlin watchfam watchlovers newwatch analoglife maketimeyours,,,0,2,0,1747044723000
timex india,,timexindia,1916836324134498451,6,,,photo,,,video,,,photo,,,photo,1916836324134498451,deepwater meridian expertly engineered to explore beyond the edge with m of water resistance superluminova®️ infill on hands and hour markers recycled stainlesssteel case scratchresistant sapphire crystal with antireflective coating synthetic timexindia,,,0,0,0,1745844367000
timex india,,timexindia,1907377051679568200,3,,,photo,,,photo,,,photo,,,photo,1907377051679568200,a timex wont tell you what to do or when to do it check out our new arrivals and give your wrist a little spring refresh—no notifications no distractions just time⁠ ⁣⁠ timexindia spring ss watchcollection newwatch analoglife maketimeyours,,,0,1,0,1743589101000
timex india,,timexindia,1904477219004559643,1,,,video,,,,,,,,,,1904477219004559643,introducing the q timex anadigi reissue—digital edge vintage soul this modernday reissue of an ‘s classic delivers quartz accuracy with a dual analog and digital display ana digi caption for twitter timexindia qtimex watchfam watchlovers analoglife maketimeyours,,,0,0,0,1742897727000
timex india,,timexindia,1901541227176337429,2,,,video,,,,,,,,,,1901541227176337429,embracing the essence of an analog life one moment at a time in a world that moves at digital speed we took a step back to reconnect with what truly matters—genuine connections and meaningful memories sharing the glimspes from our recent event where we created an immersive experience for influencers and media with the analog life theme with showcase of our latest innovations along with the limited edition ranges the event was a celebration of simplicity connection and the timeless beauty of the analog world heres to slowing down to truly live in the moment timex timexindia analoglife maketimeyours seasonshowcase,,,0,1,0,1742197732000
timex india,,timexindia,1897908310093054269,3,,,video,,,,,,,,,,1897908310093054269,to the women who pause to breathe dream and make time their own happy international womens day analoglife maketimeyours timexindia happyinternationalwomensday,,,0,0,0,1741331577000
timex india,,timexindia,1892943210688950491,6,,,photo,,,video,,,photo,,,photo,1892943210688950491,every second tells a story join us in celebrating 𝘛𝘩𝘦 𝘕𝘦𝘸 𝘠𝘰𝘳𝘬𝘦𝘳’s th year of keeping up with the times the timex 𝘛𝘩𝘦 𝘕𝘦𝘸 𝘠𝘰𝘳𝘬𝘦𝘳 is a modernday reissue of our iconic ‘s marlin handwound watch presented in a beautifully rounded mm case its offered as a limitededition gift set with both a leather and fabric strap the brushed and polished caseback features the watchs edition number and the magazines centennial anniversary logo product link in bio timexindia thenewyorker collab newwatch watchlovers,,,1,2,0,1740147805000
timex india,,timexindia,1871823277657817270,7,,,photo,,,photo,,,,,,,1871823277657817270,its the most wonderful time of the year to give the gift of time merry christmas product skutwvuj tww timex timexindia analoglife giftsforher giftsforhim holidaygifts,,,0,2,0,1735112420000
timex india,,timexindia,1871494901151748446,4,,,photo,,,photo,,,,,,,1871494901151748446,it’s that time of year again check timex for all your watch gifting needs this season of giving​ whats on your wish list​ ​product sku twwuj tww ​timex timexindia analoglife giftsforher giftsforhim holidaygifts,,,0,0,0,1735034129000
timex india,,timexindia,1871116762567360925,2,,,photo,,,,,,,,,,1871116762567360925,ticking inside this iteration of our iconic s marlin is a triedandtrue jewel japanese automatic movement creating a contemporary timepiece that honors our watchmaking history featuring the iconic domed acrylic crystal and retrostyle applied indices complemented by a deep champagne dial ​ product skutww ​ timex timexindia giftsforhim holidaygifts analoglife christmas,,,0,1,0,1734943974000
timex india,,timexindia,1869272803926765679,4,,,photo,,,,,,,,,,1869272803926765679,waste more time chasing sunsets and joy switch on your holiday mode in style with ananya panday​ ​ product skutwwuj timex timexindia analoglife,,,0,0,1,1734504340000
timex india,,timexindia,1868901327897763966,5,,,photo,,,photo,,,,,,,1868901327897763966,unstoppable innovation with our waterbury chronograph​ ​shop our classic waterbury at sku twv​ ​timex timexindia waterbury analoglife,,,0,1,0,1734415773000
timex india,,timexindia,1867840701666595041,3,,,photo,,,photo,,,photo,,,,1867840701666595041,coming in hot with brand new bold colorways our timex weekender makes for the perfect gift this holiday season ​ ​product sku twwuj twwuj twwuj​ timexindia timexweekender watchfam watchlovers watchesofinstagram analoglife,,,0,1,0,1734162900000
timex india,,timexindia,1867461498521457128,5,,,photo,,,,,,,,,,1867461498521457128,make head turns with timex fria on your wrist ​ product sku twel​ timex timexindia analoglife fria,,,0,1,0,1734072491000
timex india,,timexindia,1851242649723736562,1,,,video,,,,,,,,,,1851242649723736562,dropping in timex x fortnite we teamed up with to drop some island vibes right onto your wrist now available at the link in bio or tap the post to shop timex fortnite fortnitecommunity watchlovers,,,0,1,0,1730205616000
timex india,,timexindia,1849023672603890099,7,,,photo,,,,,,,,,,1849023672603890099,over a century ago we redefined style and affordability with iconic yankee pocket watch that made the famous we’re celebrating our th anniversary with a limitededition waterbury watch at just ​​launch on nov th am ist learn more,,,0,10,0,1729676571000
timex india,,timexindia,1840654025802264668,2,,,photo,,,video,,,,,,,1840654025802264668,our waterbury chronograph features a sophisticated dial multicolored subdials and a stainless steel bracelet that deliver function just as well as form shop the collection at timex timexindia waterbury analoglife,,,0,3,0,1727681092000
timex india,,timexindia,1837382305247092971,3,,,photo,,,photo,,,photo,,,,1837382305247092971,𝗔 𝗺𝗶𝗱𝗰𝗲𝗻𝘁𝘂𝗿𝘆 𝗶𝗰𝗼𝗻 shop our new marlin automatic at timex timexindia marlin analoglife,,,0,0,0,1726901053000
timex india,,timexindia,1836774882794783151,4,,,photo,,,photo,,,photo,,,photo,1836774882794783151,a signature timex collection takes flight with ️ the result is a highly functional nostalgic fly back chronograph and gmt watch that captures the spirit of american ingenuity shop at timexindia panam,,,0,1,0,1726756232000
timex india,,timexindia,1835922906624279031,4,,,photo,,,photo,,,photo,,,,1835922906624279031,our expedition north® traprock is for those who love venturing outdoors but want to minimize their carbon footprint so open your map pick a trail and get out there shop at timex timexindia expedition analoglife outdoorwatch,,,0,0,0,1726553105000
timex india,,timexindia,1835201554460082222,2,,,photo,,,,,,,,,,1835201554460082222,on this auspicious day may your life be as grand and joyful as the celebration of onam wishing you a very prosperous and happy onam timex timexindia onam,,,0,0,0,1726381121000
timex india,,timexindia,1833352887398801533,3,,,photo,,,photo,,,,,,,1833352887398801533,around the world and back again ️ introducing our proud partnership with the timex x pan am fly back chronograph and gmt watches to celebrate the industry leader’s rich heritage of aviation shop at link timex timexindia panam,,,0,0,0,1725940365000
timex india,,timexindia,1832267549238816811,3,,,photo,,,,,,,,,,1832267549238816811,his presence blessings and guidance are truly timeless wishing everyone a joyful and blessed ganesh chaturthi timex timexindia ganeshchaturthi,,,0,1,0,1725681600000
timex india,,timexindia,1832052004484444173,3,,,photo,,,,,,,,,,1832052004484444173,pink is the new vibe for friday exuding elegance with every glance this stylish choice adds a touch of sophistication to your weekend look ⁣ shop the fria collection at timex timexindia fria analoglife,,,0,0,0,1725630210000
timex india,,timexindia,1831569643539996974,3,,,photo,,,,,,,,,,1831569643539996974,our marlin chronograph tachymeter with a unique date window placement and a perforated natural leather strap is a classic timepiece that captures the essence of watchmaking heritage shop at timex timexindia marlin analoglife,,,0,2,0,1725515206000
timex india,,timexindia,1827027698859786587,2,,,photo,,,,,,,,,,1827027698859786587,friday is fria day discover the elegance of the fria collection with its timeless charm shop at timex timexindia fridaynightswithfria analoglife,,,0,1,0,1724432322000
timex india,,timexindia,1826624275887128636,3,,,photo,,,,,,,,,,1826624275887128636,an icon for an icon here’s the marlin automatic a contemporary timepiece that honors our watchmaking history shop at timex timexindia marlin analoglife,,,0,0,0,1724336139000
timex india,,timexindia,1826235302438150182,4,,,photo,,,,,,,,,,1826235302438150182,an estimated million tons of waste enter the sea every year this global crisis affects marine life and harms ecosystems every day at timex we want to make a sustainable difference in tackling plastic pollution it’s time for innovation timexindia timex plasticfree,,,0,2,1,1724243400000
timex india,,timexindia,1825531738929651917,1,,,photo,,,photo,,,,,,,1825531738929651917,a watch for those thrilled by the open road ahead our q timex time zone chronograph pairs the spirit of adventure with unmatched quartz precision shop at timex timexindia qtimex analoglife worldphotographyday,,,0,0,0,1724075657000
timex india,,timexindia,1825382183097573385,3,,,photo,,,,,,,,,,1825382183097573385,here’s to timeless bond and a reminder to all brothers that the most precious gift you can give her is your time happy raksha bandhan happyrakshabandhan timexindia timex,,,0,0,0,1724040001000
timex india,,timexindia,1825027341380403608,4,,,video,,,,,,,,,,1825027341380403608,she just doesn’t deserve timeless gifts but also your time this rakhi gift her time gift her timex timexindia timex,,,0,1,0,1723955400000
timex india,,timexindia,1824395676156854736,4,,,photo,,,,,,,,,,1824395676156854736,your partner in crime always got your back playful teasing or sharing endless laughs that’s the timeless bond of siblings this rakhi your timeless bond deserves a timeless gift celebrate it with timex happyrakshabandhan timexindia timex,,,0,0,1,1723804799000
timex india,,timexindia,1823925080423809175,2,,,photo,,,,,,,,,,1823925080423809175,freedom is a timeless feeling heres to celebrating time the way you like timex timexindia happyindependenceday,,,0,1,0,1723692600000
timex india,,timexindia,1823327172330693055,3,,,video,,,,,,,,,,1823327172330693055,good vibes only color has the power to directly influence our mood—and our new ts were designed to spark pure joy ⁣ ⁣ shop the collection at ⁣ timex t retrowave retrostyle newwatch,,,0,3,0,1723550048000
timex india,,timexindia,1822165393181401453,4,,,photo,,,video,,,,,,,1822165393181401453,keep on ticking towards a better tomorrow️our urban pop collection keeps things sleek amp clean with a sturdy ecoceramic case made from a special blend of ceramic and biobased resin derived from castor plants shop the collection timex ecofriendly,,,0,3,0,1723273058000
timex india,,timexindia,1820714577887166945,2,,,photo,,,photo,,,,,,,1820714577887166945,perfect for everyday wear with a chic neutral palette inspired by our archival q timex quartz design it features a rose goldtone rotating bezel and a domed acrylic crystal for a look that you will love check it out at timex timexindia qtimex,,,0,0,0,1722927157000
timex india,,timexindia,1819339788576518289,4,,,photo,,,,,,,,,,1819339788576518289,our waterbury dive is an ode to classic watchmaking and craftsmanship with finely finished surfaces sophisticated black dial and leather strap that deliver function as well as form shop at timex timexindia waterbury analoglife,,,0,0,0,1722599381000
timex india,,timexindia,1818625265506955526,7,,,photo,,,,,,,,,,1818625265506955526,a modern take on vintage design our navi xl automatic is paired with a jewel automatic movement so your watch keeps ticking as long as you keep moving shop the collection at timex timexindia watchlovers analoglife,,,0,3,0,1722429026000
timex india,,timexindia,1816747283540517088,2,,,photo,,,photo,,,photo,,,,1816747283540517088,𝗩𝗮𝗰𝗮𝘁𝗶𝗼𝗻 𝗺𝗼𝗱𝗲 𝗢𝗡 ️ the dreamy colors of our new escape collection are ready to complement all your vacation looks as you hit the promenade and pose for the polaroid follow your wanderlust by shopping the collection timexindia,,,0,0,0,1721981280000
timex india,,timexindia,1816381928502661292,3,,,photo,,,video,,,photo,,,photo,1816381928502661292,keep moving towards a brighter future ️ our urban pop collection is sleek and ecofriendly with a sturdy case made from a blend of ceramic and biobased resin from castor plants and a subtly textured biobased resin strap shop the collection at,,,0,0,0,1721894173000
timex india,,timexindia,1813987446415110493,4,,,photo,,,photo,,,photo,,,photo,1813987446415110493,embrace the power of now timeless beauty meets celestial charm in our latest golden hour collection with los angeles jewelry designer offered in both red agate and purple jade shop now at jacquieaiche timexindia collab newwatch,,,0,0,1,1721323284000
timex india,,timexindia,1810558514332336287,5,,,photo,,,photo,,,,,,,1810558514332336287,rain or shine inland or coast—our expedition freedive ocean watch is sustainably made and ready to go the distance timexindia timex outdoorwatch analoglife,,,0,4,0,1720505763000
timex india,,timexindia,1809483457749291137,3,,,video,,,,,,,,,,1809483457749291137,our marlin moon phase multifunction with a stainless steel dial domed display and lunar cycle subdial is an ode to the visionaries who propelled mankind to the moon timex timexindia marlinmoonphase analoglife,,,0,0,0,1720249449000
timex india,,timexindia,1808134887532110233,10,,,photo,,,photo,,,video,,,,1808134887532110233,everywhere nowhere” heres a sleek everyday watch created in collaboration with for their th anniversary features a black aluminum top ring with favorite cities as a shoutout to the brand’s birthplace shop now at timex timexindia,,,0,0,2,1719927925000
timex india,,timexindia,1807727094366912772,1,,,video,,,,,,,,,,1807727094366912772,these books have one plot twist theyre my partners in crime for a balancing act this is time well wasted timex timexindia wastemoretime analoglife ad,,,0,0,0,1719830699000
timex india,,timexindia,1807336410128535561,2,,,video,,,,,,,,,,1807336410128535561,are books s new hobby or is she onto something else stay tuned for a twist timex timexindia ananyapanday staytuned analoglife wastemoretime,,,0,0,0,1719737553000
timex india,,timexindia,1805964560127418538,3,,,video,,,,,,,,,,1805964560127418538,the future is now seize the moment timex ufc ufc,,,0,0,0,1719410478000
timex india,,timexindia,1804765617725014215,3,,,photo,,,video,,,photo,,,,1804765617725014215,take to the sky with our signature new waterbury traditional fly back chronograph collection inspired by the remarkable spirit of american aviators shop now timex timexindia newwatch watchlovers aviationwatch pilotwatch analoglife,,,0,1,0,1719124628000
timex india,,timexindia,1804059832174920050,1,,,photo,,,,,,,,,,1804059832174920050,our fria collection gets you looking polished and pulled together at a moment’s notice discover the collection at timex timexindia fridaynightswithfria fria analoglife,,,0,0,0,1718956356000
timex india,,timexindia,1803425971522937288,4,,,video,,,,,,,,,,1803425971522937288,over years weve gone from pocket to wrist to space to celebrities and to you what truly defines us is being your cherished companions now the time is yours—share your timex story with us cheers to the next years timex timexyears analoglife,,,0,0,0,1718805232000
timex india,,timexindia,1802193131024351486,5,,,photo,,,photo,,,,,,,1802193131024351486,dads been by your side through it all celebrate the man who taught you the value of every moment happy fathers day timex timexindia happyfathersday,,,0,0,0,1718511300000
timex india,,timexindia,1801621017137160698,4,,,photo,,,photo,,,,,,,1801621017137160698,timeless and elegant with the mother of pearl detail and jewelleryinspired design our fria opaline collection makes friday the most beautiful day of your week check out the collection timex timexindia fridaynightswithfria fria analoglife,,,0,0,0,1718374897000
timex india,,timexindia,1801183992634315211,3,,,photo,,,photo,,,photo,,,photo,1801183992634315211,a classic for a classic ⁣⁣⁣ ⁣⁣⁣find the perfect gift for the dad in your life at timex timexindia fathersday giftsforhim fatherdaygifts giftideas,,,0,1,0,1718270702000
timex india,,timexindia,1799466799316214067,4,,,photo,,,,,,,,,,1799466799316214067,it’s all in the detailsthe silver dial twotone stainless steel case and metre water resistance checks the boxes for both style and function shop our automatic collection at timex timexindia automaticwatch analoglife,,,0,0,0,1717861292000
timex india,,timexindia,1798320838091145707,1,,,video,,,,,,,,,,1798320838091145707,the journey to being plastic free is a long one but we’ve taken a small step with our waterbury legacy ocean collection created using upcycled oceanbound⁣ plastic shop the collection at timex timexindia environmentday ecofriendly watch,,,0,0,0,1717588073000
timex india,,timexindia,1798023809179721868,1,,,photo,,,photo,,,photo,,,photo,1798023809179721868,your ex is a loser and our q timex x secondeseconde loser collection agrees but its customised ‘l’ hand could take an unexpected turn get yours timex secondeseconde loser newwatch collab,,,0,0,0,1717517256000
timex india,,timexindia,1796567177417621877,2,,,photo,,,,,,,,,,1796567177417621877,friday nights with fria beauty meets elegance with our fria collection featuring a stunning motherofpearl dial and an ornate bracelet this timepiece is a musthave accessory timex timexindia fria analoglife,,,0,0,0,1717169968000
timex india,,timexindia,1796061403184283960,3,,,photo,,,,,,,,,,1796061403184283960,the automatic collection’s twotoned stainless steel strap and silver dial bring elegance and sophistication to your wrist timex timexindia automatic analoglife,,,0,0,0,1717049382000
timex india,,timexindia,1794009988605628861,4,,,photo,,,,,,,,,,1794009988605628861,the q timex series is a new era of modern watches with quartz technology timex timexindia qtimex analoglife,,,0,0,0,1716560287000
timex india,,timexindia,1792938104216605105,3,,,photo,,,photo,,,photo,,,photo,1792938104216605105,our limited edition collab with features a miyota gmt movement titanium case sapphire crystal and m water resistance available now timex thejamesbrand edcgear watchlovers bejames collab newwatch,,,0,0,0,1716304729000
timex india,,timexindia,1792861510068555919,3,,,video,,,,,,,,,,1792861510068555919,for years weve put ingenuity craftsmanship and thoughtful design into our timepieces travel through time to see how the world changed us and how we changed it too explore our range of watches timex timexindia timexyears analoglife,,,0,0,0,1716286468000
timex india,,timexindia,1792565592592916799,2,,,video,,,,,,,,,,1792565592592916799,escape the monday blues as you get transported to the rich blue waters and sunny beaches of the pacific this q timex malibu collection is a lively addition to your ensemble timex timexindia qtimex mondayblues malibu,,,0,0,1,1716215916000
timex india,,timexindia,1791455234356642114,2,,,photo,,,photo,,,,,,,1791455234356642114,they say dress for the occasion we say make any day an occasion with the fria collection’s bright colours elegant designs and captivating gemstones its friday night with fria timex timexindia analoglife fria tgif,,,0,0,0,1715951186000
timex india,,timexindia,1790376207634006166,2,,,photo,,,photo,,,photo,,,photo,1790376207634006166,on the field or off it the kings have their signature style and we’re proud to be their timekeepers timex timexindia saddapunjab shersquad jazbahaipunjabi,,,0,1,0,1715693926000
timex india,,timexindia,1789634991074226563,4,,,photo,,,,,,,,,,1789634991074226563,a throwback to ananya panday with her mother bhavana pandey who has been the wind beneath ananya’s wings growing up and encouraged her to follow her dreams timexindia wishes them all a happymothersday ananyapanday timex,,,0,0,0,1715517206000
timex india,,timexindia,1788877617082286163,86,,,photo,,,,,,,,,,1788877617082286163,giveaway alert stand to win a timex watch this mother’s day ️⃣ follow timex india fb amp ig pages ️⃣ tag mum or a mother figure ️⃣tag on stories ️⃣last day may timex timexindia timexwatches contestalert contestalertindia winprizes mothersdaygiveaway,,,1,45,60,1715336634000
timex india,,timexindia,1788803115304534339,1,,,video,,,,,,,,,,1788803115304534339,a contemporary twist to the classic time piece the waterbury collection exudes craftsmanship and sophistication with its stainless steel case tan leather strap and a black dial timex timexindia analoglife waterbury,,,0,0,0,1715318871000
timex india,,timexindia,1787849345666044354,2,,,photo,,,,,,,,,,1787849345666044354,make mom feel gorgeous give her a gift wellmade timex timexindia timexwatches mothersday mothersdaygifting,,,0,2,0,1715091475000
timex india,,timexindia,1786396192546455989,3,,,photo,,,photo,,,photo,,,,1786396192546455989,friday nights are now good for you in more ways than one the fria golden opaline collection thoughtfully combines wellness stones and colourful crystals bringing wellness and beauty in equal measure to your wrist timex timexindia fria tgif analoglife buynow,,,0,1,0,1714745016000
timex india,,timexindia,1785920867471376759,4,,,photo,,,,,,,,,,1785920867471376759,congratulations team you’ve made us proud and you always will,,,0,0,1,1714631690000
timex india,,timexindia,1784959472420466853,3,,,photo,,,,,,,,,,1784959472420466853,the qtimex malibu collections rotating bezel domed acrylic crystal and rose gold case transport you to the laidback vibes of its namesakes beaches bring a burst of colour to your wrist today timex timexindia analoglife qtimex malibucollection,,,0,0,0,1714402475000
timex india,,timexindia,1784060144646537390,2,,,photo,,,,,,,,,,1784060144646537390,the kings have won this duel with the knights on to the next one timex timexindia analoglife timekeepersofkings,,,0,0,0,1714188059000
timex india,,timexindia,1783860170394665241,4,,,photo,,,,,,,,,,1783860170394665241,toughness meets sophistication in our ufc collection best exemplified here with a stainless steel watch case black dial and leather strap timex timexindia analoglife ufc,,,0,0,0,1714140381000
timex india,,timexindia,1782758744297775292,1,,,video,,,,,,,,,,1782758744297775292,you dont look for an occasion to wear a stunningly beautiful stonestudded jewelleryencased watch from our fria collection the watch makes the occasion timex timexindia analoglife fria,,,0,0,0,1713877781000
timex india,,timexindia,1780942357552058473,4,,,photo,,,,,,,,,,1780942357552058473,with its stonestudded case and distinctively cut gemstones every fria watch shines and makes you shine too timex timexindia fria analoglife,,,0,0,0,1713444721000
timex india,,timexindia,1780581072125714870,3,,,video,,,,,,,,,,1780581072125714870,there’s a lot of prep that goes into wasting more time and is a pro at it timex timexindia wastemoretime ananyapanday analoglife,,,0,0,0,1713358583000
timex india,,timexindia,1779874273567391855,3,,,photo,,,,,,,,,,1779874273567391855,a timeless classic gets a contemporary spin with this q timex watch a rotating bezel stainlesssteel bracelet and domed acrylic crystal come together to exude style and sophistication timex timexindia qtimex analoglife,,,0,0,0,1713190069000
timex india,,timexindia,1778770842895183914,1,,,photo,,,photo,,,photo,,,,1778770842895183914,india beach fashion week was a beautiful fusion of sun sand outfits and fashionable watches here are just a few of the many looks that stole the show timex timexindia beachlook ibfw,,,0,1,0,1712926991000
timex india,,timexindia,1778280315150356885,4,,,video,,,,,,,,,,1778280315150356885,here’s to a time of celebration and togetherness for you and your loved ones timex timexindia analoglife eidmubarak,,,1,0,1,1712810040000
timex india,,timexindia,1778015584397009280,2,,,photo,,,photo,,,,,,,1778015584397009280,that moment when the waterbury classic chronograph stole the show at the timex india beach fashion week the stainlesssteel case tan leather strap and white dial came together to create the perfect vibe timex timexindia ibfw analoglife waterbury,,,0,0,1,1712746923000
timex india,,timexindia,1777661680379425203,1,,,video,,,,,,,,,,1777661680379425203,our q timex three time zone chronograph is built for those with a love for the open road it pairs unmatched quartz precision with the ability to track up to three different time zones at once so travel on itll handle the timekeeping ⁣⁣ timex timexindia qtimex,,,0,1,0,1712662546000
timex india,,timexindia,1777357381770555498,4,,,photo,,,photo,,,video,,,photo,1777357381770555498,weve partnered with raised by wolves for this stylish durable field watch with a body upcycled from oceanbound plastic amp a signature indiglo®️ backlight buy timex timexindia raisedbywolves newwatch collab watchlovers,,,0,0,1,1712589996000
timex india,,timexindia,1776074275604365361,3,,,photo,,,,,,,,,,1776074275604365361,the titans are humbled a big congratulations to the winners heres to many more wins timex timexindia analoglife timekeepersofkings,,,0,1,1,1712284079000
timex india,,timexindia,1771402417432838341,4,,,video,,,,,,,,,,1771402417432838341,we’re the proud timekeeper of the here’s wishing the beginning of great times for the kings timex timexindia punjabkings ipl ipl officialtimekeeperofthekings cricket,,,0,2,1,1711170222000
timex india,,timexindia,1770795997892841870,2,,,video,,,,,,,,,,1770795997892841870,wasting time chatting with your green squad needs a great setup and ananya panday gets it just right timex timexindia wastemoretime bts ananyapanday analoglife,,,0,0,1,1711025640000
timex india,,timexindia,1770429274366902620,7,,,photo,,,photo,,,photo,,,photo,1770429274366902620,inspired by the highoctane racing scene of the ‘s our q timex velocity reissue will take you back to those epic times excited to get this collection visit our website now timex timexindia timexreissue qtimex,,,0,2,1,1710938206000
timex india,,timexindia,1769671258692632629,4,,,photo,,,,,,,,,,1769671258692632629,a modern take on vintage design the best inspiration is always found while searching our archives our navi xl pulls its design influence from our earliest diverstyle watches timex timexindia analoglife diverwatch,,,1,0,0,1710757481000
timex india,,timexindia,1769247787793674389,1,,,video,,,,,,,,,,1769247787793674389,going for a sunday brunch weve got an elaborate spread for you from our collections transcend legacy ocean expedition north tide temp compass and a lot more timex timexindia sundaybrunch analoglife,,,0,0,0,1710656518000
timex india,,timexindia,1768939074763530507,6,,,photo,,,,,,,,,,1768939074763530507,weekend essentials a great outfit a happening party great company and a stunningly beautiful fria watch timex timexindia analoglife,,,0,0,0,1710582915000
timex india,,timexindia,1766010204200522111,2,,,photo,,,photo,,,photo,,,photo,1766010204200522111,forever inspired always grateful were celebrating international women’s day by honoring these motivational women in watches jacquie aiche cara barrett brynn wallner cheers to you timex iwd inspireinclusion internationalwomensday iwd,,,0,0,0,1709884618000
timex india,,timexindia,1763553148751298789,3,,,video,,,,,,,,,,1763553148751298789,knows how to make time for herself even if it’s in the middle of busy shoot timex timexindia wastemoretime ananyapanday bts analoglife,,,0,0,0,1709298810000
timex india,,timexindia,1758498854637318520,3,,,photo,,,,,,,,,,1758498854637318520,picking an outfit selecting a destination deciding on an appetizer sounds tough doesnt it thankfully selecting a watch from our fria collection featuring stonestudded bracelet for your date night is anything but difficult explore now at,,,0,2,0,1708093772000
timex india,,timexindia,1757626444643963012,1,,,video,,,,,,,,,,1757626444643963012,ananya pandays dropping truths about the perfect valentine’s day date timex timexindia happyvalentinesday ananyapanday wastemoretime analoglife,,,0,0,0,1707885774000
timex india,,timexindia,1757414005478441281,2,,,video,,,,,,,,,,1757414005478441281,just like you and your bae our couples’ watches share the timeless bond of love explore the collection at timex timexindia analoglife valentinesweek valentinesgifting,,,0,0,0,1707835124000
timex india,,timexindia,1756698260079616405,5,,,photo,,,,,,,,,,1756698260079616405,it takes the ticktock of a beautifully crafted timex watch to make your heart skip a beat take a look at our qtimex collection which gives a contemporary twist to classic designs timex timexindia qtimex valentinesweek valentinesgifting,,,0,2,1,1707664477000
timex india,,timexindia,1755939034675741183,5,,,video,,,,,,,,,,1755939034675741183,the time is ticking for you to buy a great timepiece for valentine’s day discover our couple’s watches today timex timexindia analoglife valentinesgifting valentinesweek couplewatches,,,0,0,0,1707483464000
timex india,,timexindia,1753391799719079954,2,,,video,,,,,,,,,,1753391799719079954,ananya pandays amazing chemistry with her new bae isn’t just for the cameras here’s a peek at some exclusive behindthescenes clips timex timexindia wastemoretime bts ananyapanday brandambassador,,,0,0,1,1706876156000
timex india,,timexindia,1753034866503844297,3,,,video,,,,,,,,,,1753034866503844297,good listener loves the sun looks great in green that’s our new bae the bae we love to wastemoretime with timex timexindia analoglife seasonoflove ananyapanday ad,,,0,0,2,1706791056000
timex india,,timexindia,1750750206117974228,6,,,video,,,,,,,,,,1750750206117974228,it’s that time again where we take a pause to celebrate a key milestone in the history of our country timex wishes you and your loved ones a very happy republic day timex timexindia republicday,,,0,0,1,1706246351000
timex india,,timexindia,1750146905038811274,3,,,photo,,,,,,,,,,1750146905038811274,have you experienced the iconnect gen yet a smartwatch that can answer calls track your fitness and give you a multiday battery life all in rich colours get your iconnect gen today iconnect iconnectgen timexindiasmartwatch shopnow timex,,,0,0,0,1706102512000
timex india,,timexindia,1747647702572388572,4,,,video,,,,,,,,,,1747647702572388572,fitness isn’t just a resolution for a new year it’s one for life timex smart fitgen helps you manage your fitness with sports modes activity tracking heart rate spo blood pressure monitor and comes with a amoled screen timex timexindia timexsmartfitgen,,,0,0,1,1705506656000
timex india,,timexindia,1746823714279195046,5,,,photo,,,,,,,,,,1746823714279195046,our women and men in uniform have a tough job but the tough timex ufc collection is completely up for it timex timexindia ufc indianarmyday,,,0,0,2,1705310202000
timex india,,timexindia,1745695309479473564,1,,,video,,,,,,,,,,1745695309479473564,classics never go out of style whether they’re black dresses white shirts with blue jeans or our timeless vintageinspired qtimex collection flaunt a retro look with modern functions wherever you go timex timexindia qtimex,,,0,0,1,1705041169000
timex india,,timexindia,1745081978406195679,3,,,video,,,,,,,,,,1745081978406195679,the iconnect smartwatch gets smarter with the iconnectgen comes with bluetooth calling inch large screen functional crown activity tracking heart rate spo sports modes days battery life experience the iconnectgen today timex timexindia,,,0,0,3,1704894940000
timex india,,timexindia,1743249142992806157,2,,,video,,,,,,,,,,1743249142992806157,happy new…weekend every friday night is a gorgeous celebration with the fria collection its beautiful stonestudded designs and playful colors elevate your look wherever you go timex timexindia fria fridaynightswithfria,,,0,0,1,1704457958000
timex india,,timexindia,1741540487549665466,5,,,photo,,,,,,,,,,1741540487549665466,the clock starts again welcoming in with great enthusiasm and excitement wishing you and your loved ones a happynewyear timex timexindia newyear indiglo,,,0,0,1,1704050583000
timex india,,timexindia,1741540342485430632,5,,,video,,,,,,,,,,1741540342485430632,ananya has a great new year resolution for you watch the video for more timex timexindia happynewyear ananyapandey,,,0,0,1,1704050548000
timex india,,timexindia,1739200522194932010,5,,,video,,,,,,,,,,1739200522194932010,timex wishes you a merrychristmas whatever is on your wastemoretime list now is the time to do all of it timex timexindia analoglifewastemoretime ananyapandey merrychristmas,,,0,1,1,1703492691000
timex india,,timexindia,1738479752577736767,3,,,video,,,,,,,,,,1738479752577736767,style looks design sustainability our watches have it all take your pick at the timex india website or visit a store near you today timex timexindia qtimex waterbury ufc collection christmas,,,0,1,1,1703320847000
timex india,,timexindia,1737868349739257871,3,,,video,,,,,,,,,,1737868349739257871,this is the only time we’ll ask you not to waste any time check out our collection at timex timexindia wastemoretime eoss,,,0,0,1,1703175077000
timex india,,timexindia,1737766575703310793,3,,,photo,,,,,,,,,,1737766575703310793,it’s the holiday season and our iconic marlin collection is back check our store to find the best collection of watches that bring together style and substance timex timexindia christmasiscoming winter,,,0,0,0,1703150812000
timex india,,timexindia,1737466857290932734,0,,,photo,,,,,,,,,,1737466857290932734,‘tis the season to have all eyes on your party look and your watch discover more at timex timexindia christmasiscoming eoss,,,0,0,1,1703079354000
timex india,,timexindia,1734451066819788956,3,,,photo,,,,,,,,,,1734451066819788956,what’s the coolest thing this winter besides the weather that watch on your wrist that matches your style timex timexindia analoglife,,,0,0,0,1702360333000
timex india,,timexindia,1732725768348680628,3,,,photo,,,,,,,,,,1732725768348680628,date nights call for a perfect accessory just like our fria collection beautifully crafted watches studded with stones to add that sparkle to your ensemble timex timexindia fridaynightswithfria datenight fria,,,0,0,2,1701948990000
timex india,,timexindia,1732277074327753042,4,,,photo,,,,,,,,,,1732277074327753042,with sports modes that track everything from your heart rate to your calories burned iconnect is here to give you a great workout experience check it out at the link in bio timexindia timex iconnect,,,0,0,2,1701842013000
timex india,,timexindia,1731620913827762437,6,,,photo,,,,,,,,,,1731620913827762437,timex iconnect’s ai voice assist feature is your helping hand as you navigate the everyday timexindia timex iconnect,,,0,0,1,1701685572000
timex india,,timexindia,1730912376550281444,1,,,photo,,,photo,,,,,,,1730912376550281444,time fashionably spent is time fashionably wasted wastemoretime with your favorite timex watch timex timexindia wastemoretime analoglife,,,0,0,0,1701516644000
timex india,,timexindia,1729731561526821255,2,,,photo,,,photo,,,,,,,1729731561526821255,get your vitamin d from the sun and your vitamin wastemoretime from your favourite timex watch shop now at timex timexindia timexmen wastemoretime analoglife,,,0,0,1,1701235115000
timex india,,timexindia,1728738535925297594,2,,,photo,,,photo,,,,,,,1728738535925297594,years is a long time but our watches won’t miss a beat with our lasting battery life we’ll keep you ticking for a decade to come timex timexindia analoglife special mechanism to consume less power over long duration,,,0,0,1,1700998360000
timex india,,timexindia,1728663248223052218,4,,,photo,,,photo,,,,,,,1728663248223052218,taking time to write the perfect caption for that random selfie you just took seems like a perfect way to wastemoretime looking good by the way timex timexindia timexmen wastemoretime analoglife,,,0,0,1,1700980410000
timex india,,timexindia,1723677410397487302,2,,,video,,,,,,,,,,1723677410397487302,time to light up your world with the glow of love and happiness wishing you all a sparkling and stylish diwali from us timexindia timex happydiwali wastemoretime analoglife ananyapanday festive,,,0,0,2,1699791693000
timex india,,timexindia,1722276300730372291,5,,,photo,,,,,,,,,,1722276300730372291,presenting the allnew iconnect by timex a smart watch with smart features watch faces bluetooth calling ai voice control and with sports mode get your iconnect at iconnect timexindia buynow timex aashimgulati,,,0,0,1,1699457643000
timex india,,timexindia,1715021982348235020,10,,,video,,,,,,,,,,1715021982348235020,in a world racing against time says wastemoretime if it brings joy its not a waste its living so this festive season stop counting time and instead make it count join in embracing the analoglife timexindia timex ananyapanday,,,0,0,2,1697728078000
timex india,,timexindia,1714899240814850410,8,,,video,,,,,,,,,,1714899240814850410,ananya panday is all set to make timewasting an art let’s embrace the joy of slowing down and together let’s wastemoretime timexindia timex analoglife,,,1,0,1,1697698814000
timex india,,timexindia,1714620160177225761,5,,,video,,,,,,,,,,1714620160177225761,lights camera action big reveal coming soon can you guess who staytuned timexindia timex wastemoretime,,,0,0,1,1697632276000
timex india,,timexindia,1713171759799914774,4,,,video,,,,,,,,,,1713171759799914774,when the precision is perfect you know it’s the timex automaticcollection buy now timexindia timex,,,0,0,1,1697286951000
timex india,,timexindia,1712707950308098539,4,,,video,,,,,,,,,,1712707950308098539,the thing about our automaticcollection is that it’s beautifully accurate check it out here timex timexindia eclass,,,0,0,1,1697176370000
timex india,,timexindia,1712076422712545414,4,,,photo,,,,,,,,,,1712076422712545414,no winding full accuracy the fullskeleton automaticcollection is nothing short of a masterpiece shop now timex timexindia eclass,,,0,0,1,1697025802000
timex india,,timexindia,1711655722671550466,5,,,video,,,,,,,,,,1711655722671550466,this festive season gift your loved one something that they’ll remember for a long time to come shop our fria collection timexindia friacollection watches elegance,,,0,0,1,1696925499000
timex india,,timexindia,1710223120290984246,8,,,video,,,,,,,,,,1710223120290984246,time to share a smile that lasts forever celebrating worldsmileday with our timeless watches that bring joy to every moment make time for happiness timexindia timex,,,0,0,1,1696583940000
timex india,,timexindia,1709812637188624890,8,,,photo,,,,,,,,,,1709812637188624890,watch out world is ready to pack a punch and claim his spotlight in the ring anshulboxingdebut timex ufc toughenough,,,0,0,0,1696486074000
timex india,,timexindia,1707632411146924140,4,,,video,,,,,,,,,,1707632411146924140,this worldheartday bring home a companion that keeps track of your health and looks after your wellbeing buy now timex timexindia health fitness,,,0,0,1,1695966267000
timex india,,timexindia,1707313888977727812,2,,,photo,,,,,,,,,,1707313888977727812,timeless beauty timeless precision frias watch collection a celebration of sophistication explore our range of fria watches timexindia timex friacollection beauty,,,0,0,1,1695890326000
timex india,,timexindia,1706906313228492957,3,,,video,,,,,,,,,,1706906313228492957,this worldtourismday travel back in time with one of our timeless and sophisticated piece buy it here timex timexindia,,,0,0,0,1695793152000
timex india,,timexindia,1706634328392761772,2,,,video,,,,,,,,,,1706634328392761772,where art and engineering come together in perfect harmony timex automatic collection shop yours now timexindia automaticcollection,,,0,0,1,1695728306000
timex india,,timexindia,1706218550212657222,4,,,photo,,,,,,,,,,1706218550212657222,time to level up your style game with our timex ufc collection shop now timexindia ufc toughenough timex,,,0,0,1,1695629177000
timex india,,timexindia,1705521587900826014,3,,,video,,,,,,,,,,1705521587900826014,elegance unveiled discover the friacollection where sophistication meets unique dials visit to grab yours timexindia timex beauty,,,0,0,1,1695463008000
timex india,,timexindia,1703759580864340022,7,,,photo,,,,,,,,,,1703759580864340022,discover the perfect blend of silvertone elegance a sleek dial and a leather strap elevate your everyday style timexindia timex everydaystyle,,,0,0,1,1695042913000
timex india,,timexindia,1702588964547293328,2,,,video,,,,,,,,,,1702588964547293328,to the sharpest minds who sculpt time itself the ones behind iconic watches who make beauty look timeless in every ticking moment timexindia timex nationalengineersday,,,0,0,1,1694763816000
timex india,,timexindia,1702202440144015398,3,,,video,,,,,,,,,,1702202440144015398,elevate your wrist with a luxurious and functional timepiece the intricate mandala pattern on the black dial and crystals infuses every outfit with a captivating and bold style visit to shop yours timexindia timex,,,1,0,0,1694671661000
timex india,,timexindia,1701505378733678836,6,,,video,,,,,,,,,,1701505378733678836,as timex approaches its th anniversary next year its legacy of pioneering techinfused watches continues to shine setting the standard for design and durability explore our classic collection timexindia timex legacy,,,0,1,0,1694505469000
timex india,,timexindia,1700736563871891778,6,,,video,,,,,,,,,,1700736563871891778,our executive eclass collection is perfect for the professionals who choose to be trendy throughout their days grab yours today timexindia timex eclass,,,0,0,0,1694322169000
timex india,,timexindia,1700064658881687666,4,,,video,,,,,,,,,,1700064658881687666,timeless femininity meets contemporary style discover transcend your essential minimalist wristwatch check it out here timexindia timex everydaystyle,,,0,0,2,1694161975000
timex india,,timexindia,1698908035618627987,8,,,photo,,,,,,,,,,1698908035618627987,to all the teachers who plant seeds of knowledge in the kids that will shape the nation tomorrow timexindia timex teachersday happyteachersday,,,0,0,0,1693886214000
timex india,,timexindia,1698669743622787547,3,,,video,,,,,,,,,,1698669743622787547,our iconic q timex born in the s with quartz innovation continues its legacy a vibrant evolution of the beloved reissue blending color and classic features explore the best of then and now timexindia timex qtimex,,,0,0,0,1693829401000
timex india,,timexindia,1697898976744493556,2,,,photo,,,,,,,,,,1697898976744493556,geared up to watch the toughest rivals in sports history clash well so are we timexindia timex indvspak asiacup,,,0,0,0,1693645636000
timex india,,timexindia,1697873374394130606,1,,,photo,,,,,,,,,,1697873374394130606,introducing womens grey dial colored digital watch this timepiece is decked up to make you stand out of the crowd visit to check out timexindia timex style,,,0,0,0,1693639532000
timex india,,timexindia,1697185311204257924,1,,,video,,,,,,,,,,1697185311204257924,an absolute machine are you ready to own the only watch tough enough for ufc now available instore and online toughenough ufc timexindia timex,,,0,0,0,1693475485000
timex india,,timexindia,1696893486845342128,0,,,video,,,,,,,,,,1696893486845342128,precision meets power and how get ready for the only watch tough enough for ufc shop now toughenough ufc timexindia timex,,,0,1,1,1693405908000
timex india,,timexindia,1696729551123161395,7,,,photo,,,,,,,,,,1696729551123161395,timeless bonds forever cherished this rakshabandhan celebrate the unbreakable connection with a gift that ticks with love enjoy a special discount happyrakshabandhan timexindia timex,,,0,0,0,1693366823000
timex india,,timexindia,1696515173262278751,3,,,video,,,,,,,,,,1696515173262278751,introducing the malibu watch collection coastal elegance in each piece capturing sunkissed vibes and laidback luxury sleek designs with vibrant accents for timeless style get your timepiece today timexindia timex malibucollection,,,0,0,0,1693315711000
timex india,,timexindia,1696088094506635651,1,,,photo,,,,,,,,,,1696088094506635651,experience the essence of ultimate style with the eclass timepieces browse to find your perfect og watch timex timexindia ogcollection ultimatestyle,,,0,1,0,1693213888000
timex india,,timexindia,1695766195922710571,3,,,video,,,,,,,,,,1695766195922710571,where dauntless elegance becomes a timeless statement experience beauty redefined with our range of fria watches see it to believe it timexindia timex friacollection beauty,,,0,0,1,1693137141000
timex india,,timexindia,1695276575401628046,4,,,video,,,,,,,,,,1695276575401628046,featuring a marble textured dial with a domed crystal and full white ceramic bracelet these watches give you ultimate style with a touch of simplicity check it out here timexindia timex ultimatestyle ceramiccollection,,,0,0,0,1693020406000
timex india,,timexindia,1694985091854864850,2,,,video,,,,,,,,,,1694985091854864850,one of our classic timepieces featuring a textured rose dial with the standard black leather strap this timeless watch gives you the ultimate style you’ve always asked for checkout the collection timexindia timex ultimatestyle classiccollection,,,0,1,0,1692950911000
timex india,,timexindia,1694607408092389790,1,,,video,,,,,,,,,,1694607408092389790,featuring a floral silver dial with a silver swarovski crystalstudded mesh bracelet this ultimately stylish watch lets you get your style to the next level go take a look at our ceramic collection timexindia timex ultimatestyle ceramiccollection,,,0,0,0,1692860865000
timex india,,timexindia,1694217540803678239,7,,,photo,,,,,,,,,,1694217540803678239,we are redesigning our past while taking care of our future the timex waterbury ocean made from oceanbound plastic to tackle pollution get yours today and do your bit to save the planet timexindia timex waterburyocean savetheplanet sustainability,,,0,0,1,1692767913000
timex india,,timexindia,1693951438244688167,7,,,video,,,,,,,,,,1693951438244688167,wearing a waterbury ocean not only means you look ultimately stylish but it also means that you’re taking a small step towards saving the planet yes it surely is time to make waves timexindia timex waterburyocean savetheplanet sustainability,,,0,0,1,1692704469000
timex india,,timexindia,1693594564353790304,4,,,photo,,,,,,,,,,1693594564353790304,were saving lives above amp below water by recycling oceanbound plastic for our timepieces with each purchase of waterbury ocean you contribute to safeguarding marine life make a difference today timexindia timex waterburyocean savetheplanet sustainability,,,0,0,0,1692619384000
timex india,,timexindia,1693163469749805242,7,,,photo,,,,,,,,,,1693163469749805242,an iconic timepiece for the iconic version of yourself in the week to come quartz it up with us ⌚️ explore our collection timexindia wotd,,,0,1,1,1692516603000
timex india,,timexindia,1692846409933062471,8,,,photo,,,,,,,,,,1692846409933062471,at timex we understand the importance of styling pictureperfect every breathing moment the real question is do you explore our superphotographic watches here timexindia wotd worldphotographyday topicalspot,,,0,1,1,1692441010000
timex india,,timexindia,1692767866192625671,5,,,photo,,,,,,,,,,1692767866192625671,always be adventure ready for youre a gold in disguise shop now timexindia wotd,,,0,0,0,1692422284000
timex india,,timexindia,1692426879448625644,7,,,photo,,,,,,,,,,1692426879448625644,newmoon energy iconic mystical celestial get your hand on the timepiece link in the bio timexindia wotd,,,0,0,1,1692340986000
timex india,,timexindia,1692160102176882784,5,,,photo,,,,,,,,,,1692160102176882784,everyday essentials for a queen shop now timexindia timex wotd,,,0,0,0,1692277381000
timex india,,timexindia,1691795027305853253,5,,,video,,,,,,,,,,1691795027305853253,you know you oughta shop our ufc watch when youre never in fear of taking the plunge toughenough timexindia timex,,,0,0,0,1692190341000
timex india,,timexindia,1691308319234019328,8,,,video,,,,,,,,,,1691308319234019328,may the spirit of unity diversity and progress continue to guide us to brighter times wishing our incredible nation a joyous th independence day india independenceday timexindia independenceday,,,0,0,1,1692074300000
timex india,,timexindia,1691060272704921600,4,,,photo,,,,,,,,,,1691060272704921600,there’s always time for some ceramics shopping don’t you think toughenough timexindia wotd,,,0,0,0,1692015162000
timex india,,timexindia,1690625551881674752,6,,,video,,,photo,,,,,,,1690625551881674752,get you a watch that makes you feel pretty by the beach shop now timexindia toughenough wotd,,,0,0,1,1691911516000
timex india,,timexindia,1690292362667565056,8,,,photo,,,,,,,,,,1690292362667565056,the timex waterbury ocean is made from oceanbound plastic in an effort to give our waters a brighter future let’s celebrate innovation that drives difference available on the timex india website shop now timexindia waterburyocean sustainability wastetowrist,,,0,0,2,1691832078000
timex india,,timexindia,1689939834733740032,8,,,video,,,,,,,,,,1689939834733740032,pov golden times trendy vibes timexindia wotd toughenough,,,0,0,1,1691748028000
timex india,,timexindia,1689576874752835584,7,,,photo,,,,,,,,,,1689576874752835584,shoutout to the only watches tough enough for ufc the ufcxtimex collection comes with contemporary design a tough case and spirit amp core timing features that help you compete at the highest levels in style explore the collection here,,,0,1,0,1691661492000
timex india,,timexindia,1688901367996538880,2,,,video,,,,,,,,,,1688901367996538880,ride through the monsoon wave with a watch that keeps you timelessly trendy ⌚ shop the collection timexindia wotd toughenough qtimex,,,0,0,1,1691500439000
timex india,,timexindia,1688432128915329024,4,,,photo,,,,,,,,,,1688432128915329024,revamping endurance with designs youre not ready for explore the ufc x timex collection now ufcxtimex toughenough timex timexindia,,,0,0,0,1691388563000
timex india,,timexindia,1688046162874617858,6,,,video,,,,,,,,,,1688046162874617858,this friendshipday bring out the best in each other with timeless fashion it never runs out of style timexindia timex wotd topicalspot friendshipsday,,,0,1,1,1691296542000
timex india,,timexindia,1687713852929323008,3,,,video,,,,,,,,,,1687713852929323008,the timetastic season is here as the watchoutsale goes live get your hands on the best of collections now available at amazing prices watchoutsale livenow shopnow timex,,,0,0,1,1691217313000
timex india,,timexindia,1687365794429300737,7,,,video,,,,,,,,,,1687365794429300737,take a quick look on what’s got us pumping tough styles ️️ ufcxtimex toughenough timex,,,0,0,1,1691134329000
timex india,,timexindia,1687026246105116672,10,,,video,,,,,,,,,,1687026246105116672,psst can you feel the power yet rewrite the rules of toughness in style with and timexindia explore our allnew exclusive collection today ufcxtimex toughenough timex,,,1,0,1,1691053375000
timex india,,timexindia,1686665588402434048,6,,,video,,,,,,,,,,1686665588402434048,ready to battle through the week let the x collection add to the charm with toughness rugged case design molded resin straps and iso shockresistant construction of its standout styles going live today tickingsoon toughenough timex,,,0,0,1,1690967387000
timex india,,timexindia,1686640319797063680,6,,,video,,,,,,,,,,1686640319797063680,get ready to own your style and stack your swag with timex amp ufcxtimex tickingsoon toughenough timex timexindia,,,0,0,2,1690961363000
timex india,,timexindia,1686266352380891141,3,,,video,,,,,,,,,,1686266352380891141,where there is a will there is a watch that stands the test of time staytuned for exciting updates ufcxtimex tickingsoon theultimatestyle timex timexindia,,,0,0,0,1690872202000
timex india,,timexindia,1685900646791483392,4,,,video,,,,,,,,,,1685900646791483392,gear up set tough trends all day every day staytuned ufcxtimex theultimatestyle timex timexindia,,,0,0,0,1690785011000
timex india,,timexindia,1685541290698809344,2,,,photo,,,,,,,,,,1685541290698809344,you asked well serve stay tuned ufcxtimex tickingsoon theultimatestyle timex timexindia,,,0,0,0,1690699334000
timex india,,timexindia,1685176487312506880,10,,,photo,,,,,,,,,,1685176487312506880,make time for toughness make time for timeless pieces visit amp explore our upcoming collection stay tuned theultimatestyle timex timexindia wotd watch,,,0,0,0,1690612358000
timex india,,timexindia,1684461753420455937,6,,,photo,,,,,,,,,,1684461753420455937,pov stay strong like you stay stylish get your hands on the toughest collection stay tuned theultimatestyle timex timexindia wotd watch,,,0,0,0,1690441952000
timex india,,timexindia,1684113402225106945,4,,,video,,,,,,,,,,1684113402225106945,wear your quirk with qtimex theultimatestyle timex timexindia,,,0,0,1,1690358899000
timex india,,timexindia,1683364626560610305,2,,,photo,,,,,,,,,,1683364626560610305,look for the week ahead head over heels theultimatestyle timex timexindia,,,0,0,0,1690180377000
timex india,,timexindia,1682640309891796994,6,,,photo,,,,,,,,,,1682640309891796994,revamping endurance with designs youre not ready for ️ theultimatestyle timex timexindia,,,0,0,1,1690007686000
timex india,,timexindia,1681928830024572929,5,,,photo,,,,,,,,,,1681928830024572929,the only blues you need this week theultimatestyle timex timexindia,,,0,0,0,1689838056000
timex india,,timexindia,1681205406650204160,6,,,photo,,,,,,,,,,1681205406650204160,always style with your main character energy and a timex up your sleeve timexindia timex wotd,,,1,0,1,1689665578000
timex india,,timexindia,1680835117059821568,3,,,video,,,,,,,,,,1680835117059821568,built to be stylish amp everlasting timex timexindia wotd,,,0,0,0,1689577294000
timex india,,timexindia,1680095125114961921,4,,,photo,,,,,,,,,,1680095125114961921,designed to be the trendiest just like you timex timexindia wotd,,,0,0,0,1689400867000
timex india,,timexindia,1679379321964867586,5,,,video,,,,,,,,,,1679379321964867586,heres a weekly motivation you didnt know you needed explore our collection theultimatestyle timex timexindia,,,0,0,0,1689230206000
timex india,,timexindia,1679016393541558274,3,,,video,,,,,,,,,,1679016393541558274,pov a classic for the classic ⌚ shop the collection timexindia timex wotd theultimatestyle,,,0,0,0,1689143677000
timex india,,timexindia,1677936691934375936,3,,,video,,,,,,,,,,1677936691934375936,pop it lock it… tick tock it switch to a tougher style with timex x ufc limited edition collection theultimatestyle timex timexindia wotd watch ufcxtimex,,,0,0,0,1688886256000
timex india,,timexindia,1677569264004235265,4,,,photo,,,,,,,,,,1677569264004235265,witness the toughness of a readytowear capsule collection with standout styles️ stay tuned to know more theultimatestyle timexindia timex,,,0,0,1,1688798654000
timex india,,timexindia,1677207671844511744,4,,,photo,,,,,,,,,,1677207671844511744,yes twas love at first sight and you cant deny available on our website visit now timexindia timex wotd theultimatestyle timex timexindia wotd watch,,,0,1,1,1688712444000
timex india,,timexindia,1676182274067529728,4,,,photo,,,,,,,,,,1676182274067529728,shine brighter with our slim collection explore our website for more timexindia timex wotd theultimatestyle,,,0,0,0,1688467970000
timex india,,timexindia,1675505438035705856,8,,,photo,,,,,,,,,,1675505438035705856,every day is a celebration with waterbury by your side shop the collection timexindia timex wotd theultimatestyle timex timexindia wotd watch,,,0,0,1,1688306600000
timex india,,timexindia,1674725047813181446,5,,,video,,,,,,,,,,1674725047813181446,a big shoutout to everyone who participated amp shared their toughatalltimes adventurous stories congratulations on winning the prize please dm us your details to avail the prize staytuned for more such exciting give aways timexindia timex,,,0,1,1,1688120540000
timex india,,timexindia,1674656568934273024,3,,,video,,,,,,,,,,1674656568934273024,style like a machine experience accurate durable amp innovative timekeeping with watches that embody the ultimate fighting spirit get your hands on the timepieces coming soon toughatalltimes timexindia timex,,,0,0,1,1688104214000
timex india,,timexindia,1673913142852857856,4,,,video,,,,,,,,,,1673913142852857856,theres always time for pride just dont let the world dim your shine ‍ timexindia timex pridemonth pride loveislove pride pridemonth,,,0,0,1,1687926967000
timex india,,timexindia,1672866742148956161,5,,,video,,,,,,,,,,1672866742148956161,the toughest range of watches out there watch out for the ufc x timex collection ufcxtimex launchingsoon toughatalltimes timex timexindia,,,0,0,0,1687677486000
timex india,,timexindia,1672243712922120192,4,,,photo,,,,,,,,,,1672243712922120192,meticulously crafted for the strongest of all shopped yet explore our collection timexindia timex wotd,,,0,0,1,1687528944000
timex india,,timexindia,1671848310427078657,6,,,photo,,,,,,,,,,1671848310427078657,durability meets strength amp innovation with our timeless collection offering hardhitting features you cant get enough of explore the collection here toughatalltimes timexindia timex,,,0,0,1,1687434673000
timex india,,timexindia,1671493101007904772,4,,,video,,,,,,,,,,1671493101007904772,it packs more than just a punch it is time for the toughest watch to enter the ring are you ready to get your beast mode on ufcxtimex tickingsoon toughatalltimes timex timexindia,,,0,0,2,1687349984000
timex india,,timexindia,1670741905729277952,6,,,photo,,,,,,,,,,1670741905729277952,make way for the toughest watch ever ufcxtimex comingsoon toughatalltimes,,,0,0,1,1687170885000
timex india,,timexindia,1670311120689831936,7,,,video,,,,,,,,,,1670311120689831936,the power of a dad is a power unmatched drop a in the comments if you agree fathersday topicalspot timexindia timex,,,0,0,1,1687068178000
timex india,,timexindia,1669247246280556544,11,,,video,,,,,,,,,,1669247246280556544,step into the octagon of allthingstough,,,1,6,7,1686814531000
timex india,,timexindia,1668493065210740737,2,,,photo,,,,,,,,,,1668493065210740737,make a statement that inspires your crew get your hands on the timepieces now toughatalltimes timexindia timex,,,0,0,1,1686634720000
timex india,,timexindia,1667782083136159745,8,,,photo,,,,,,,,,,1667782083136159745,endure a style they cant forget get your hands on the timepieces by visiting our website toughatalltimes timex timexindia,,,0,0,1,1686465209000
timex india,,timexindia,1667047644571549697,6,,,photo,,,,,,,,,,1667047644571549697,psst heres a perfect pick for your everyday battles get your hands on the timepieces by visiting the link in the bio toughatalltimes timex timexindia timexfit,,,0,0,1,1686290105000
timex india,,timexindia,1666665954330148864,6,,,video,,,,,,,,,,1666665954330148864,this worldoceanday celebrate the ocean with our waterburyocean collection crafted from upcycled oceanbound plastic this range comes with a classic design that honours innovation explore the timepieces,,,0,1,1,1686199103000
timex india,,timexindia,1666014482793918465,5,,,photo,,,,,,,,,,1666014482793918465,staying strong can never be styled wrong get your hands on these timepieces now toughatalltimes timex automaticscollection wotd watches stylishwatches fashion mensfashion style,,,0,1,1,1686043780000
timex india,,timexindia,1665666144936820736,7,,,photo,,,,,,,,,,1665666144936820736,the timex waterbury ocean collection made from oceanbound plastic is a small step towards saving the planet this worldenvironmentday bring home your timex waterbury ocean timepiece and join us in this momentous journey savetheplanet timex waterburyocean environment,,,0,1,1,1685960730000
timex india,,timexindia,1665236906467266560,14,,,photo,,,,,,,,,,1665236906467266560,say hello to a trendsetting collection for sports lovers get your hands on the timepieces by visiting our website now toughatalltimes timex analogcollection wotd watches stylishwatches fashion mensfashion style,,,0,3,4,1685858391000
timex india,,timexindia,1664902389973807113,7,,,photo,,,,,,,,,,1664902389973807113,celebrate new adventures with a wristwear that is rough amp tough available on the timexindia website shop now toughatalltimes timex analogcollection wotd watches stylishwatches fashion mensfashion style,,,0,1,1,1685778636000
timex india,,timexindia,1664262365368684545,5,,,video,,,,,,,,,,1664262365368684545,its the journey that matters make it timeless timexindia choiceofthetitans aavade timekeepersofthetitans gujarattitans,,,0,1,2,1685626043000
timex india,,timexindia,1664250740939034626,5,,,photo,,,,,,,,,,1664250740939034626,no matter who we are we all deserve love this pride month let us celebrate love for what it is pridemonth loveislove timexinida lgbtq pride,,,0,1,3,1685623271000
timex india,,timexindia,1663940626004733952,4,,,video,,,,,,,,,,1663940626004733952,pov a quick throwback to an experience of a lifetime… fresh off the pitch timexindia choiceofthetitans aavade timekeepersofthetitans gujarattitans,,,0,1,2,1685549334000
timex india,,timexindia,1663835566297993216,6,,,photo,,,,,,,,,,1663835566297993216,up your styling game with the timex sports collection we’ve got a watch to suit each one’s taste visit our website to check out the collection now timexindia choiceofthetitans aavade timekeepersofthetitans gujarattitans,,,0,1,1,1685524286000
timex india,,timexindia,1663499706532790273,3,,,video,,,,,,,,,,1663499706532790273,when time is on your side you’ll chant aavade at every opportunity with today’s catch of the day shop the timex x gujarat titans collection now timexindia choiceofthetitans aavade timekeepersofthetitans gujarattitans,,,0,0,1,1685444211000
timex india,,timexindia,1663431251317907457,7,,,video,,,,,,,,,,1663431251317907457,adding a finishing touch to your ootd is the timex sports collection visit the timex india website to check out the collection now timexindia choiceofthetitans aavade timekeepersofthetitans gujarattitans,,,0,1,1,1685427890000
timex india,,timexindia,1663282772277092355,3,,,video,,,,,,,,,,1663282772277092355,justin fought with unwavering spirit till the very end as their official timekeepers salutes and celebrates their resilience this entire game season timexindia choiceofthetitans aavade timekeepersofthetitans gujarattitans,,,0,1,3,1685392489000
timex india,,timexindia,1663178337001566208,3,,,,,,,,,,,,,1663178337001566208,pov time to kickstart the last match of the season let’s bat like never before timexindia choiceofthetitans aavade timekeepersofthetitans gujarattitans,,,0,1,1,1685367590000
timex india,,timexindia,1663178023343095808,6,,,video,,,,,,,,,,1663178023343095808,what a beautiful day to win the finale battle on our home ground agreed agreed or agreed share your excitement by commenting aavade below ⬇lets bring the trophy back home timexindia choiceofthetitans aavade timekeepersofthetitans gujarattitans,,,0,2,3,1685367515000
timex india,,timexindia,1662695767268786177,7,,,photo,,,,,,,,,,1662695767268786177,last mile to go set your reminders amp get ready to cheer for the champs timexindia choiceofthetitans aavade timekeepersofthetitans gujarattitans,,,0,1,1,1685252536000
timex india,,timexindia,1662341472790929408,4,,,video,,,,,,,,,,1662341472790929408,just like our players bring their agame to the field you bring you’re agame to life with the timex premium sports collection multifunctional green dial analog men’s watch shop now timexindia choiceofthetitans aavade timekeepersofthetitans,,,0,1,1,1685168066000
timex india,,timexindia,1662164188586975232,3,,,video,,,,,,,,,,1662164188586975232,ps were just one step away from creating history yet again staytuned for whats next timexindia choiceofthetitans aavade timekeepersofthetitans gujarattitans,,,0,1,2,1685125798000
timex india,,timexindia,1662102854981787650,3,,,,,,,,,,,,,1662102854981787650,justin a gamechanging toss time to win this battle were batting first timexindia gujarattitans timekeepersofthetitans choiceofthetitans aavade,,,0,1,2,1685111175000
timex india,,timexindia,1662008703703486465,7,,,photo,,,,,,,,,,1662008703703486465,special callout for all the fans mark your calendars invite your friends amp watch the team set the pitch on fire timexindia choiceofthetitans aavade timekeepersofthetitans gujarattitans,,,0,1,2,1685088728000
timex india,,timexindia,1661755412843237377,6,,,video,,,,,,,,,,1661755412843237377,only because it’s the journey that truly timelessly counts timexindia choiceofthetitans aavade gujarattitans timekeepersofthetitans,,,0,1,0,1685028339000
timex india,,timexindia,1661360619692650496,9,,,video,,,,,,,,,,1661360619692650496,heres to a trendsetting collection that keeps you going – timex x gujarat titans limited edition collection comes with sporty aesthetics plain threehand functions and a cleanlooking dial for formal amp casual styles ⌚ timexindia choiceofthetitans aavade gujarattitans,,,0,2,1,1684934212000
timex india,,timexindia,1661303583801745408,49,,,photo,,,,,,,,,,1661303583801745408,do you consider yourself a cricket buff take a shot by guessing the term you see in the image with the help of the mentioned hint were waiting ⏱ timexindia choiceofthetitans aavade timekeepersofthetitans gujarattitans,,,1,58,21,1684920614000
timex india,,timexindia,1661069253796323329,8,,,video,,,,,,,,,,1661069253796323329,pov hitting reset to come back stronger for another shot aavade timexindia choiceofthetitans aavade timekeepersofthetitans gujarattitans,,,0,0,3,1684864745000
timex india,,timexindia,1661005074615922688,5,,,,,,,,,,,,,1661005074615922688,winning the toss getting our groove on ️ the titans will be bowling first timexindia choiceofthetitans aavade timekeepersofthetitans gujarattitans,,,0,0,2,1684849444000
timex india,,timexindia,1660927336982749184,11,,,photo,,,,,,,,,,1660927336982749184,are we ready for the playoffs yes we are mark your calendars gather your squad amp cheer for the as they steal the spotlight timelessly yet again ready set game time timexindia choiceofthetitans aavade timekeepersofthetitans,,,0,0,2,1684830910000
timex india,,timexindia,1660611112780562433,4,,,video,,,,,,,,,,1660611112780562433,a forever classic with a twist – just like today’s catch of the day available on the timexindia website shop now timexindia choiceofthetitans aavade timekeepersofthetitans gujarattitans,,,0,0,1,1684755516000
timex india,,timexindia,1660543871976349696,8,,,photo,,,,,,,,,,1660543871976349696,add a touch of quartzy blues to your week with the tonneau from our allnew sports collection available on the timexindia website shop now timexindia choiceofthetitans aavade timekeepersofthetitans gujarattitans,,,0,0,2,1684739485000
timex india,,timexindia,1660289970777776128,4,,,,,,,,,,,,,1660289970777776128,nothing just our superstars at feeling tad royal with a toss win timexindia choiceofthetitans aavade timekeepersofthetitans gujarattitans,,,0,0,3,1684678950000
timex india,,timexindia,1660171797575376897,21,,,photo,,,,,,,,,,1660171797575376897,time to guess whos the best get going timexindia choiceofthetitans aavade timekeepersofthetitans gujarattitans,,,0,14,6,1684650775000
timex india,,timexindia,1660144633756934147,7,,,video,,,,,,,,,,1660144633756934147,got a timeless secret with drop a in the comments if you agree timexindia choiceofthetitans aavade timekeepersofthetitans gujarattitans,,,0,3,2,1684644299000
timex india,,timexindia,1659889009487937536,6,,,photo,,,,,,,,,,1659889009487937536,time to celebrate motherhood with a little something from us a big shoutout to everyone who participated in our contest amp for winning it please dm us your details to avail your prize timexindia choiceofthetitans aavade timekeepersofthetitans,,,1,1,2,1684583353000
timex india,,timexindia,1659817139132575753,7,,,video,,,,,,,,,,1659817139132575753,today’s catch of the day is a grandiose design made in the likeness of the titans available on the timexindia website shop now timexindia choiceofthetitans aavade timekeepersofthetitans gujarattitans,,,0,0,1,1684566218000
timex india,,timexindia,1659538346887245824,2,,,video,,,,,,,,,,1659538346887245824,dream a little dream of our new timex x gujarat titans limited edition collection its worth your time available on the timexindia website shop now timexindia choiceofthetitans aavade timekeepersofthetitans gujarattitans,,,0,0,1,1684499749000
timex india,,timexindia,1659462091416403968,12,,,photo,,,,,,,,,,1659462091416403968,pov youve got a sharp eye and won yourself a sharper watch a big shoutout to everyone who participated in our contest amp for winning it please dm us your details to avail your prize timexindia choiceofthetitans timekeepersofthetitans gujarattitans,,,0,4,2,1684481568000
timex india,,timexindia,1659408805128728577,6,,,video,,,,,,,,,,1659408805128728577,a proper schedule builds a sportsperson ⌚ and the official timekeepers of the titans help our home team to complete their routine all day everyday timexindia choiceofthetitans aavade timekeepersofthetitans gujarattitan,,,0,0,1,1684468864000
timex india,,timexindia,1659171715480719366,52,,,photo,,,,,,,,,,1659171715480719366,you think you know it all challenge yourself with us by guessing the cricket term basis the hint shared were waiting ⏱ timexindia choiceofthetitans aavade timekeepersofthetitans gujarattitans,,,0,60,27,1684412337000
timex india,,timexindia,1659073643492818944,14,,,video,,,,,,,,,,1659073643492818944,timeless style waits for no one explore our timex x gujarat titans limited edition collection and see read style the change available on the timexindia website shop now choiceofthetitans aavade timekeepersofthetitans gujarattitan,,,0,3,1,1684388955000
timex india,,timexindia,1658799128393011200,17,,,photo,,,,,,,,,,1658799128393011200,crafted with precision and built to last elevate your style quotient with the x limited edition watches available on the timexindia website shop now choiceofthetitans aavade timekeepersofthetitans,,,0,2,3,1684323505000
timex india,,timexindia,1658476885318455301,8,,,photo,,,,,,,,,,1658476885318455301,its not just a watch its a style statement shop from the sports collection and elevate your look effortlessly available on the timexindia website shop now choiceofthetitans aavade timekeepersofthetitans gujarattitans,,,0,1,1,1684246677000
timex india,,timexindia,1658449669825916928,5,,,video,,,,,,,,,,1658449669825916928,enjoy a range of watches in summer colors multifunctional design amp multicolored baguettes top rings with the allnew sports collection available on the timexindia website shop now choiceofthetitans timekeepersofthetitans,,,0,0,1,1684240188000
timex india,,timexindia,1658341586579628032,24,,,video,,,,,,,,,,1658341586579628032,gujarat titans have done it again congratulations on making it to the qualifiers now its time to bring the trophy home timexindia choiceofthetitans aavade timekeepersofthetitans gujarattitans,,,0,1,5,1684214419000
timex india,,timexindia,1658168857432059904,24,,,photo,,,,,,,,,,1658168857432059904,just rising up with another victory staytuned for what’s next timexindia choiceofthetitans aavade timekeepersofthetitans gujarattitans,,,0,1,3,1684173237000
timex india,,timexindia,1658104031557079041,15,,,,,,,,,,,,,1658104031557079041,look the sun rose with our rockstars kickstarting the game with fullpower batting timexindia choiceofthetitans aavade timekeepersofthetitans gujarattitans,,,0,1,4,1684157781000
timex india,,timexindia,1658030263195308033,188,,,photo,,,,,,,,,,1658030263195308033,somethings different with the today and your guesses can help you win a timex watch,,,14,209,134,1684140194000
timex india,,timexindia,1657990704810053634,14,,,photo,,,,,,,,,,1657990704810053634,pov giving us some mondaymotivation dont forget to gather your squad and support our rockstars tonight timexindia choiceofthetitans aavade timekeepersofthetitans gujarattitans,,,0,0,4,1684130762000
timex india,,timexindia,1657689396043456512,15,,,photo,,,,,,,,,,1657689396043456512,switch to a sporty look with timex amp s allnew limitededition collection that comes with a design on the dial amp a plain three hand function available on the timexindia website shop now choiceofthetitans timekeepersofthetitans,,,0,0,3,1684058925000
timex india,,timexindia,1657599608472629249,15,,,video,,,,,,,,,,1657599608472629249,it’s time to share your story with us and stand a chance to win a timex watch here’s how → follow and handle → reshare this post in the comments or dm us your response → share your favorite memory with mom from when you played cricket,,,0,4,8,1684037518000
timex india,,timexindia,1657320528372449281,30,,,photo,,,,,,,,,,1657320528372449281,time to crosscheck your guesses how many words were you able to spot tell us in the comments section timexindia choiceofthetitans aavade timekeepersofthetitans gujarattitans,,,0,25,19,1683970980000
timex india,,timexindia,1657016752126197762,8,,,,,,,,,,,,,1657016752126197762,mood thank god its wonthetoss friday timexindia aavade choiceofthetitans timekeepersofthetitans gujarattitans,,,0,1,2,1683898554000
timex india,,timexindia,1656966911509544962,9,,,video,,,,,,,,,,1656966911509544962,old is gold didyouknow the legacy has built in the field of indian cricket timexindia choiceofthetitans aavade timekeepersofthetitans gujarattitans,,,0,0,1,1683886671000
timex india,,timexindia,1656649895292596225,8,,,video,,,,,,,,,,1656649895292596225,our allnew amp s limitededition collection comes with the timeless rebel spirit youve been waiting for get your hands on the timepieces here timexindia choiceofthetitans timekeepersofthetitans gujarattitans aavade,,,0,0,2,1683811088000
timex india,,timexindia,1656612562304380928,31,,,photo,,,,,,,,,,1656612562304380928,how much do you know about cricket put on your thinking hats with us and comment the words you spot in the crossword puzzle you see here were waiting timexindia choiceofthetitans aavade timekeepersofthetitans gujarattitans,,,1,22,12,1683802187000
timex india,,timexindia,1656283843983466496,5,,,photo,,,,,,,,,,1656283843983466496,take a quick look at how far weve come get your hands on the limited edition x collection by tapping the link timexindia choiceofthetitans aavade timekeepersofthetitans gujarattitans,,,0,0,2,1683723815000
timex india,,timexindia,1656205870739644416,8,,,photo,,,,,,,,,,1656205870739644416,take your love for to the next level with us️ presenting x gujarat titans special edition men’s black dial watch with a sporty look buy it here timexindia choiceofthetitans timekeepersofthetitans gujarattitans,,,0,0,1,1683705225000
timex india,,timexindia,1655901116591411200,7,,,photo,,,,,,,,,,1655901116591411200,is your cricket glossary up to date test your knowledge with us by filling the blanks you see in the image were waiting ⏱ timexindia choiceofthetitans aavade timekeepersofthetitans gujarattitans,,,0,2,1,1683632566000
timex india,,timexindia,1655856906328735744,8,,,photo,,,,,,,,,,1655856906328735744,are your basics clear this match season learn about your home team ie with us timexindia choiceofthetitans aavade timekeepersofthetitans gujarattitans,,,0,0,1,1683622025000
timex india,,timexindia,1655596115046330368,4,,,video,,,,,,,,,,1655596115046330368,the have arrived amp theyre here to conquer get your hands on the exclusive x collection the perfect fusion of style amp sportsmanship each timepiece is built to last like the stars themselves check them out,,,0,1,1,1683559847000
timex india,,timexindia,1655474011823013890,8,,,photo,,,,,,,,,,1655474011823013890,the titans roared to victory yet again scoring their nd highest total in the series talk about epic timing timexindia gujarattitans aavade,,,0,0,1,1683530736000
timex india,,timexindia,1655237599567532035,9,,,photo,,,,,,,,,,1655237599567532035,safe to say that were the real stars on the pitch today staytuned for what’s next timexindia choiceofthetitans aavade timekeepersofthetitans gujarattitans,,,0,0,2,1683474371000
timex india,,timexindia,1655154676676059136,3,,,,,,,,,,,,,1655154676676059136,this sunday just got better with a firepowered batting session to begin with agree or agree timexindia aavade choiceofthetitans gujarattitans timekeepersofthetitans,,,0,0,1,1683454600000
timex india,,timexindia,1655099972499681280,6,,,photo,,,,,,,,,,1655099972499681280,ps the glory of our superstars mark your calendars invite your friends amp staytuned with the chronicles of the time to cheer together timexindia choiceofthetitans aavade timekeepersofthetitans gujarattitans,,,0,0,3,1683441558000
timex india,,timexindia,1654837949991915520,7,,,photo,,,,,,,,,,1654837949991915520,make a style statement with your new matchday accessory presenting the timex x gujarat titans special edition men’s white dial watch with a slim case clean dial and a sleek brown leather strap available on the timexindia website shop now,,,0,1,2,1683379087000
timex india,,timexindia,1654747930052689920,7,,,photo,,,,,,,,,,1654747930052689920,this is your reminder to rumble with our timex x collection a series of sportstyled watches with a plain threehand function that keeps you going through the day and night get your hands on the timepieces by visiting the link below,,,0,1,1,1683357624000
timex india,,timexindia,1654538740596080641,5,,,video,,,,,,,,,,1654538740596080641,justin showing everyone how its done staytuned for what’s next timexindia choiceofthetitans aavade timekeepersofthetitans gujarattitans,,,0,0,1,1683307750000
timex india,,timexindia,1654483712996720641,4,,,,,,,,,,,,,1654483712996720641,is all set to bowl like thunder are you timexindia aavade gujarattitans choiceofthetitans timekeepersofthetitans,,,0,0,1,1683294630000
timex india,,timexindia,1654406652773400577,8,,,video,,,,,,,,,,1654406652773400577,calling all fans mark your calendars invite your friends amp watch the team set the pitch on fire timexindia choiceofthetitans aavade timekeepersofthetitans gujarattitans,,,0,0,3,1683276258000
timex india,,timexindia,1654368643524722688,43,,,photo,,,,,,,,,,1654368643524722688,how many wickets do you think will our superstars take in today’s match comment your prediction amp let’s see how close you get timexindia choiceofthetitans aavade timekeepersofthetitans gujarattitans,,,3,36,23,1683267195000
timex india,,timexindia,1654092266238267392,5,,,video,,,,,,,,,,1654092266238267392,shop it wear it believe it hear why timex is the choice of the choiceofthetitans available on the timexindia website shop now aavade timekeepersofthetitans gujarattitans,,,0,1,3,1683201302000
timex india,,timexindia,1654061070422769664,4,,,photo,,,,,,,,,,1654061070422769664,ps add to favorites the new x s special edition watch is all about style sportsmanship amp sass get your hands on the timepieces by visiting the link below timexindia choiceofthetitans timekeepersofthetitans,,,0,0,2,1683193864000
timex india,,timexindia,1653455611131224067,7,,,,,,,,,,,,,1653455611131224067,justin end of a powerpacked game also… a chance to reset amp come back better next time aavade ️ timexindia intime matchmoments gujarattitans aavade choiceofthetitans timekeepersofthetitans,,,0,0,1,1683049512000
timex india,,timexindia,1653321269805477888,8,,,video,,,,,,,,,,1653321269805477888,are you allset to witness the thunder mark your calendars invite your friends amp watch the set the pitch on fire we got this timexindia choiceofthetitans aavade timekeepersofthetitans gujarattitans,,,0,0,1,1683017482000
timex india,,timexindia,1653024631262187520,41,,,photo,,,,,,,,,,1653024631262187520,you think you know the game best put it to test with us comment the outcome of the upcoming gujarat titans match let’s see whose prediction is bang on​ get going​ timexindia choiceofthetitans aavade timekeepersofthetitans gujarattitans,,,0,39,23,1682946758000
timex india,,timexindia,1652954458446495744,11,,,photo,,,,,,,,,,1652954458446495744,wear your allegiance with pride presenting the timex x special edition men’s light gold dial watch with slim case amp a loud branding on the dial coupled with a brown leather strap timexindia choiceofthetitans timekeepersofthetitans aavade,,,0,1,2,1682930027000
timex india,,timexindia,1652610789235204096,9,,,photo,,,,,,,,,,1652610789235204096,all it took was a welltimed divine intervention to change the course of the match when it comes to matters of perfect timing timex is the need of every hour timexindia intime matchmoments gujarattitans aavade choiceofthetitans timekeepersofthetitans,,,0,0,3,1682848090000
timex india,,timexindia,1652549288973443072,9,,,video,,,,,,,,,,1652549288973443072,we know it gives versatility with style do you timexindia intime matchmoments gujarattitans aavade choiceofthetitans timekeepersofthetitans,,,0,0,2,1682833428000
timex india,,timexindia,1652317061203525633,5,,,video,,,,,,,,,,1652317061203525633,a big shout out to our titans for giving us a reason to celebrate tonight timexindia gujarattitans aavade choiceofthetitans timekeepersofthetitans,,,0,0,2,1682778060000
timex india,,timexindia,1652253291798208514,7,,,,,,,,,,,,,1652253291798208514,didyouknow that winning the toss is our mostfavourite mini win in any match choiceofthetitans aavade timexindia tosswin,,,0,0,5,1682762856000
timex india,,timexindia,1652168074643255302,8,,,video,,,,,,,,,,1652168074643255302,your saturday just got better mark your calendars invite your friends amp cheer for the timexindia choiceofthetitans aavade timekeepersofthetitans gujarattitans,,,0,1,1,1682742539000
timex india,,timexindia,1651195835294830593,6,,,video,,,,,,,,,,1651195835294830593,new drop alert for champions only heres presenting an exclusive curation that celebrates our partnership with an allnew exclusive watch with a sporty look you cant get enough of also to constantly remind you that its time to aavade,,,0,1,1,1682510739000
timex india,,timexindia,1651099092855173120,19,,,photo,,,,,,,,,,1651099092855173120,time to unveil the answers how many terminologies were you able to spot️‍️️ share with us in the comments section timexindia aavade choiceofthetitans,,,0,12,5,1682487674000
timex india,,timexindia,1650921918231629824,13,,,video,,,,,,,,,,1650921918231629824,can we get a for awestruck staytuned for what’s next timexindia aavade choiceofthetitans,,,0,0,1,1682445432000
timex india,,timexindia,1650858586103513088,3,,,,,,,,,,,,,1650858586103513088,pov its always a good start when the champions bat aavade choiceofthetitans,,,0,0,2,1682430333000
timex india,,timexindia,1650801427181342721,5,,,video,,,,,,,,,,1650801427181342721,because all you need is love and lots of cricket mark your calendars invite your friends amp tune in with the tonight timexindia aavade choiceofthetitans,,,0,0,1,1682416705000
timex india,,timexindia,1650005801535414273,7,,,video,,,,,,,,,,1650005801535414273,have as much time as you want on your hands with the timex sports collection blue dial round case chronograph class mens watch timexindia intime matchmoments gujarattitans aavade choiceofthetitans timekeepersofthetitans,,,0,0,1,1682227013000
timex india,,timexindia,1649778244525387779,5,,,video,,,,,,,,,,1649778244525387779,justin shows everyone how its done staytuned for what’s next timexindia aavade choiceofthetitans,,,0,0,1,1682172759000
timex india,,timexindia,1649776943661977600,5,,,,,,,,,,,,,1649776943661977600,aavade kyunki adab se harana humein bhi aata hai well done ️ aavade choiceofthetitans,,,0,0,2,1682172449000
timex india,,timexindia,1649708017024385024,6,,,,,,,,,,,,,1649708017024385024,buckle up and brace yourselves for the toss has been won aavade choiceofthetitans,,,0,0,1,1682156016000
timex india,,timexindia,1649658948373606400,5,,,video,,,,,,,,,,1649658948373606400,ps your saturday just got better mark your calendars invite your friends amp watch the gujarat titans make memories tune in and join the fun timexindia aavade choiceofthetitans,,,0,0,3,1682144317000
timex india,,timexindia,1649632383971495937,8,,,video,,,,,,,,,,1649632383971495937,make time to protect planet earth for its now or never timexindia earthday earthday,,,0,0,2,1682137983000
timex india,,timexindia,1648978491403304960,57,,,photo,,,,,,,,,,1648978491403304960,pull out your magnifying glasses spot the cricket terminologies and share them with us in the comments section we will be sharing the answers soon get searching staytuned timexindia aavade,,,0,45,25,1681982083000
timex india,,timexindia,1648220626677555202,13,,,video,,,,,,,,,,1648220626677555202,mystery unveiled the are ready to defend their crown this season with their official timekeepers by their side ⌚ timexindia gujarattitans choiceofthetitans timekeepersofthetitans aavade,,,1,0,2,1681801394000
timex india,,timexindia,1648182693287559172,12,,,photo,,,,,,,,,,1648182693287559172,it’s almost time to unravel the mystery staytuned ⌚️️ aavade,,,0,0,3,1681792350000
timex india,,timexindia,1647918161403031555,8,,,video,,,,,,,,,,1647918161403031555,the clock is ticking the mystery will be revealed… tomorrow⌚️ join in the fun at pm and know the whereabouts of our champion timexindia aavade,,,0,0,1,1681729281000
timex india,,timexindia,1647602327920992257,7,,,,,,,,,,,,,1647602327920992257,justin batting to kickstart the battle aavede,,,0,1,2,1681653980000
timex india,,timexindia,1647496535473803264,9,,,video,,,,,,,,,,1647496535473803264,mood get your game face on mark your calendars invite your friends amp watch the steal the spotlight let the battle begin ️ aavade timexindia gujarattitans,,,0,0,4,1681628757000
timex india,,timexindia,1647123730898866179,13,,,video,,,,,,,,,,1647123730898866179,looks like our champion is preoccupied any guesses where he could be guess his whereabouts in the comments timexindia gujarattitans choiceofthetitans timekeepersofthetitans aavade whereisshubman staytuned indiancricket,,,0,0,6,1681539874000
timex india,,timexindia,1646583786677698566,8,,,video,,,,,,,,,,1646583786677698566,batting bowling fielding remember the name remember the game here’s to another win of the season aavade,,,0,0,2,1681411141000
timex india,,timexindia,1646511669991059458,6,,,,,,,,,,,,,1646511669991059458,tictactoss time to play aavade,,,0,0,2,1681393947000
timex india,,timexindia,1646482626516250627,7,,,video,,,,,,,,,,1646482626516250627,gtvpks the only motivation we need for the week️ mark your calendars invite your friends amp watch the play like all set to ace it aavade,,,0,0,1,1681387022000
timex india,,timexindia,1645077910070632449,10,,,,,,,,,,,,,1645077910070632449,a tough game makes for a tougher comeback aavade,,,0,0,1,1681052112000
timex india,,timexindia,1644998006603911168,10,,,,,,,,,,,,,1644998006603911168,pov we’re tossed in joy aavade️ gtvkkr tosswin,,,1,0,2,1681033062000
timex india,,timexindia,1644921533033316352,12,,,video,,,,,,,,,,1644921533033316352,pov your sunday mood mark your calendars invite your friends amp watch the steal hearts on the pitch today lets win this battle together aavade gtvkkr,,,1,1,3,1681014829000
timex india,,timexindia,1643313365392171008,23,,,video,,,,,,,,,,1643313365392171008,vibe check wins hearts and todays game staytuned for what’s next dcvsgt,,,0,0,3,1680631412000
timex india,,timexindia,1643252096643526656,13,,,,,,,,,,,,,1643252096643526656,the flip is just the beginning cos we’re here to win win amp win aavade️ gtvsdc,,,0,0,3,1680616804000
timex india,,timexindia,1643090812467826690,12,,,video,,,,,,,,,,1643090812467826690,set the tuesdaymood amp do aavade with us ​ mark your calendars invite your friends amp watch the bring their timeless magic to the pitch let’s win this battle together,,,0,1,1,1680578351000
timex india,,timexindia,1641398344542027776,20,,,video,,,,,,,,,,1641398344542027776,its time to aavade this ipl were thrilled to be official timekeepers of the titans and were in it to win it staytuned for whats next,,,0,0,3,1680174835000
timex india,,timexindia,1641015552092123139,26,,,,,,,,,,,,,1641015552092123139,hacks on how to preserve that timeless shine on your watches always store your watch in a cool and dry place this will help prevent them from irrevocable tarnishing or rusting timelesslytimex,,,0,1,3,1680083570000
timex india,,timexindia,1640334427929874432,20,,,photo,,,,,,,,,,1640334427929874432,may you have a stylish week ahead timelesslytimex available on the timexindia website shop now timex wedontstop wotd stylishwatches fashion watches qtimex qreissue,,,0,1,4,1679921178000
timex india,,timexindia,1639622738951421955,15,,,photo,,,,,,,,,,1639622738951421955,you can always sit with us timelesslytimex available on the timexindia website shop now timex wedontstop wotd stylishwatches fashion watches fria,,,0,0,2,1679751498000
timex india,,timexindia,1639226306650066949,13,,,photo,,,,,,,,,,1639226306650066949,crafted to keep you going timelesslytimex available on the timexindia website shop now timex wedontstop wotd stylishwatches fashion watches timexfit,,,0,0,2,1679656981000
timex india,,timexindia,1638466906456817665,25,,,photo,,,,,,,,,,1638466906456817665,thank you everyone for participating in our timex valentine’s day contest stay tuned for more such exciting giveaways big congratulations to on winning a timex watch please dm us your details to avail your prize valentinesday giveaway,,,0,5,3,1679475926000
timex india,,timexindia,1638460174955429888,9,,,,,,,,,,,,,1638460174955429888,pov your watch and your accessory should vibe if you are planning to wear a sportswatch when you go out tonight you might want to consider a leather bracelet or steelmetallic necklace which effortlessly adds that timeless style factor to your look timelesslytimex,,,0,0,2,1679474321000
timex india,,timexindia,1637801235956006912,15,,,photo,,,,,,,,,,1637801235956006912,watches can make you smile too surf through our collection and try ️ timelesslytimex available on the timexindia website shop now timex wedontstop wotd stylishwatches fashion watches fria,,,0,0,4,1679317218000
timex india,,timexindia,1637435469775654913,13,,,photo,,,,,,,,,,1637435469775654913,going somewhere this sunday don’t forget your slim fit timelesslytimex available on the timexindia website shop now timex wedontstop wotd stylishwatches fashion watches,,,0,0,3,1679230012000
timex india,,timexindia,1636971132766109698,15,,,photo,,,,,,,,,,1636971132766109698,this global recycling day let’s celebrate innovation that drives difference waterbury ocean is made from oceanbound plastic in an effort to give our waters a brighter future together ⌚ timex waterbury ocean timexindia waterburyocean globalrecyclingday,,,1,0,2,1679119306000
timex india,,timexindia,1636321944562991105,12,,,photo,,,,,,,,,,1636321944562991105,it’s always a party with fullbloom by your sleeve timelesslytimex available on the timexindia website shop now timex wedontstop wotd stylishwatches fashion watches fria timexindia,,,0,0,3,1678964527000
timex india,,timexindia,1635974688902983680,12,,,,,,,,,,,,,1635974688902983680,didyouknow that traditional women’s watches are extremely versatile amp ask to be styled basis your look for instance if you plan to wear a watch with a metallic strap make sure it matches the metallic highlights in your outfit timelesslytimex dyk,,,0,0,1,1678881735000
timex india,,timexindia,1635632418177548294,14,,,photo,,,,,,,,,,1635632418177548294,this is your sign to add a touch of ceramics to your life timelesslytimex available on the timexindia website shop now timex wedontstop wotd stylishwatches fashion watches ceramic,,,0,0,1,1678800131000
timex india,,timexindia,1635206058846351361,15,,,,,,,,,,,,,1635206058846351361,a gentle reminder make time amp do naatunaatu today oscars academyawards,,,0,0,5,1678698479000
timex india,,timexindia,1634904460261736450,19,,,photo,,,,,,,,,,1634904460261736450,here’s your license to slay timelesslytimex available on the timexindia website shop now timex wedontstop wotd stylishwatches fashion watches ceramic,,,0,0,2,1678626573000
timex india,,timexindia,1634149207543099396,13,,,photo,,,,,,,,,,1634149207543099396,make time to spread glam timelesslytimex available on the timexindia website shop now timex wedontstop wotd stylishwatches fashion watches rosegold,,,0,1,2,1678446506000
timex india,,timexindia,1633336450677895174,14,,,,,,,,,,,,,1633336450677895174,pov wiser stronger smarter and a timeless winner ​ tag that woman and remind her right now ​ timelesslytimex,,,0,0,1,1678252730000
timex india,,timexindia,1633328837940461569,13,,,video,,,,,,,,,,1633328837940461569,pov she’s always effortlessly timelesslyher and a queen at that happy women’s day timelesslytimex timexindia womensday internationalwomensday timex,,,0,0,2,1678250915000
timex india,,timexindia,1633328043941847042,16,,,video,,,,,,,,,,1633328043941847042,here’s wishing you and your loved ones a colorful elegant holi holi timexindia holi timex timelesslytimex,,,0,0,2,1678250726000
timex india,,timexindia,1632730035668013058,15,,,photo,,,,,,,,,,1632730035668013058,leave them awestruck that’s your power timelesslytimex available on the timexindia website shop now timex wedontstop wotd stylishwatches fashion watches timexindia,,,0,0,4,1678108149000
timex india,,timexindia,1632326295802773506,25,,,photo,,,,,,,,,,1632326295802773506,pov pretty is always the best mood timelesslytimex available on the timexindia website shop now timex wedontstop wotd stylishwatches fashion watches rosegold fria,,,0,1,3,1678011890000
timex india,,timexindia,1631876620368875520,88,,,photo,,,,,,,,,,1631876620368875520,she is fearless she is stylish she is her celebrate the women in your life with a timeless gift here’s how → tag the most fearless amp stylish woman in your life → tell us why she inspires you → like our page amp follow us,,,4,58,55,1677904679000
timex india,,timexindia,1631611197945675780,15,,,photo,,,,,,,,,,1631611197945675780,wear a watch that makes them stop and stare timelesslytimex available on the timexindia website shop now timex wedontstop wotd stylishwatches fashion watches,,,0,0,5,1677841398000
timex india,,timexindia,1631206171486085120,14,,,photo,,,,,,,,,,1631206171486085120,life’s what you make it so let’s make it timeless timelesslytimex available on the timexindia website shop now timex wedontstop wotd stylishwatches fashion watches rosegold,,,1,0,0,1677744832000
timex india,,timexindia,1630560190721294342,6,,,photo,,,,,,,,,,1630560190721294342,loveloveeveryday​ just giving us lasts of a perfect sweaterweather look to fall back on ​ available on the timexindia website shop now ​​ ⌚ waterbury ocean collection​ timex wedontstop sustainability ​waterbury recycle,,,1,0,0,1677590818000
timex india,,timexindia,1629730502604386304,12,,,video,,,,,,,,,,1629730502604386304,pov its time to go bananas together ​ timex brings its firstever customizable amp phygital timepiece in partnership with the boredapeyachtclub community,,,0,2,3,1677393005000
timex india,,timexindia,1629360338729848832,8,,,,,,,,,,,,,1629360338729848832,a gentle reminder don’t forget to give them a rose on your brunch date tomorrow because every day is rose day when you’re with bae loveloveeveryday,,,1,1,1,1677304751000
timex india,,timexindia,1628370865015427073,11,,,photo,,,,,,,,,,1628370865015427073,loveloveeveryday all your look needs is a kiss of charm available on the timexindia website shop now ⌚ timex fria collection timex femalecollection wotd stylishwatches fashion wedontstop fria timexwomen,,,1,0,0,1677068842000
timex india,,timexindia,1627621732621365248,13,,,photo,,,,,,,,,,1627621732621365248,loveloveeveryday dream a little dream of fria available on the timexindia website shop now ⌚ timex fria collection timex wedontstop femalecollection wotd stylishwatches fashion wedontstop fria timexwomen,,,0,0,2,1676890235000
timex india,,timexindia,1626814474853449728,9,,,,,,,,,,,,,1626814474853449728,this is your sign to remind them are you timex because i can watch you all day long loveloveeveryday,,,1,0,2,1676697770000
timex india,,timexindia,1626217868617744385,10,,,photo,,,,,,,,,,1626217868617744385,loveloveeveryday all rose pinks and sprinkles of sparkles make for a perfect wristwear agree to agree available on the timexindia website shop now ⌚ timex fria collection timex wedontstop womencollection wotd stylishwatches fashion,,,0,0,1,1676555528000
timex india,,timexindia,1625343833528758272,29,,,video,,,,,,,,,,1625343833528758272,mood loveloveeveryday because they deserve to feel magical always and forever​ ​ happy valentine’s day​ valentinesday vday valentinesday timexindia timex,,,1,2,10,1676347141000
timex india,,timexindia,1624997634200211457,197,,,video,,,,,,,,,,1624997634200211457,loveloveeveryday and pick your style inspiration with us heres how → mark the gift box with our magic watch → post the screenshot in the comments amp tag or dm us your entry → like our page amp follow us,,,20,224,154,1676264601000
timex india,,timexindia,1624620577184169985,40,,,photo,,,,,,,,,,1624620577184169985,loveloveeveryday for that special someone who deserves more than a hug available on the timexindia website shop now ⌚ timex analog black dial timex hugday automaticscollection wotd watches stylishwatches fashion mensfashion style valentinesweek,,,0,3,9,1676174704000
timex india,,timexindia,1624268640504905728,29,,,,,,,,,,,,,1624268640504905728,confused about how to style goldwatches for your dinner date tonight tip make sure that your gold watch is the most flashy focused part of your outfit protip dont forget to compliment your date as soon as you arrive loveloveeveryday valentinesweek,,,0,0,6,1676090796000
timex india,,timexindia,1624268573689675776,23,,,photo,,,,,,,,,,1624268573689675776,loveloveeveryday a promise that lasts forever promiseday available on the timexindia website shop now ⌚ timex analog silver dial ​ timex promiseday analogcollection wotd watches stylishwatches fashion valentinesweek,,,0,3,7,1676090780000
timex india,,timexindia,1623895132838981634,22,,,photo,,,,,,,,,,1623895132838981634,loveloveeveryday cuteness that redefines style teddyday available on the timexindia website shop now ⌚ timex analog ​ timex teddyday analogcollection wotd watches stylishwatches fashion mensfashion style valentinesweek,,,0,2,4,1676001744000
timex india,,timexindia,1623685549755179008,21,,,photo,,,,,,,,,,1623685549755179008,loveloveeveryday pov chocolates won’t keep them happy forever chocolatesday available on the timexindia website shop now ⌚ timex analog ​ timex chocolateday analogcollection wotd watches stylishwatches fashion valentinesweek,,,0,2,4,1675951776000
timex india,,timexindia,1623185082545745920,17,,,photo,,,,,,,,,,1623185082545745920,loveloveeveryday pov a classic timex is a perfect match for your date night available on the timexindia website shop now ⌚ timex automatics ​ timex proposeday automaticscollection wotd watches stylishwatches valentinesweek,,,0,1,5,1675832455000
timex india,,timexindia,1622907579260338178,22,,,photo,,,,,,,,,,1622907579260338178,mood stylish watches amp you just us two happyroseday loveloveeveryday timex waterbury,,,1,1,5,1675766293000
timex india,,timexindia,1622499311337750529,16,,,photo,,,,,,,,,,1622499311337750529,loveloveeveryday its time to feel the love available on the timexindia website shop now ⌚ timex fria timex wedontstop malecollection wotd stylishwatches fashion,,,0,1,3,1675668955000
timex india,,timexindia,1621862267397742592,10,,,,,,,,,,,,,1621862267397742592,the best valentines day gift,,,0,1,3,1675517071000
timex india,,timexindia,1621477050577219584,13,,,photo,,,,,,,,,,1621477050577219584,loveloveeveryday adding a hint of gold to brighten up your day available on the timexindia website shop now ⌚ timex analog timex wedontstop malecollection wotd stylishwatches fashion,,,0,0,5,1675425229000
timex india,,timexindia,1620737549986856963,12,,,photo,,,,,,,,,,1620737549986856963,loveloveeveryday why wait to gift yourself some timex available on the timexindia website shop now ⌚ timex analog blue dial timex wedontstop malecollection wotd stylishwatches fashion,,,1,1,3,1675248918000
timex india,,timexindia,1619684048393351169,19,,,,,,,,,,,,,1619684048393351169,confused about how to wear metal watch bands a goldplated watch would fit best with earthy tones while silver goes with grey blue and black let the glam games begin getglammedwithtimex sundayfunday,,,0,1,4,1674997744000
timex india,,timexindia,1619238451907526656,11,,,video,,,,,,,,,,1619238451907526656,its time for dodge every obstacle while racing against time ⌛ to join use island code timex raceagainsttimex fortnitecreative,,,1,0,0,1674891505000
timex india,,timexindia,1618881318682759168,9,,,photo,,,,,,,,,,1618881318682759168,getglammedwithtimex​ giving fridaynight vibe ​ available on the timexindia website shop now ​ ⌚ q timex​ ​timex wedontstop qtimex quatrz timexq reissue,,,0,0,4,1674806358000
timex india,,timexindia,1618450583379390465,6,,,video,,,,,,,,,,1618450583379390465,pov its time to celebrate the spirit of diversity in style 🇮🇳 reels explore happyrepublicday republicday republicday,,,0,0,2,1674703663000
timex india,,timexindia,1617125551394942977,12,,,,,,,,,,,,,1617125551394942977,pov your bridetobe bff will adore the timex watch youre planning to gift her get shopping getglammedwithtimex weddingseason sundayfunday,,,1,1,3,1674387750000
timex india,,timexindia,1616774175175364610,11,,,photo,,,,,,,,,,1616774175175364610,getglammedwithtimex oceanviews with a watch that suites available on the timexindia website shop now ⌚ malibu collection ​timex watchcollection wristcheck wedontstop watch malibu oceanvibes,,,0,1,3,1674303976000
timex india,,timexindia,1616038227894493185,9,,,photo,,,,,,,,,,1616038227894493185,getglammedwithtimex a little black amp yellow never hurt nobody available on the timexindia website shop now ⌚ ceramic collection timex timexindia ceramics ceramiccollection timexwatches menswatch giftoftime,,,1,0,4,1674128512000
timex india,,timexindia,1614627467129679874,18,,,,,,,,,,,,,1614627467129679874,things hed like to hear on your date today​ your style game is onpoint​ your timexfit watch is a vibe​ youre welcome ladies getglammedwithtimex sundayfunday,,,0,0,4,1673792161000
timex india,,timexindia,1613149015016865794,14,,,photo,,,,,,,,,,1613149015016865794,getglammedwithtimex​ we know you want it then why not just get shopping ️​ available on the timexindia website shop now ​ ⌚ fria collection ​ ​timex wedontstop fria timexwomen,,,1,0,3,1673439670000
timex india,,timexindia,1612030922316218371,20,,,,,,,,,,,,,1612030922316218371,heading out in the cold and confused about how to flaunt your timex watch dont roll up your sleeve wear it over your sweater instead trust us it’s trending getglammedwithtimex sundayfunday,,,0,0,3,1673173096000
timex india,,timexindia,1611306648139890688,21,,,photo,,,,,,,,,,1611306648139890688,quality timekeeping forever zomato blinkit zomatoblinkit blinkitzomatotrend trending momentmarketing topicalspot,,,2,1,4,1673000416000
timex india,,timexindia,1610895485908418560,15,,,photo,,,,,,,,,,1610895485908418560,getglammedwithtimex​ let your stylish buddy plan your outfit ​ available on the timexindia website shop now ​ ⌚ malibu collection​ ​timex watchcollection wristcheck wedontstop watch waterbury indiglo summer malibu oceanvibes,,,0,0,3,1672902387000
timex india,,timexindia,1610599916350623744,35,,,photo,,,,,,,,,,1610599916350623744,thank you everyone for participating in our timex christmas contest stay tuned for more such exciting giveaways big congratulations to on winning a timex watch please dm us your details to avail your prize christmascontest giveaway,,,1,5,6,1672831918000
timex india,,timexindia,1610246930294247426,13,,,photo,,,,,,,,,,1610246930294247426,getglammedwithtimex just us giving you a corporate vibe for the week available on the timexindia website shop now ⌚ timex automatics​ timex automaticscollection wotd watches stylishwatches,,,1,0,3,1672747759000
timex india,,timexindia,1609505189832314880,19,,,,,,,,,,,,,1609505189832314880,pov new year new beginnings ​​ today is the first sunday of ​ what do you think will keep you glammed up for tell us your style story in words​ getglammedwithtimex sundayfunday,,,0,8,8,1672570915000
timex india,,timexindia,1609255792636751872,12,,,video,,,,,,,,,,1609255792636751872,ticking to new journeys opportunities and styles happy new year goodbye welcome happy happynewyear,,,0,0,4,1672511454000
timex india,,timexindia,1609046947570257922,16,,,photo,,,,,,,,,,1609046947570257922,ending in style ​ available on the timexindia website shop now​ ​ ⌚ digital​​ ​timex timexindia timexsmartcalling fitnesswatch watchcollection smartwatch christmas happyholidays holidayseason newyears,,,1,0,3,1672461661000
timex india,,timexindia,1608468850026352640,19,,,photo,,,,,,,,,,1608468850026352640,giving the gift of sustainability available on the timexindia website shop now ​ ⌚ timex waterbury ocean​ timex plasticfree sustainability wastetowrist wedontstop christmas happyholidays holidayseason newyears,,,1,0,4,1672323832000
timex india,,timexindia,1607743796124745730,14,,,photo,,,,,,,,,,1607743796124745730,don’t mind us complimenting your holiday look ‍️​ available on the timexindia website shop now​ ​ ⌚ q timex color series​ ​timex wedontstop qtimex quatrz timexq reissue christmas happyholidays holidayseason newyears,,,0,1,5,1672150966000
timex india,,timexindia,1606891521223299074,24,,,video,,,,,,,,,,1606891521223299074,giftoftime​ we wish you a merry merry christmas amp a happynewyear ​ available on the timexindia website shop now​ ​ ⌚ timex analog​ timex christmas marrychristmas christmas christmasspirit christmastime happynewyear,,,1,0,2,1671947767000
timex india,,timexindia,1605783915196665856,320,,,photo,,,,,,,,,,1605783915196665856,this christmas win an early present ​ here’s how​ ​ → tell us which route would you use to reach the timex watch​ ​ → post the screenshot on comments amp tag or dm us your entry ​ → follow us​ ​ contest ends on wednesday dec am hurry,,,34,427,247,1671683694000
timex india,,timexindia,1605194937787899905,29,,,photo,,,photo,,,photo,,,,1605194937787899905,a stitch in time saves style ​ available on the timexindia website shop now ​ ​timex wedontstop qtimex quatrz timexq reissue joytoyourwardrobe giftoftime,,,0,0,3,1671543270000
timex india,,timexindia,1604811471980236801,15,,,photo,,,,,,,,,,1604811471980236801,trust us to bring in the vibes ​ available on the timexindia website shop now​ ​ ⌚ q​ timex​ ​timex wedontstop qtimex quatrz timexq reissue christmasspirit christmastime happyholidays holidayseason newyears,,,0,0,1,1671451845000
timex india,,timexindia,1603719003897069568,14,,,photo,,,photo,,,,,,,1603719003897069568,pov a celebrated heritage of watchmaking ​ available on the timexindia website shop now​ ​ timex timexlegacy heritageoftimex timelesswithtimex watches stylishwatches craftsmanship madefromstratch,,,0,0,1,1671191380000
timex india,,timexindia,1602271561792135168,17,,,photo,,,,,,,,,,1602271561792135168,life’s better when mondayblues come with style​ available on the timexindia website shop now ​​ ​ ⌚ timex analog​ timex wedontstop watches stylishwatches timexanalog,,,0,1,2,1670846283000
timex india,,timexindia,1600116616905510914,14,,,photo,,,,,,,,,,1600116616905510914,crafted to become a wearable wonder ‍️​ timex timexlegacy heritageoftimex timelesswithtimex watches stylishwatches craftsmanship madefromscratch,,,0,0,2,1670332504000
timex india,,timexindia,1599353987257757696,18,,,video,,,,,,,,,,1599353987257757696,crafted from the hands of a perfectionist ​ timex timexlegacy heritageoftimex timelesswithtimex watches stylishwatches craftsmanship madefromscratch,,,0,2,4,1670150679000
timex india,,timexindia,1598675489778171904,20,,,photo,,,,,,,,,,1598675489778171904,made over the years designed to perfection in time⏱️ ​ timex timexlegacy heritageoftimex timelesswithtimex watches stylishwatches craftsmanship madefromstratch,,,0,0,3,1669988913000
timex india,,timexindia,1597927193094782977,8,,,photo,,,,,,,,,,1597927193094782977,ankit chopra preaching us wednesdaywisdom with a poolside fit for the wrist ​ ⌚ timex automatics​ available on the timexindia website shop now timex automaticscollection wotd watches stylishwatches,,,0,1,1,1669810505000
timex india,,timexindia,1597136774928961536,8,,,photo,,,,,,,,,,1597136774928961536,get them asking where you got it from ​ available on the timexindia website shop now ⌚ m automatic​ ​​timex timexindia timexm mautomatic wristcheck watchesformen watchcollection watchmania watchoftheday wotd,,,0,0,3,1669622055000
timex india,,timexindia,1596494007437139969,9,,,photo,,,,,,,,,,1596494007437139969,staying classy is our favorite sport available on the timexindia website shop now ​ ⌚️ timex automatics​ seen here nitin sethi timex automaticscollection wotd watches stylishwatches,,,0,0,0,1669468807000
timex india,,timexindia,1595752790806392832,5,,,video,,,,,,,,,,1595752790806392832,yes blush is our vibe​ available on the timexindia website shop now ⌚ malibu ​ timex watchcollection wristcheck wedontstop watch waterbury indiglo summer malibu oceanvibes,,,0,0,1,1669292087000
timex india,,timexindia,1595043246534795267,9,,,video,,,,,,,,,,1595043246534795267,for if you’re always in the mood for the beach ️​ available on the timexindia website shop now ​ ⌚ malibu ​ timex watchcollection wristcheck wedontstop watch waterbury indiglo summer malibu oceanvibes,,,0,0,1,1669122919000
timex india,,timexindia,1594199683706281984,11,,,photo,,,,,,,,,,1594199683706281984,nitin sethi striking in style before all the mondayblues​ available on the timexindia website shop now ​ ⌚ timex automatics​ timex automaticscollection wotd watches stylishwatches menstyle menfashion watchesformen,,,0,0,0,1668921798000
timex india,,timexindia,1593893281490173952,67,,,photo,,,,,,,,,,1593893281490173952,thank you everyone for participating in our timex childrensday contest stay tuned for more such exciting giveaways big congratulations to on winning a timex watch please dm us your details to avail your prize childrensday giveaway,,,2,16,12,1668848746000
timex india,,timexindia,1593590769050263554,12,,,photo,,,,,,,,,,1593590769050263554,acting flossy is timeless ​ available on the timexindia website shop now ​ ⌚ timex celestial opulence​ timex stars zodiac zodiacsigns starrymoment,,,0,1,2,1668776621000
timex india,,timexindia,1592870367588405249,11,,,photo,,,,,,,,,,1592870367588405249,winning a glam moment for you ​ ​ available on the timexindia website shop now ​ ⌚ timex celestial opulence​ timex stars zodiac zodiacsigns starrymoment,,,0,2,5,1668604864000
timex india,,timexindia,1592072564700229632,61,,,photo,,,,,,,,,,1592072564700229632,thank you everyone for participating in our timex halloween contest stay tuned for more such exciting giveaways big congratulations to on winning a timex watch please dm us your details to avail your prize halloween giveaway,,,1,15,13,1668414653000
timex india,,timexindia,1592012700158394368,26,,,video,,,,,,,,,,1592012700158394368,a gentle reminder never forget to celebrate your inner child ​ available on the timexindia website shop now ​ ​ ⌚ waterbury ocean​ childrensday childrensdayspecial backintime childhood,,,0,2,9,1668400380000
timex india,,timexindia,1591289690405343232,550,,,video,,,,,,,,,,1591289690405343232,contestalert ​ this childrensday let us take you back in time heres how​ → take a perfect screenshot with our watch​ → post the screenshot on comments amp tag or dm us your entry​ → follow us​ contest ends on tuesday nov am hurry contest,,,47,718,413,1668228001000
timex india,,timexindia,1590707866432077828,45,,,photo,,,,,,,,,,1590707866432077828,gets you ticking till the weekend​ available on the timexindia website shop now ​ ​ ⌚ timex q​​​​ timex wedontstop qtimex quatrz timexq reissue,,,0,3,14,1668089283000
timex india,,timexindia,1589960993664552966,29,,,photo,,,,,,,,,,1589960993664552966,certified to style your vibe ️ available on the timexindia website shop now ⌚ m automatic timex timexm mautomatic wristcheck watchesformen watchcollection watchmania watchoftheday wotd,,,0,0,9,1667911215000
timex india,,timexindia,1589254482680242177,23,,,photo,,,,,,,,,,1589254482680242177,pov it’s time to go on an adventure ️ available on the timexindia website shop now ⌚ m automatic timex timexindia timexm mautomatic wristcheck watchesformen watchcollection watchmania watchoftheday wotd,,,0,0,4,1667742770000
timex india,,timexindia,1588427809877561344,20,,,photo,,,,,,,,,,1588427809877561344,rajeev rana giving us serious beige goals available on the timexindia website shop now timexfit timex timexwatches fitnesswatch smartwatch watchesformen watchcollection watchmania watchoftheday wotd,,,0,1,4,1667545676000
timex india,,timexindia,1586941847548502017,24,,,video,,,,,,,,,,1586941847548502017,pov the perfect halloween accessory available on the timex india website shop now ⌚ celestial opulence timex timexindia halloween happyhalloween halloween halloweenspirit halloweentime,,,0,1,5,1667191395000
timex india,,timexindia,1586214588844212225,234,,,video,,,,,,,,,,1586214588844212225,this halloween pick your own style inspo with us heres how → mark the gift box with our celestial magicwatch → post the screenshot on comments amp tag or dm us your entry → follow us contest ends on wednesday nov am hurry halloween,,,16,304,187,1667018003000
timex india,,timexindia,1585526333362163712,30,,,photo,,,,,,,,,,1585526333362163712,matchin’ your style but with a pinch of spook available on the timex india website shop now ⌚ timex fit timex timexindia halloween happyhalloween halloween happyhalloween halloweenspirit halloweentime,,,0,3,9,1666853910000
timex india,,timexindia,1585122595988705280,22,,,photo,,,,,,,,,,1585122595988705280,illuminate with style available on the timex india website shop now ⌚ timex fria timex timexindia timexwomen wedontstop fria bhaidooj bhaidooj,,,0,3,3,1666757651000
timex india,,timexindia,1584405726801563649,15,,,video,,,,,,,,,,1584405726801563649,let’s keep the festive sprit high happydiwali available on the timex india website shop now ⌚ timex fria timex timexindia timexwomen wedontstop fria diwali diwalicelebration diwali,,,0,0,3,1666586736000
timex india,,timexindia,1583680428656848896,12,,,photo,,,,,,,,,,1583680428656848896,style like the lights available on the timex india website shop now ⌚ timex fria timex timexindia timexwomen wedontstop fria diwali diwalicelebration diwali,,,0,0,2,1666413812000
timex india,,timexindia,1581663019154620416,10,,,photo,,,,,,,,,,1581663019154620416,always on time ​ available on the timex india website shop now​ ​ ⌚ timex q​​ ​timex timexindia wedontstop qtimex quatrz timexq reissue,,,0,2,3,1665932824000
timex india,,timexindia,1580899627271737344,11,,,photo,,,,,,,,,,1580899627271737344,a timex that keeps on ticking​ available on the timex india website shop now ​ ​ ⌚ timex q​​ ​timex timexindia wedontstop qtimex quatrz timexq reissue,,,0,0,2,1665750817000
timex india,,timexindia,1580201258480152576,10,,,photo,,,photo,,,photo,,,,1580201258480152576,anagha tanwar flaunting a perfect watch for both your formal and casual looks​ available on the timex india website shop now ​ ⌚ timex fit square​ timex timexindia timexfit smartwatch fitnesswatch timexsmartcalling squarecalling,,,0,0,1,1665584313000
timex india,,timexindia,1579433651888345088,10,,,photo,,,,,,,,,,1579433651888345088,more than just a watch ​ available on the timex india website shop now ​ ​ ⌚ m automatic​​ timex timexindia timexm mautomatic watchcollection wristcheck,,,0,2,4,1665401301000
timex india,,timexindia,1578697216067538944,11,,,photo,,,photo,,,photo,,,,1578697216067538944,gitanjali pathak sporting her timex fit who’s your companion of choice​ available on the timex india website shop now ⌚ timex fit square​ timex timexindia timexfit smartwatch fitnesswatch timexsmartcalling squarecalling,,,0,0,2,1665225721000
timex india,,timexindia,1578041666099122177,17,,,photo,,,,,,,,,,1578041666099122177,explore uncharted waters with confidence ​ available on the timex india website shop now ​ ​ ⌚ waterbury dive​​ timex timexindia wedontstop classicwatch waterbury dive,,,0,0,2,1665069426000
timex india,,timexindia,1577271597597360129,10,,,photo,,,,,,,,,,1577271597597360129,switch the game amp flaunt your style​ available on the timex india website shop now ​ ​ ⌚ switch it up collection​ timex timexindia switchitflauntit giftthemtime,,,0,0,3,1664885827000
timex india,,timexindia,1576553328816705537,15,,,photo,,,,,,,,,,1576553328816705537,elegance redefined…​ available on the timex india website shop now ​ ​ ⌚ waterbury automatic ​​ timex timexindia wedontstop classicwatch waterbury dive,,,0,1,3,1664714579000
timex india,,timexindia,1575845843625660421,11,,,photo,,,,,,,,,,1575845843625660421,our ode to a classy taste​ available on the timex india website shop now​ ​ ⌚ timex q​ timex timexindia wedontstop qtimex quatrz timexq reissue,,,0,1,4,1664545901000
timex india,,timexindia,1575102820981698560,7,,,photo,,,,,,,,,,1575102820981698560,add to cart add to style​ available on the timex india website shop now​ ​ ⌚ digital​ timex timexindia timexsmartcalling fitnesswatch watchcollection smartwatch,,,0,0,2,1664368751000
timex india,,timexindia,1574377946092957696,15,,,photo,,,,,,,,,,1574377946092957696,mondays are for mint hues ​ available on the timex india website shop now​ ​ ⌚ waterbury dive​ timex timexindia wedontstop classicwatch waterbury dive,,,0,0,1,1664195927000
timex india,,timexindia,1573673708215885826,10,,,photo,,,,,,,,,,1573673708215885826,choose tech with trend for life ​ available on the timex india website shop now​ ​ ⌚ digital​ timex timexindia timexsmartcalling fitnesswatch watchcollection smartwatch,,,0,3,2,1664028024000
timex india,,timexindia,1573163939831357442,9,,,photo,,,,,,,,,,1573163939831357442,pov perfection meets quartz​ available on the timex india website shop now ​ ⌚ q timex color series​ timex timexindia wedontstop qtimex quatrz timexq reissue,,,0,0,1,1663906485000
timex india,,timexindia,1572201481838956545,6,,,photo,,,,,,,,,,1572201481838956545,act bold with fashion but make it sustainable​ available on the timex india website shop now ​ ⌚ timex waterbury ocean​ timex timexindia timex waterburyocean saveouroceans sustainability plasticfree wastetowrist wedontstop,,,0,1,1,1663677018000
timex india,,timexindia,1571474746507927552,7,,,photo,,,,,,,,,,1571474746507927552,sandeep rai flaunts his sass with our allnew timex automatics with a jewel automatic movement that reads your style in a beat​ available on the timex india website shop now ​​ ⌚ automatics ​ timex timexindia wedontstop automatics jewel,,,0,0,1,1663503750000
timex india,,timexindia,1570734210025160708,6,,,photo,,,,,,,,,,1570734210025160708,a fulltouch smartwatch packed with features​ available on the timex india website shop now​ ​ ⌚ digital​ timex timexindia timexsmartcalling fitnesswatch watchcollection smartwatch,,,0,1,1,1663327193000
timex india,,timexindia,1570045803791798272,7,,,photo,,,photo,,,,,,,1570045803791798272,sagar choudhary with an iconic openheart dial design that brings traditionalstyle to life​ available on the timex india website shop now ​ ​ ⌚ automatics ​ timex timexindia wedontstop automatics jewel,,,0,0,1,1663163064000
timex india,,timexindia,1569306729443368963,5,,,video,,,,,,,,,,1569306729443368963,crafted with stainless steel and elevated with a jewel automatic movement read ultrachic​ available on the timex india website shop now ​ ⌚ m automatic​ timex timexindia timexm mautomatic watchcollection wristcheck,,,0,1,1,1662986855000
timex india,,timexindia,1568461812840165378,7,,,photo,,,,,,,,,,1568461812840165378,welcome a wave of change ​ available on the timex india website shop now ​ ⌚ timex waterbury ocean​ timex timexindia timex waterburyocean saveouroceans sustainabilitymatters plasticfree sustainability wastetowrist wedontstop,,,0,1,1,1662785411000
timex india,,timexindia,1567739115151527942,7,,,video,,,,,,,,,,1567739115151527942,may the festive spirit of onam bring happiness light amp prosperity for you and your loved ones happyonam onam onamcelebration onamwishes,,,0,0,1,1662613106000
timex india,,timexindia,1567726183894208513,8,,,photo,,,,,,,,,,1567726183894208513,turnup your automatics game with the foreverclassic quartz analog​ ​available on the timex india website shop now ​ ⌚ timex q​ ​timex timexindia wedontstop qtimex quatrz timexq reissue,,,0,0,1,1662610023000
timex india,,timexindia,1567026827452882944,9,,,photo,,,,,,,,,,1567026827452882944,our firstofitskind oceanbound timepiece that sways with style​ available on the timex india website shop now ⌚ timex waterbury ocean​ timex timexindia timex waterburyocean saveouroceans sustainability plasticfree wastetowrist,,,0,0,1,1662443284000
timex india,,timexindia,1566281520007954432,8,,,photo,,,,,,,,,,1566281520007954432,stay on top of your workfromhome game with a bold stainlesssteel timepiece​ available on the timex india website shop now ⌚ work from home​ timex timexindia wedontstop qtimex quatrz timexq reissue,,,0,1,1,1662265589000
timex india,,timexindia,1565554738384384001,6,,,video,,,,,,,,,,1565554738384384001,from surf to street this playful look is inspired by the beaches of malibu available on the timex india website shop now ⌚ malibu timex timexindia watchcollection wristcheck wedontstop watch waterbury indiglo summer malibu oceanvibes,,,0,0,1,1662092310000
timex india,,timexindia,1564840588113235968,5,,,photo,,,,,,,,,,1564840588113235968,add a bright pop of color to the iconic features of the classic ​ available on the timex india website shop now ​ ​ ⌚ q timex color series​ timex timexindia wedontstop qtimex quatrz timexq reissue,,,0,0,1,1661922044000
timex india,,timexindia,1564125275893338112,4,,,video,,,,,,,,,,1564125275893338112,feel the breeze of malibu with a timepiece which represents the surf to turf lifestyle​ available on the timexindia website shop now ​ ​ ⌚ malibu​ watchcollection wristcheck wedontstop watch waterbury indiglo summer malibu,,,2,0,1,1661751500000
timex india,,timexindia,1563393857236398080,6,,,photo,,,,,,,,,,1563393857236398080,legendary durability rich design and a purposeful step towards a sustainable future ​ available on the timexindia website shop now ⌚ timex waterbury ocean saveouroceans sustainabilitymatters tideoceanmaterial plasticfree,,,0,0,2,1661577116000
timex india,,timexindia,1562659975230410755,20,,,video,,,,,,,,,,1562659975230410755,here’s with her timex gym partner enjoying a pool of features that compliment her workout get your timexfit today​ available on the timexindia website shop now ​ ⌚ timex fit square​ timexfit fitnesswatch squarecalling,,,0,1,4,1661402145000
timex india,,timexindia,1561936277506760707,5,,,photo,,,,,,,,,,1561936277506760707,the waterbury ocean is a stylish timepiece created from plastic waste into a premium watch wearthetime available on the timexindia website shop now ⌚ timex waterbury ocean saveouroceans sustainabilitymatters tideoceanmaterial plasticfree,,,0,0,1,1661229602000
timex india,,timexindia,1561213201303629824,9,,,photo,,,,,,,,,,1561213201303629824,m inspired by the s q timex and elevated with a jewel automatic movement​ ​ available on the timex india website shop now ​ ​ ⌚ m automatic​ timex timexindia timexm mautomatic watchcollection wristcheck,,,0,1,1,1661057207000
timex india,,timexindia,1560499931458129921,9,,,photo,,,,,,,,,,1560499931458129921,perfection introduced with a precise quartz mechanism available on the timex india website shop now ⌚ q timex color series timex timexindia wedontstop qtimex quatrz timexq reissue,,,0,0,2,1660887151000
timex india,,timexindia,1559770904321634305,12,,,photo,,,,,,,,,,1559770904321634305,your companion in style amp sophistication available on the timex india website shop now ⌚ m automatic timex timexindia timexm mautomatic watchcollection wristcheck,,,0,1,2,1660713337000
timex india,,timexindia,1559160915445948417,8,,,photo,,,,,,,,,,1559160915445948417,watch every element oscillate available on the timex india website shop now ⌚ automatics timex timexindia wedontstop automatics jewel,,,0,1,1,1660567904000
timex india,,timexindia,1558325774972702721,12,,,photo,,,,,,,,,,1558325774972702721,add a pop of color with the malibu collection available on the timex india website shop now ⌚ malibu timex timexindia watchcollection wristcheck wedontstop watch waterbury indiglo summer malibu,,,0,0,2,1660368791000
timex india,,timexindia,1557586541882785792,11,,,photo,,,,,,,,,,1557586541882785792,glimpse into the rugged mechanics with an openheart dial design available on the timex india website shop now ⌚ automatics timex timexindia wedontstop automatics jewel,,,0,0,1,1660192544000
timex india,,timexindia,1556860896068390913,6,,,photo,,,,,,,,,,1556860896068390913,chic and strange vibes – just the way we like it muskan bamne slaying in the timexxstrangerthings t available on the timexindia website shop now ⌚ timex x stranger things strangerthings upsidedown netflix,,,0,0,1,1660019537000
timex india,,timexindia,1555424304447102984,10,,,photo,,,,,,,,,,1555424304447102984,we’re redesigning our past to take care of our future ⏪⏩ available on the timexindia website shop now ⌚ timex waterbury ocean waterburyocean saveouroceans sustainabilitymatters tideoceanmaterial plasticfree wastetowrist wedontstop,,,0,1,3,1659677027000
timex india,,timexindia,1554695339135102977,9,,,photo,,,,,,,,,,1554695339135102977,we are not only obsessed with strangerthings but we are also obsessed ’s look with our timex camper available on the timex india website shop now ⌚ timex x stranger things timexxstrangerthings upsidedown netflix,,,0,0,2,1659503228000
timex india,,timexindia,1553979450098065408,5,,,photo,,,,,,,,,,1553979450098065408,mondaymotivation with a funky style up your sleeve 🆘 available on the timex india website shop now ⌚ timex x stranger things timex timexindia timexxstrangerthings strangerthings upsidedown netflix,,,0,0,1,1659332547000
timex india,,timexindia,1553245553848635393,13,,,photo,,,,,,,,,,1553245553848635393,dive into uncharted waters with confidence you can only expect with a timex available on the timexindia website shop now ⌚ timex waterbury ocean waterburyocean saveouroceans tideoceanmaterial plasticfree sustainability wastetowrist,,,0,0,3,1659157572000
timex india,,timexindia,1552540819109793792,11,,,photo,,,,,,,,,,1552540819109793792,stranger times are upon us available on the timex india website shop now ⌚ timex x stranger things timex timexindia timexxstrangerthings strangerthings upsidedown netflix,,,0,0,4,1658989550000
timex india,,timexindia,1551807142553743361,7,,,photo,,,,,,,,,,1551807142553743361,from pollution to solution from waste to wrist – let’s make the world a better place to live available on the timex india website shop now ⌚ timex waterbury ocean timex timexindia waterburyocean saveouroceans wedontstop,,,1,0,3,1658814628000
timex india,,timexindia,1551111148925161472,8,,,photo,,,,,,,,,,1551111148925161472,bringing you the timex atlantis ft indiglo®️ backlight with a hidden image can you guess what’s that image comment below available on the timexindia website shop now ⌚ timexxstrangerthings strangerthings upsidedown netflix,,,0,0,1,1658648690000
timex india,,timexindia,1550354031956017153,8,,,photo,,,,,,,,,,1550354031956017153,an estimated million tons of waste finds its way into the sea every year it’s an endemic that affects marine life every day here’s to the innovation that makes a difference shop now on timexindia ⌚ timex waterburyocean timex saveouroceans,,,0,0,1,1658468180000
timex india,,timexindia,1549624478090403840,2,,,photo,,,,,,,,,,1549624478090403840,crafted from upcycled oceanbound plastic – the grey that makes the oceans gold️ available on the timex india website shop now ⌚ timex waterbury ocean timex timexindia waterburyocean saveouroceans plasticfree wastetowrist wedontstop,,,0,1,1,1658294240000
timex india,,timexindia,1548879219786395648,3,,,photo,,,photo,,,,,,,1548879219786395648,looking rad with that timexxstrangerthings red available on the timex india website shop now ⌚ timex x stranger things timex timexindia timexxstrangerthings strangerthings netflix,,,0,0,1,1658116557000
timex india,,timexindia,1548236667873415168,3,,,photo,,,,,,,,,,1548236667873415168,it’s sweet summertime but let’s make it sustainable ️ available on the timex india website shop now ⌚ timex waterbury ocean timex timexindia waterburyocean saveouroceans tideoceanmaterial plasticfree wastetowrist wedontstop,,,0,1,1,1657963361000
timex india,,timexindia,1547453036389453826,5,,,photo,,,photo,,,,,,,1547453036389453826,uncovering the upsidedown available on the timex india website shop now ⌚ timex x stranger things timex timexindia timexxstrangerthings strangerthings netflix medhabahuguna,,,0,0,2,1657776528000
timex india,,timexindia,1546723253640921089,5,,,video,,,,,,,,,,1546723253640921089,at timex we want to make a sustainable difference in the quest to tackle plastic pollution check out the timex waterburyocean collection available on the timexindia website shop now saveouroceans plasticfree wastetowrist wedontstop,,,0,0,2,1657602535000
timex india,,timexindia,1546030708535091201,10,,,photo,,,,,,,,,,1546030708535091201,code red sass alert available on the timex india website shop now ⌚ timex x stranger things timex timexindia timexxstrangerthings strangerthings netflix donalbisht,,,2,1,5,1657437419000
timex india,,timexindia,1545306496812351488,7,,,video,,,,,,,,,,1545306496812351488,from wastetowrist here’s to making a difference that matters wedontstop ️ available on the timexindia website shop now ⌚ timex waterbury ocean timex waterburyocean saveouroceans tideoceanmaterial plasticfree sustainability,,,0,0,3,1657264753000
timex india,,timexindia,1544591288040706048,105,,,video,,,,,,,,,,1544591288040706048,its time to make a difference️ here’s unveiling our brandnew waterburyocean collection—the first ever timex to be crafted from upcycled oceanbound plastic available on the timexindia website saveouroceans sustainable plasticfree,,,0,9,32,1657094234000
timex india,,timexindia,1543895474796564480,19,,,photo,,,,,,,,,,1543895474796564480,thank you everyone for participating in our timexxstrangerthings contest congratulations on winning yourself the allnew timexxstrangerthings watch stay tuned for more such exciting contests please dm us your details to avail your prize,,,0,7,4,1656928340000
timex india,,timexindia,1543115170989613056,7,,,video,,,,,,,,,,1543115170989613056,the ocean called it needs our help staytuned for what’s coming timex timexindia waterburyocean saveouroceans sustainabilitymatters tideoceanmaterial plasticfree sustainability wastetowrist wedontstop comingsoon,,,0,1,5,1656742301000
timex india,,timexindia,1542831207498452992,5,,,,,,,,,,,,,1542831207498452992,ps its time see you on the other side strangerthings day is finally here amp we cant wait to watch whats happening in the upsidedown this is a gentle reminder to get your timexxstrangerthings watch on before theyre out of the gate,,,0,2,1,1656674598000
timex india,,timexindia,1542388019528728577,10,,,photo,,,,,,,,,,1542388019528728577,about time you open your curiosity door amp be a part of the upsidedown just like available on the timexindia website shop now ⌚ timexxstrangerthings timex strangerthings netflix adityaseal,,,0,1,1,1656568934000
timex india,,timexindia,1541658582449811457,218,,,video,,,,,,,,,,1541658582449811457,from the upsidedown to your wrist here’s your chance to win timexxstrangerthings watch to enter tag your friends tell us which is your favorite character from the show and why ensure youre all following,,,18,308,150,1656395023000
timex india,,timexindia,1540949164548583424,8,,,photo,,,,,,,,,,1540949164548583424,here’s flaunting his timexxstrangerthings watch from the upsidedown available on the timexindia website shop now ⌚ timex x stranger things timex strangerthings netflix,,,0,0,2,1656225884000
timex india,,timexindia,1540195146473410560,11,,,photo,,,,,,,,,,1540195146473410560,bringing you our timex t featuring a customized alarm with the strangerthings melody making it super rad available on the timexindia website shop now ⌚ timexxstrangerthings upsidedown netflix,,,0,0,1,1656046113000
timex india,,timexindia,1539477877636272131,5,,,video,,,,,,,,,,1539477877636272131,the demogorgon made its way out of the darkness and onto our timex camper dial when indiglo is on available on timexindia website shop now ⌚ timexxstrangerthings strangerthings upsidedown netflix,,,0,0,1,1655875102000
timex india,,timexindia,1538754828448731136,8,,,photo,,,,,,,,,,1538754828448731136,our specialedition timex atlantis x stranger things watch features our indiglo® backlight with a hidden image amp a customized alarm that plays the strangerthings melody available on the timexindia website shop now ⌚ timexxstrangerthings,,,0,0,2,1655702714000
timex india,,timexindia,1538041378579415040,4,,,video,,,,,,,,,,1538041378579415040,check out our unforgettable timex atlantis featuring an eerie indiglo image reveal of the mind flayer available on the timexindia website ⌚ timex x stranger things strangerthings upsidedown netflix,,,0,0,1,1655532614000
timex india,,timexindia,1537311585814732800,31,,,video,,,,,,,,,,1537311585814732800,“what is ‘friend’” answer someone who watches strangerthings season with you available on the timexindia website shop now ⌚ timex x stranger things timex timexxstrangerthings upsidedown netflix,,,0,0,10,1655358618000
timex india,,timexindia,1536609540145352705,7,,,video,,,,,,,,,,1536609540145352705,its time see you in the upsidedown ˙uʍop ǝpᴉsdn ǝɥʇ uᴉ noʎ ǝǝs available on the timex india website shop now ⌚ timex x stranger things timex timexxstrangerthings strangerthings netflix,,,0,0,1,1655191237000
timex india,,timexindia,1535499058579615745,11,,,photo,,,photo,,,,,,,1535499058579615745,we can’t wait to show you what’s on the “other side” staytuned timex x stranger things collection is coming to india super soon ⌚ timex x stranger things comingsoon timex strangerthings upsidedown netflix,,,0,0,1,1654926478000
timex india,,timexindia,1534765827635150849,9,,,video,,,,,,,,,,1534765827635150849,the gates to the upsidedown opened amp we got some watches from there staytuned timex x stranger things collection is coming to india super soon comingsoon timex timexindia timexxstrangerthings strangerthings season netflix,,,0,0,1,1654751662000
timex india,,timexindia,1534044701162184704,17,,,photo,,,photo,,,photo,,,,1534044701162184704,listen up mouthbreathers staytuned because our special edition timex x stranger things collection is coming to india super soon ⌚ timex x stranger things comingsoon timex strangerthings upsidedown netflix sƃuᴉɥʇɹǝƃuɐɹʇs,,,0,0,2,1654579732000
timex india,,timexindia,1533315005269299200,10,,,photo,,,,,,,,,,1533315005269299200,bask in the serenity of our malibu watch available on the timex india website shop now ⌚ malibu timex timexindia watchcollection wristcheck wedontstop watch waterbury indiglo summer malibu worldenvironmentday onlyoneearth,,,0,0,2,1654405759000
timex india,,timexindia,1532592739334111232,12,,,video,,,,,,,,,,1532592739334111232,sleek elevated timeless available on the timex india website shop now ⌚ m automatic timex timexindia timexm mautomatic watchcollection wristcheck,,,0,2,2,1654233557000
timex india,,timexindia,1531875348681355264,6,,,photo,,,,,,,,,,1531875348681355264,a tribute to our roots as the waterbury clock company and the strong women who created our earliest timepieces available on the timex india website shop now ⌚ malibu timex timexindia watchcollection wristcheck wedontstop watch waterbury,,,0,0,1,1654062518000
timex india,,timexindia,1531148920914448384,12,,,video,,,,,,,,,,1531148920914448384,inspired by the s q timex and elevated with a new stainlesssteel bracelet and jewel automatic movement this watch is a fresh interpretation of a muchloved icon available on the timexindia website shop now ⌚ m automatic,,,0,1,2,1653889324000
timex india,,timexindia,1530498713914724353,9,,,photo,,,,,,,,,,1530498713914724353,watches inspired by the coastlines of malibu available on the timex india website shop now ⌚ malibu timex timexindia watchcollection wristcheck wedontstop watch waterbury indiglo summer malibu,,,0,0,1,1653734303000
timex india,,timexindia,1529694667528601601,6,,,photo,,,,,,,,,,1529694667528601601,it’s all in the details available on the timex india website shop now ⌚ m automatic timex timexindia timexm mautomatic watchcollection wristcheck,,,0,0,1,1653542603000
timex india,,timexindia,1529322731530989568,3,,,video,,,,,,,,,,1529322731530989568,introducing our malibu collection inspired by summer memories available on the timex india website shop now ⌚ malibu timex timexindia watchcollection wristcheck wedontstop watch waterbury indiglo summer malibu,,,0,0,1,1653453927000
timex india,,timexindia,1528975751042568193,6,,,photo,,,,,,,,,,1528975751042568193,the perfect time to find something for everyone on your nice list available on the timex india website shop now ⌚ m automatic timex timexindia timexm mautomatic watchcollection wristcheck,,,0,0,1,1653371200000
timex india,,timexindia,1528629460991639552,4,,,video,,,,,,,,,,1528629460991639552,get summerready with our watch inspired by the coastlines of malibu available on the timex india website shop now ⌚ malibu timex timexindia watchcollection wristcheck wedontstop watch waterbury indiglo summer malibu,,,0,0,1,1653288638000
timex india,,timexindia,1528272801836449793,6,,,photo,,,,,,,,,,1528272801836449793,featuring a unidirectional black amp blue bezel blue dial with luminous markings this modern watch captures the bold spirit of an era that changed everything available on the timexindia website shop now ⌚ m automatic timex timexm,,,0,0,1,1653203604000
timex india,,timexindia,1527897151497330688,10,,,photo,,,,,,,,,,1527897151497330688,spring for something new this season available on the timex india website shop now ⌚ m automatic timex timexindia timexm mautomatic watchcollection wristcheck,,,0,0,1,1653114042000
timex india,,timexindia,1527521289208233986,7,,,photo,,,photo,,,photo,,,,1527521289208233986,here’s to never stopping we are honored to be named best watch brand in the world by rolling stone magazine ⌚ q timex reissue timex timexindia wedontstop rollingstone watchcollection watchcollector qtimex quartz timexq reissue,,,0,0,1,1653024429000
timex india,,timexindia,1527270936914763776,5,,,photo,,,photo,,,,,,,1527270936914763776,be summer chic just like available on the timex india website shop now timex timexindia wedontstop givenforgenerations fullbloom nandinibhalla cosmopolitianindia cosmopolitan,,,0,1,1,1652964741000
timex india,,timexindia,1526800737455419392,6,,,photo,,,,,,,,,,1526800737455419392,your onthego bluetooth calling partner timex fit available on the timex india website shop now ⌚ timex fit square timex timexindia timexfit smartwatch fitnesswatch timexsmartcalling squarecalling,,,0,0,1,1652852637000
timex india,,timexindia,1526061018593382400,7,,,photo,,,,,,,,,,1526061018593382400,here’s blooming with our full bloom watch available on the timex india website shop now timex timexindia wedontstop givenforgenerations fullbloom ishabhansali,,,0,0,2,1652676274000
timex india,,timexindia,1525364050305028096,8,,,photo,,,,,,,,,,1525364050305028096,it’s time to shine alongside the shimmering swarovski®️ crystal accents available on the timex india website shop now ⌚ celestial opulence timex timexindia wedontstop celestialopulence womenswatch,,,0,1,1,1652510104000
timex india,,timexindia,1524618659393466369,8,,,video,,,,,,,,,,1524618659393466369,to the moon amp back available on the timex india website shop now ⌚ model with moon phase subdial timex timexindia wedontstop celestial womenswatch,,,0,0,2,1652332389000
timex india,,timexindia,1523893144923742432,12,,,photo,,,,,,,,,,1523893144923742432,time to see the stars in a whole new light available on the timex india website shop now ⌚ celestial opulence timex timexindia wedontstop celestialopulence womenswatch,,,0,0,2,1652159412000
