aboutChannelInfo/channelAvatarUrl,aboutChannelInfo/channelDescription,aboutChannelInfo/channelDescriptionLinks/0/text,aboutChannelInfo/channelDescriptionLinks/0/url,aboutChannelInfo/channelDescriptionLinks/1/text,aboutChannelInfo/channelDescriptionLinks/1/url,aboutChannelInfo/channelDescriptionLinks/2/text,aboutChannelInfo/channelDescriptionLinks/2/url,aboutChannelInfo/channelDescriptionLinks/3/text,aboutChannelInfo/channelDescriptionLinks/3/url,aboutChannelInfo/channelId,aboutChannelInfo/channelJoinedDate,aboutChannelInfo/channelLocation,aboutChannelInfo/channelName,aboutChannelInfo/channelTotalVideos,aboutChannelInfo/channelTotalViews,aboutChannelInfo/channelUrl,aboutChannelInfo/channelUsername,aboutChannelInfo/inputChannelUrl,aboutChannelInfo/isAgeRestricted,aboutChannelInfo/isChannelVerified,aboutChannelInfo/numberOfSubscribers,channelAvatarUrl,channelDescription,channelDescriptionLinks/0/text,channelDescriptionLinks/0/url,channelDescriptionLinks/1/text,channelDescriptionLinks/1/url,channelDescriptionLinks/2/text,channelDescriptionLinks/2/url,channelDescriptionLinks/3/text,channelDescriptionLinks/3/url,channelId,channelJoinedDate,channelLocation,channelName,channelTotalVideos,channelTotalViews,channelUrl,channelUsername,commentsCount,commentsTurnedOff,date,descriptionLinks/0/text,descriptionLinks/0/url,descriptionLinks/1/text,descriptionLinks/1/url,descriptionLinks/2/text,descriptionLinks/2/url,descriptionLinks/3/text,descriptionLinks/3/url,descriptionLinks/4/text,descriptionLinks/4/url,descriptionLinks/5/text,descriptionLinks/5/url,descriptionLinks/6/text,descriptionLinks/6/url,descriptionLinks/7/text,descriptionLinks/7/url,descriptionLinks/8/text,descriptionLinks/8/url,descriptionLinks/9/text,descriptionLinks/9/url,descriptionLinks/10/text,descriptionLinks/10/url,descriptionLinks/11/text,descriptionLinks/11/url,duration,error,fromChannelListPage,fromYTUrl,hashtags/0,hashtags/1,hashtags/2,id,input,inputChannelUrl,isAgeRestricted,isChannelVerified,isMembersOnly,isPaidContent,likes,location,note,numberOfSubscribers,order,text,thumbnailUrl,title,translatedText,translatedTitle,type,url,viewCount
,timex group designs manufactures and markets innovative timepieces and jewelry globally timex founded in has expanded to become timex group a privatelyheld company with several operating units and over employees worldwide one of the largest watch makers in the world timex group companies include the timex business unit timex timex ironman nautica marc ecko and helix timex group luxury watches salvatore ferragamo sequel guess gc and vertime versace timex group built its reputation as the pioneer in timekeeping by harnessing the power and possibility of time from the first clock and wristwatch we produced through data integration – from classic timehonored designs through exclusive luxury collector’s pieces – timex group companies continue to deliver unparalleled quality to highly diverse and global customers,instagram,,facebook,,twitter,,timex india,,uckbqktjdcafsfhxzizhg,jun,india,timex india,198,22588013,,timexgroupindia,,False,False,4710,,,,,,,,,,,,,,,,,,,,,,,,,,,,,,,,,,,,,,,,,,,,,,,channelhasnolivevideos,,,,,,,,,,,,,,,the channel has no live videos,,,,,,,,,,
,timex group designs manufactures and markets innovative timepieces and jewelry globally timex founded in has expanded to become timex group a privatelyheld company with several operating units and over employees worldwide one of the largest watch makers in the world timex group companies include the timex business unit timex timex ironman nautica marc ecko and helix timex group luxury watches salvatore ferragamo sequel guess gc and vertime versace timex group built its reputation as the pioneer in timekeeping by harnessing the power and possibility of time from the first clock and wristwatch we produced through data integration – from classic timehonored designs through exclusive luxury collector’s pieces – timex group companies continue to deliver unparalleled quality to highly diverse and global customers,instagram,,facebook,,twitter,,timex india,,uckbqktjdcafsfhxzizhg,jun,india,timex india,198,22588013,,timexgroupindia,,False,False,4710,,timex group designs manufactures and markets innovative timepieces and jewelry globally timex founded in has expanded to become timex group a privatelyheld company with several operating units and over employees worldwide one of the largest watch makers in the world timex group companies include the timex business unit timex timex ironman nautica marc ecko and helix timex group luxury watches salvatore ferragamo sequel guess gc and vertime versace timex group built its reputation as the pioneer in timekeeping by harnessing the power and possibility of time from the first clock and wristwatch we produced through data integration – from classic timehonored designs through exclusive luxury collector’s pieces – timex group companies continue to deliver unparalleled quality to highly diverse and global customers,instagram,,facebook,,twitter,,timex india,,uckbqktjdcafsfhxzizhg,jun,india,timex india,,,,timexgroupindia,,false,tz,,,,,,,,,,,,,,,,,,,,,,,,,,,shorts,,,,,zgoheenq,,,false,false,false,false,,,,,,,,join the analog life with timex where every second feels a little more yours,,,shorts,,
,timex group designs manufactures and markets innovative timepieces and jewelry globally timex founded in has expanded to become timex group a privatelyheld company with several operating units and over employees worldwide one of the largest watch makers in the world timex group companies include the timex business unit timex timex ironman nautica marc ecko and helix timex group luxury watches salvatore ferragamo sequel guess gc and vertime versace timex group built its reputation as the pioneer in timekeeping by harnessing the power and possibility of time from the first clock and wristwatch we produced through data integration – from classic timehonored designs through exclusive luxury collector’s pieces – timex group companies continue to deliver unparalleled quality to highly diverse and global customers,instagram,,facebook,,twitter,,timex india,,uckbqktjdcafsfhxzizhg,jun,india,timex india,198,22588013,,timexgroupindia,,False,False,4710,,timex group designs manufactures and markets innovative timepieces and jewelry globally timex founded in has expanded to become timex group a privatelyheld company with several operating units and over employees worldwide one of the largest watch makers in the world timex group companies include the timex business unit timex timex ironman nautica marc ecko and helix timex group luxury watches salvatore ferragamo sequel guess gc and vertime versace timex group built its reputation as the pioneer in timekeeping by harnessing the power and possibility of time from the first clock and wristwatch we produced through data integration – from classic timehonored designs through exclusive luxury collector’s pieces – timex group companies continue to deliver unparalleled quality to highly diverse and global customers,instagram,,facebook,,twitter,,timex india,,uckbqktjdcafsfhxzizhg,jun,india,timex india,,,,timexgroupindia,,false,tz,tibfw,,timexindia,,ibfw,,analoglife,,fashionshow,,,,,,,,,,,,,,,,,,shorts,,,,,tahdgwdy,,,false,false,false,false,,,,,,runway magic unfolds at tibfw designers showcase their latest collections with timex fall winter watches taking center stage celebrating the spirit of analog the th edition of ibfw shines brighter than ever ️ timexindia ibfw analoglife fashionshow,,where time meets runway timex presents india beach fashion week timexindia anloglife,runway magic unfolds at tibfw designers showcase their latest collections with timex fall winter watches taking center stage celebrating the spirit of analog the th edition of ibfw shines brighter than ever ️ timexindia ibfw analoglife fashionshow,,shorts,,
,timex group designs manufactures and markets innovative timepieces and jewelry globally timex founded in has expanded to become timex group a privatelyheld company with several operating units and over employees worldwide one of the largest watch makers in the world timex group companies include the timex business unit timex timex ironman nautica marc ecko and helix timex group luxury watches salvatore ferragamo sequel guess gc and vertime versace timex group built its reputation as the pioneer in timekeeping by harnessing the power and possibility of time from the first clock and wristwatch we produced through data integration – from classic timehonored designs through exclusive luxury collector’s pieces – timex group companies continue to deliver unparalleled quality to highly diverse and global customers,instagram,,facebook,,twitter,,timex india,,uckbqktjdcafsfhxzizhg,jun,india,timex india,198,22588013,,timexgroupindia,,False,False,4710,,timex group designs manufactures and markets innovative timepieces and jewelry globally timex founded in has expanded to become timex group a privatelyheld company with several operating units and over employees worldwide one of the largest watch makers in the world timex group companies include the timex business unit timex timex ironman nautica marc ecko and helix timex group luxury watches salvatore ferragamo sequel guess gc and vertime versace timex group built its reputation as the pioneer in timekeeping by harnessing the power and possibility of time from the first clock and wristwatch we produced through data integration – from classic timehonored designs through exclusive luxury collector’s pieces – timex group companies continue to deliver unparalleled quality to highly diverse and global customers,instagram,,facebook,,twitter,,timex india,,uckbqktjdcafsfhxzizhg,jun,india,timex india,,,,timexgroupindia,,false,tz,,,,,,,,,,,,,,,,,,,,,,,,,,,shorts,,,,,hxegqaozge,,,false,false,false,false,,,,,,,,timex® automatic e line,,,shorts,,
,timex group designs manufactures and markets innovative timepieces and jewelry globally timex founded in has expanded to become timex group a privatelyheld company with several operating units and over employees worldwide one of the largest watch makers in the world timex group companies include the timex business unit timex timex ironman nautica marc ecko and helix timex group luxury watches salvatore ferragamo sequel guess gc and vertime versace timex group built its reputation as the pioneer in timekeeping by harnessing the power and possibility of time from the first clock and wristwatch we produced through data integration – from classic timehonored designs through exclusive luxury collector’s pieces – timex group companies continue to deliver unparalleled quality to highly diverse and global customers,instagram,,facebook,,twitter,,timex india,,uckbqktjdcafsfhxzizhg,jun,india,timex india,198,22588013,,timexgroupindia,,False,False,4710,,timex group designs manufactures and markets innovative timepieces and jewelry globally timex founded in has expanded to become timex group a privatelyheld company with several operating units and over employees worldwide one of the largest watch makers in the world timex group companies include the timex business unit timex timex ironman nautica marc ecko and helix timex group luxury watches salvatore ferragamo sequel guess gc and vertime versace timex group built its reputation as the pioneer in timekeeping by harnessing the power and possibility of time from the first clock and wristwatch we produced through data integration – from classic timehonored designs through exclusive luxury collector’s pieces – timex group companies continue to deliver unparalleled quality to highly diverse and global customers,instagram,,facebook,,twitter,,timex india,,uckbqktjdcafsfhxzizhg,jun,india,timex india,,,,timexgroupindia,,false,tz,,,qtimex,,continentalgmt,,acrosstime,,timexss,,styleinmotion,,,,,,,,,,,,,,,,shorts,,,,,anwghnfhk,,,false,false,false,false,,,,,,crafted for the curious designed for the driven the q timex continental gmt ss is more than a watch — it’s a companion for those who move across borders ideas and time with every tick it honors your rhythm no matter where in the world you are discover it here qtimex continentalgmt acrosstime timexss styleinmotion,,time doesn’t wait neither should you – q timex continental gmt ss timexindia analoglife,,,shorts,,
,timex group designs manufactures and markets innovative timepieces and jewelry globally timex founded in has expanded to become timex group a privatelyheld company with several operating units and over employees worldwide one of the largest watch makers in the world timex group companies include the timex business unit timex timex ironman nautica marc ecko and helix timex group luxury watches salvatore ferragamo sequel guess gc and vertime versace timex group built its reputation as the pioneer in timekeeping by harnessing the power and possibility of time from the first clock and wristwatch we produced through data integration – from classic timehonored designs through exclusive luxury collector’s pieces – timex group companies continue to deliver unparalleled quality to highly diverse and global customers,instagram,,facebook,,twitter,,timex india,,uckbqktjdcafsfhxzizhg,jun,india,timex india,198,22588013,,timexgroupindia,,False,False,4710,,timex group designs manufactures and markets innovative timepieces and jewelry globally timex founded in has expanded to become timex group a privatelyheld company with several operating units and over employees worldwide one of the largest watch makers in the world timex group companies include the timex business unit timex timex ironman nautica marc ecko and helix timex group luxury watches salvatore ferragamo sequel guess gc and vertime versace timex group built its reputation as the pioneer in timekeeping by harnessing the power and possibility of time from the first clock and wristwatch we produced through data integration – from classic timehonored designs through exclusive luxury collector’s pieces – timex group companies continue to deliver unparalleled quality to highly diverse and global customers,instagram,,facebook,,twitter,,timex india,,uckbqktjdcafsfhxzizhg,jun,india,timex india,,,,timexgroupindia,,false,tz,,,,,,,,,,,,,,,,,,,,,,,,,,,shorts,,,,,lhdbkdnv,,,false,false,false,false,,,,,,it’s not loud it doesn’t need to be the timex marlin speaks in quiet confidence — a nod to a more refined time with its champagne dial and deep brown leather strap it’s the kind of piece you wear — not just for the look but for the feeling understated sophisticated unmistakably timeless for those who move with purpose and carry style without saying a word tww,,elegance in every second timex marlin timexindia maketimeyours analoglife retro,,,shorts,,
,timex group designs manufactures and markets innovative timepieces and jewelry globally timex founded in has expanded to become timex group a privatelyheld company with several operating units and over employees worldwide one of the largest watch makers in the world timex group companies include the timex business unit timex timex ironman nautica marc ecko and helix timex group luxury watches salvatore ferragamo sequel guess gc and vertime versace timex group built its reputation as the pioneer in timekeeping by harnessing the power and possibility of time from the first clock and wristwatch we produced through data integration – from classic timehonored designs through exclusive luxury collector’s pieces – timex group companies continue to deliver unparalleled quality to highly diverse and global customers,instagram,,facebook,,twitter,,timex india,,uckbqktjdcafsfhxzizhg,jun,india,timex india,198,22588013,,timexgroupindia,,False,False,4710,,timex group designs manufactures and markets innovative timepieces and jewelry globally timex founded in has expanded to become timex group a privatelyheld company with several operating units and over employees worldwide one of the largest watch makers in the world timex group companies include the timex business unit timex timex ironman nautica marc ecko and helix timex group luxury watches salvatore ferragamo sequel guess gc and vertime versace timex group built its reputation as the pioneer in timekeeping by harnessing the power and possibility of time from the first clock and wristwatch we produced through data integration – from classic timehonored designs through exclusive luxury collector’s pieces – timex group companies continue to deliver unparalleled quality to highly diverse and global customers,instagram,,facebook,,twitter,,timex india,,uckbqktjdcafsfhxzizhg,jun,india,timex india,,,,timexgroupindia,,false,tz,,,,,,,,,,,,,,,,,,,,,,,,,,,shorts,,,,,lezveyya,,,false,false,false,false,,,,,,,,we play we laugh we love we make timetimexindia valentineswithtimex maketimeyours analoglife,,,shorts,,
,timex group designs manufactures and markets innovative timepieces and jewelry globally timex founded in has expanded to become timex group a privatelyheld company with several operating units and over employees worldwide one of the largest watch makers in the world timex group companies include the timex business unit timex timex ironman nautica marc ecko and helix timex group luxury watches salvatore ferragamo sequel guess gc and vertime versace timex group built its reputation as the pioneer in timekeeping by harnessing the power and possibility of time from the first clock and wristwatch we produced through data integration – from classic timehonored designs through exclusive luxury collector’s pieces – timex group companies continue to deliver unparalleled quality to highly diverse and global customers,instagram,,facebook,,twitter,,timex india,,uckbqktjdcafsfhxzizhg,jun,india,timex india,198,22588013,,timexgroupindia,,False,False,4710,,timex group designs manufactures and markets innovative timepieces and jewelry globally timex founded in has expanded to become timex group a privatelyheld company with several operating units and over employees worldwide one of the largest watch makers in the world timex group companies include the timex business unit timex timex ironman nautica marc ecko and helix timex group luxury watches salvatore ferragamo sequel guess gc and vertime versace timex group built its reputation as the pioneer in timekeeping by harnessing the power and possibility of time from the first clock and wristwatch we produced through data integration – from classic timehonored designs through exclusive luxury collector’s pieces – timex group companies continue to deliver unparalleled quality to highly diverse and global customers,instagram,,facebook,,twitter,,timex india,,uckbqktjdcafsfhxzizhg,jun,india,timex india,,,,timexgroupindia,,false,tz,,,,,,,,,,,,,,,,,,,,,,,,,,,shorts,,,,,qxpqkklbnm,,,false,false,false,false,,,,,,weekend mode on ️ slipping on a timex weekender can make any day feel like a saturday we’re bringing a fresh burst of energy to this beloved timepiece with elevated details like a sleek new case and crown design and a fun assortment of fabric and leather straps that keep things comfortable casual and cool the “we” logo on the dial is a reminder that any boring old day can become unforgettable if it’s spent with our favorite people,,timex weekender timexindia analoglife maketimeyours weekender,,,shorts,,
,timex group designs manufactures and markets innovative timepieces and jewelry globally timex founded in has expanded to become timex group a privatelyheld company with several operating units and over employees worldwide one of the largest watch makers in the world timex group companies include the timex business unit timex timex ironman nautica marc ecko and helix timex group luxury watches salvatore ferragamo sequel guess gc and vertime versace timex group built its reputation as the pioneer in timekeeping by harnessing the power and possibility of time from the first clock and wristwatch we produced through data integration – from classic timehonored designs through exclusive luxury collector’s pieces – timex group companies continue to deliver unparalleled quality to highly diverse and global customers,instagram,,facebook,,twitter,,timex india,,uckbqktjdcafsfhxzizhg,jun,india,timex india,198,22588013,,timexgroupindia,,False,False,4710,,timex group designs manufactures and markets innovative timepieces and jewelry globally timex founded in has expanded to become timex group a privatelyheld company with several operating units and over employees worldwide one of the largest watch makers in the world timex group companies include the timex business unit timex timex ironman nautica marc ecko and helix timex group luxury watches salvatore ferragamo sequel guess gc and vertime versace timex group built its reputation as the pioneer in timekeeping by harnessing the power and possibility of time from the first clock and wristwatch we produced through data integration – from classic timehonored designs through exclusive luxury collector’s pieces – timex group companies continue to deliver unparalleled quality to highly diverse and global customers,instagram,,facebook,,twitter,,timex india,,uckbqktjdcafsfhxzizhg,jun,india,timex india,,,,timexgroupindia,,false,tz,,,,,,,,,,,,,,,,,,,,,,,,,,,shorts,,,,,drckwhuoo,,,false,false,false,false,,,,,,this summer timex is joining forces with warner bros to celebrate the release of superman and honor the everyday hero in all of us at timex we believe the real superpower is time it’s found in the seconds you lend a hand the minutes you take a stand and the hours you give your all your timex is a reminder that it’s time to own your moment,,time is a superpower make it yours timexindia superman maketimeyours,,,shorts,,
,timex group designs manufactures and markets innovative timepieces and jewelry globally timex founded in has expanded to become timex group a privatelyheld company with several operating units and over employees worldwide one of the largest watch makers in the world timex group companies include the timex business unit timex timex ironman nautica marc ecko and helix timex group luxury watches salvatore ferragamo sequel guess gc and vertime versace timex group built its reputation as the pioneer in timekeeping by harnessing the power and possibility of time from the first clock and wristwatch we produced through data integration – from classic timehonored designs through exclusive luxury collector’s pieces – timex group companies continue to deliver unparalleled quality to highly diverse and global customers,instagram,,facebook,,twitter,,timex india,,uckbqktjdcafsfhxzizhg,jun,india,timex india,198,22588013,,timexgroupindia,,False,False,4710,,timex group designs manufactures and markets innovative timepieces and jewelry globally timex founded in has expanded to become timex group a privatelyheld company with several operating units and over employees worldwide one of the largest watch makers in the world timex group companies include the timex business unit timex timex ironman nautica marc ecko and helix timex group luxury watches salvatore ferragamo sequel guess gc and vertime versace timex group built its reputation as the pioneer in timekeeping by harnessing the power and possibility of time from the first clock and wristwatch we produced through data integration – from classic timehonored designs through exclusive luxury collector’s pieces – timex group companies continue to deliver unparalleled quality to highly diverse and global customers,instagram,,facebook,,twitter,,timex india,,uckbqktjdcafsfhxzizhg,jun,india,timex india,,,,timexgroupindia,,false,tz,,,,,,,,,,,,,,,,,,,,,,,,,,,shorts,,,,,sbhpsxbqu,,,false,false,false,false,,,,,,,,hit play on summer and make time yours timexindia watch maketimeyours,,,shorts,,
,timex group designs manufactures and markets innovative timepieces and jewelry globally timex founded in has expanded to become timex group a privatelyheld company with several operating units and over employees worldwide one of the largest watch makers in the world timex group companies include the timex business unit timex timex ironman nautica marc ecko and helix timex group luxury watches salvatore ferragamo sequel guess gc and vertime versace timex group built its reputation as the pioneer in timekeeping by harnessing the power and possibility of time from the first clock and wristwatch we produced through data integration – from classic timehonored designs through exclusive luxury collector’s pieces – timex group companies continue to deliver unparalleled quality to highly diverse and global customers,instagram,,facebook,,twitter,,timex india,,uckbqktjdcafsfhxzizhg,jun,india,timex india,198,22588013,,timexgroupindia,,False,False,4710,,timex group designs manufactures and markets innovative timepieces and jewelry globally timex founded in has expanded to become timex group a privatelyheld company with several operating units and over employees worldwide one of the largest watch makers in the world timex group companies include the timex business unit timex timex ironman nautica marc ecko and helix timex group luxury watches salvatore ferragamo sequel guess gc and vertime versace timex group built its reputation as the pioneer in timekeeping by harnessing the power and possibility of time from the first clock and wristwatch we produced through data integration – from classic timehonored designs through exclusive luxury collector’s pieces – timex group companies continue to deliver unparalleled quality to highly diverse and global customers,instagram,,facebook,,twitter,,timex india,,uckbqktjdcafsfhxzizhg,jun,india,timex india,,,,timexgroupindia,,false,tz,,,,,,,,,,,,,,,,,,,,,,,,,,,shorts,,,,,wownpkvbfa,,,false,false,false,false,,,,,,inspired by the original motoring watches that graced the tracks of europes most iconic races this timepiece celebrates the endurance of our legendary s q timex​shop our new q timex chronograph collection at the link tww tww,,𝗢𝘂𝗿 𝗹𝗮𝘁𝗲𝘀𝘁 𝗤 𝗧𝗶𝗺𝗲𝘅 𝗶𝘀 𝗜𝗡​ timexindia analoglife motorsport,,,shorts,,
,timex group designs manufactures and markets innovative timepieces and jewelry globally timex founded in has expanded to become timex group a privatelyheld company with several operating units and over employees worldwide one of the largest watch makers in the world timex group companies include the timex business unit timex timex ironman nautica marc ecko and helix timex group luxury watches salvatore ferragamo sequel guess gc and vertime versace timex group built its reputation as the pioneer in timekeeping by harnessing the power and possibility of time from the first clock and wristwatch we produced through data integration – from classic timehonored designs through exclusive luxury collector’s pieces – timex group companies continue to deliver unparalleled quality to highly diverse and global customers,instagram,,facebook,,twitter,,timex india,,uckbqktjdcafsfhxzizhg,jun,india,timex india,198,22588013,,timexgroupindia,,False,False,4710,,timex group designs manufactures and markets innovative timepieces and jewelry globally timex founded in has expanded to become timex group a privatelyheld company with several operating units and over employees worldwide one of the largest watch makers in the world timex group companies include the timex business unit timex timex ironman nautica marc ecko and helix timex group luxury watches salvatore ferragamo sequel guess gc and vertime versace timex group built its reputation as the pioneer in timekeeping by harnessing the power and possibility of time from the first clock and wristwatch we produced through data integration – from classic timehonored designs through exclusive luxury collector’s pieces – timex group companies continue to deliver unparalleled quality to highly diverse and global customers,instagram,,facebook,,twitter,,timex india,,uckbqktjdcafsfhxzizhg,jun,india,timex india,,,,timexgroupindia,,false,tz,,,,,,,,,,,,,,,,,,,,,,,,,,,shorts,,,,,mprxhwbk,,,false,false,false,false,,,,,,it doesn’t need charging — just light sunlight lamplight campfire glow any light becomes its power the timex expedition solar is made for those who move with purpose explore without pause and trust their gear to keep going — no matter where or when get yours now,,powered by light driven by adventure timexindia maketimeyours analoglife expeditionwatch,,,shorts,,
,timex group designs manufactures and markets innovative timepieces and jewelry globally timex founded in has expanded to become timex group a privatelyheld company with several operating units and over employees worldwide one of the largest watch makers in the world timex group companies include the timex business unit timex timex ironman nautica marc ecko and helix timex group luxury watches salvatore ferragamo sequel guess gc and vertime versace timex group built its reputation as the pioneer in timekeeping by harnessing the power and possibility of time from the first clock and wristwatch we produced through data integration – from classic timehonored designs through exclusive luxury collector’s pieces – timex group companies continue to deliver unparalleled quality to highly diverse and global customers,instagram,,facebook,,twitter,,timex india,,uckbqktjdcafsfhxzizhg,jun,india,timex india,198,22588013,,timexgroupindia,,False,False,4710,,timex group designs manufactures and markets innovative timepieces and jewelry globally timex founded in has expanded to become timex group a privatelyheld company with several operating units and over employees worldwide one of the largest watch makers in the world timex group companies include the timex business unit timex timex ironman nautica marc ecko and helix timex group luxury watches salvatore ferragamo sequel guess gc and vertime versace timex group built its reputation as the pioneer in timekeeping by harnessing the power and possibility of time from the first clock and wristwatch we produced through data integration – from classic timehonored designs through exclusive luxury collector’s pieces – timex group companies continue to deliver unparalleled quality to highly diverse and global customers,instagram,,facebook,,twitter,,timex india,,uckbqktjdcafsfhxzizhg,jun,india,timex india,,,,timexgroupindia,,false,tz,timexindia,,analoglife,,maketimeyours,,,,,,,,,,,,,,,,,,,,,,shorts,,analoglife,timexindia,maketimeyours,lvdspmgzunu,,,false,false,false,false,,,,,,the gentle tick of a watch the hum of real moments the sound of a typewriter and the clink of champagne glasses here is a snippet of what stepping into the analog world felt like we paused the rush and reclaimed time showcased the latest watches had heartfelt conversations about the simple joy of being present and lived the analog way like never before timexindia analoglife maketimeyours,,experience analog life like never before,,,shorts,,
,timex group designs manufactures and markets innovative timepieces and jewelry globally timex founded in has expanded to become timex group a privatelyheld company with several operating units and over employees worldwide one of the largest watch makers in the world timex group companies include the timex business unit timex timex ironman nautica marc ecko and helix timex group luxury watches salvatore ferragamo sequel guess gc and vertime versace timex group built its reputation as the pioneer in timekeeping by harnessing the power and possibility of time from the first clock and wristwatch we produced through data integration – from classic timehonored designs through exclusive luxury collector’s pieces – timex group companies continue to deliver unparalleled quality to highly diverse and global customers,instagram,,facebook,,twitter,,timex india,,uckbqktjdcafsfhxzizhg,jun,india,timex india,198,22588013,,timexgroupindia,,False,False,4710,,timex group designs manufactures and markets innovative timepieces and jewelry globally timex founded in has expanded to become timex group a privatelyheld company with several operating units and over employees worldwide one of the largest watch makers in the world timex group companies include the timex business unit timex timex ironman nautica marc ecko and helix timex group luxury watches salvatore ferragamo sequel guess gc and vertime versace timex group built its reputation as the pioneer in timekeeping by harnessing the power and possibility of time from the first clock and wristwatch we produced through data integration – from classic timehonored designs through exclusive luxury collector’s pieces – timex group companies continue to deliver unparalleled quality to highly diverse and global customers,instagram,,facebook,,twitter,,timex india,,uckbqktjdcafsfhxzizhg,jun,india,timex india,,,,timexgroupindia,,false,tz,,,,,,,,,,,,,,,,,,,,,,,,,,,shorts,,,,,eijctivk,,,false,false,false,false,,,,,,,,where time meets runway india beach fashion week day timexindia analoglife maketimeyours,,,shorts,,
,timex group designs manufactures and markets innovative timepieces and jewelry globally timex founded in has expanded to become timex group a privatelyheld company with several operating units and over employees worldwide one of the largest watch makers in the world timex group companies include the timex business unit timex timex ironman nautica marc ecko and helix timex group luxury watches salvatore ferragamo sequel guess gc and vertime versace timex group built its reputation as the pioneer in timekeeping by harnessing the power and possibility of time from the first clock and wristwatch we produced through data integration – from classic timehonored designs through exclusive luxury collector’s pieces – timex group companies continue to deliver unparalleled quality to highly diverse and global customers,instagram,,facebook,,twitter,,timex india,,uckbqktjdcafsfhxzizhg,jun,india,timex india,198,22588013,,timexgroupindia,,False,False,4710,,timex group designs manufactures and markets innovative timepieces and jewelry globally timex founded in has expanded to become timex group a privatelyheld company with several operating units and over employees worldwide one of the largest watch makers in the world timex group companies include the timex business unit timex timex ironman nautica marc ecko and helix timex group luxury watches salvatore ferragamo sequel guess gc and vertime versace timex group built its reputation as the pioneer in timekeeping by harnessing the power and possibility of time from the first clock and wristwatch we produced through data integration – from classic timehonored designs through exclusive luxury collector’s pieces – timex group companies continue to deliver unparalleled quality to highly diverse and global customers,instagram,,facebook,,twitter,,timex india,,uckbqktjdcafsfhxzizhg,jun,india,timex india,,,,timexgroupindia,,false,tz,analoglife,,maketimeyours,,timexindia,,,,,,,,,,,,,,,,,,,,,,shorts,,analoglife,maketimeyours,timexindia,mopkhc,,,false,false,false,false,,,,,,amidst the rush of excitement we paused to ask ‘what does analog life mean to you’ the answers lit up with stories moments spent with joy and the click of a watch grounding every second from heartfelt conversations to the simple joy of being present this is what making time yours feels like analoglife maketimeyours timexindia,,timex brought analog lifes charm to bangalore,,,shorts,,
,timex group designs manufactures and markets innovative timepieces and jewelry globally timex founded in has expanded to become timex group a privatelyheld company with several operating units and over employees worldwide one of the largest watch makers in the world timex group companies include the timex business unit timex timex ironman nautica marc ecko and helix timex group luxury watches salvatore ferragamo sequel guess gc and vertime versace timex group built its reputation as the pioneer in timekeeping by harnessing the power and possibility of time from the first clock and wristwatch we produced through data integration – from classic timehonored designs through exclusive luxury collector’s pieces – timex group companies continue to deliver unparalleled quality to highly diverse and global customers,instagram,,facebook,,twitter,,timex india,,uckbqktjdcafsfhxzizhg,jun,india,timex india,198,22588013,,timexgroupindia,,False,False,4710,,timex group designs manufactures and markets innovative timepieces and jewelry globally timex founded in has expanded to become timex group a privatelyheld company with several operating units and over employees worldwide one of the largest watch makers in the world timex group companies include the timex business unit timex timex ironman nautica marc ecko and helix timex group luxury watches salvatore ferragamo sequel guess gc and vertime versace timex group built its reputation as the pioneer in timekeeping by harnessing the power and possibility of time from the first clock and wristwatch we produced through data integration – from classic timehonored designs through exclusive luxury collector’s pieces – timex group companies continue to deliver unparalleled quality to highly diverse and global customers,instagram,,facebook,,twitter,,timex india,,uckbqktjdcafsfhxzizhg,jun,india,timex india,,,,timexgroupindia,,false,tz,,,,,,,,,,,,,,,,,,,,,,,,,,,shorts,,,,,rzzfrvwa,,,false,false,false,false,,,,,,meet the timex expedition solar digital north ridge ss—your everyday partner for adventures big and small with solarpowered energy and a rugged design it’s built to keep up with your pace whether you’re exploring the outdoors or navigating the city get yours here,,ready for your next adventure timex expedition ss timexindia analoglife maketimeyours,,,shorts,,
,timex group designs manufactures and markets innovative timepieces and jewelry globally timex founded in has expanded to become timex group a privatelyheld company with several operating units and over employees worldwide one of the largest watch makers in the world timex group companies include the timex business unit timex timex ironman nautica marc ecko and helix timex group luxury watches salvatore ferragamo sequel guess gc and vertime versace timex group built its reputation as the pioneer in timekeeping by harnessing the power and possibility of time from the first clock and wristwatch we produced through data integration – from classic timehonored designs through exclusive luxury collector’s pieces – timex group companies continue to deliver unparalleled quality to highly diverse and global customers,instagram,,facebook,,twitter,,timex india,,uckbqktjdcafsfhxzizhg,jun,india,timex india,198,22588013,,timexgroupindia,,False,False,4710,,timex group designs manufactures and markets innovative timepieces and jewelry globally timex founded in has expanded to become timex group a privatelyheld company with several operating units and over employees worldwide one of the largest watch makers in the world timex group companies include the timex business unit timex timex ironman nautica marc ecko and helix timex group luxury watches salvatore ferragamo sequel guess gc and vertime versace timex group built its reputation as the pioneer in timekeeping by harnessing the power and possibility of time from the first clock and wristwatch we produced through data integration – from classic timehonored designs through exclusive luxury collector’s pieces – timex group companies continue to deliver unparalleled quality to highly diverse and global customers,instagram,,facebook,,twitter,,timex india,,uckbqktjdcafsfhxzizhg,jun,india,timex india,,,,timexgroupindia,,false,tz,,,,,,,,,,,,,,,,,,,,,,,,,,,shorts,,,,,npxlmlmady,,,false,false,false,false,,,,,,it sits quietly on your wrist — confident composed a square dial a dark silhouette a sense of calm in motion not here to chase time but to carry it with grace for those who value elegance in understatement tww,,our q timex lca reissue pays homage to the late stimexindia maketimeyours retrowatch retro,,,shorts,,
,timex group designs manufactures and markets innovative timepieces and jewelry globally timex founded in has expanded to become timex group a privatelyheld company with several operating units and over employees worldwide one of the largest watch makers in the world timex group companies include the timex business unit timex timex ironman nautica marc ecko and helix timex group luxury watches salvatore ferragamo sequel guess gc and vertime versace timex group built its reputation as the pioneer in timekeeping by harnessing the power and possibility of time from the first clock and wristwatch we produced through data integration – from classic timehonored designs through exclusive luxury collector’s pieces – timex group companies continue to deliver unparalleled quality to highly diverse and global customers,instagram,,facebook,,twitter,,timex india,,uckbqktjdcafsfhxzizhg,jun,india,timex india,198,22588013,,timexgroupindia,,False,False,4710,,timex group designs manufactures and markets innovative timepieces and jewelry globally timex founded in has expanded to become timex group a privatelyheld company with several operating units and over employees worldwide one of the largest watch makers in the world timex group companies include the timex business unit timex timex ironman nautica marc ecko and helix timex group luxury watches salvatore ferragamo sequel guess gc and vertime versace timex group built its reputation as the pioneer in timekeeping by harnessing the power and possibility of time from the first clock and wristwatch we produced through data integration – from classic timehonored designs through exclusive luxury collector’s pieces – timex group companies continue to deliver unparalleled quality to highly diverse and global customers,instagram,,facebook,,twitter,,timex india,,uckbqktjdcafsfhxzizhg,jun,india,timex india,,,,timexgroupindia,,false,tz,,,,,,,,,,,,,,,,,,,,,,,,,,,shorts,,,,,odwmbog,,,false,false,false,false,,,,,,,,analog life make time yours with timex,,,shorts,,
,timex group designs manufactures and markets innovative timepieces and jewelry globally timex founded in has expanded to become timex group a privatelyheld company with several operating units and over employees worldwide one of the largest watch makers in the world timex group companies include the timex business unit timex timex ironman nautica marc ecko and helix timex group luxury watches salvatore ferragamo sequel guess gc and vertime versace timex group built its reputation as the pioneer in timekeeping by harnessing the power and possibility of time from the first clock and wristwatch we produced through data integration – from classic timehonored designs through exclusive luxury collector’s pieces – timex group companies continue to deliver unparalleled quality to highly diverse and global customers,instagram,,facebook,,twitter,,timex india,,uckbqktjdcafsfhxzizhg,jun,india,timex india,198,22588013,,timexgroupindia,,False,False,4710,,timex group designs manufactures and markets innovative timepieces and jewelry globally timex founded in has expanded to become timex group a privatelyheld company with several operating units and over employees worldwide one of the largest watch makers in the world timex group companies include the timex business unit timex timex ironman nautica marc ecko and helix timex group luxury watches salvatore ferragamo sequel guess gc and vertime versace timex group built its reputation as the pioneer in timekeeping by harnessing the power and possibility of time from the first clock and wristwatch we produced through data integration – from classic timehonored designs through exclusive luxury collector’s pieces – timex group companies continue to deliver unparalleled quality to highly diverse and global customers,instagram,,facebook,,twitter,,timex india,,uckbqktjdcafsfhxzizhg,jun,india,timex india,,,,timexgroupindia,,false,tz,timexindia,,marlin,,analoglife,,maketimeyours,,,,,,,,,,,,,,,,,,,,shorts,,analoglife,marlin,timexindia,plxksdzuu,,,false,false,false,false,,,,,,our marlin automatic watches are known for their midcentury modern retro appeal with clean sophisticated details that connect them to their s predecessor a timepiece that after over a halfcentury has yet to go out of style timexindia marlin analoglife maketimeyours,,timex marlin automatic,,,shorts,,
,timex group designs manufactures and markets innovative timepieces and jewelry globally timex founded in has expanded to become timex group a privatelyheld company with several operating units and over employees worldwide one of the largest watch makers in the world timex group companies include the timex business unit timex timex ironman nautica marc ecko and helix timex group luxury watches salvatore ferragamo sequel guess gc and vertime versace timex group built its reputation as the pioneer in timekeeping by harnessing the power and possibility of time from the first clock and wristwatch we produced through data integration – from classic timehonored designs through exclusive luxury collector’s pieces – timex group companies continue to deliver unparalleled quality to highly diverse and global customers,instagram,,facebook,,twitter,,timex india,,uckbqktjdcafsfhxzizhg,jun,india,timex india,198,22588013,,timexgroupindia,,False,False,4710,,timex group designs manufactures and markets innovative timepieces and jewelry globally timex founded in has expanded to become timex group a privatelyheld company with several operating units and over employees worldwide one of the largest watch makers in the world timex group companies include the timex business unit timex timex ironman nautica marc ecko and helix timex group luxury watches salvatore ferragamo sequel guess gc and vertime versace timex group built its reputation as the pioneer in timekeeping by harnessing the power and possibility of time from the first clock and wristwatch we produced through data integration – from classic timehonored designs through exclusive luxury collector’s pieces – timex group companies continue to deliver unparalleled quality to highly diverse and global customers,instagram,,facebook,,twitter,,timex india,,uckbqktjdcafsfhxzizhg,jun,india,timex india,,,,timexgroupindia,,false,tz,,,,,,,,,,,,,,,,,,,,,,,,,,,shorts,,,,,jdwpdazycw,,,false,false,false,false,,,,,,celebrate the future of timekeeping with the timex ufc collection official partner of ufc explore the intersection of style sport and innovation in every detail of this iconic collection shop here,,the future is now seize the moment,,,shorts,,
,timex group designs manufactures and markets innovative timepieces and jewelry globally timex founded in has expanded to become timex group a privatelyheld company with several operating units and over employees worldwide one of the largest watch makers in the world timex group companies include the timex business unit timex timex ironman nautica marc ecko and helix timex group luxury watches salvatore ferragamo sequel guess gc and vertime versace timex group built its reputation as the pioneer in timekeeping by harnessing the power and possibility of time from the first clock and wristwatch we produced through data integration – from classic timehonored designs through exclusive luxury collector’s pieces – timex group companies continue to deliver unparalleled quality to highly diverse and global customers,instagram,,facebook,,twitter,,timex india,,uckbqktjdcafsfhxzizhg,jun,india,timex india,198,22588013,,timexgroupindia,,False,False,4710,,timex group designs manufactures and markets innovative timepieces and jewelry globally timex founded in has expanded to become timex group a privatelyheld company with several operating units and over employees worldwide one of the largest watch makers in the world timex group companies include the timex business unit timex timex ironman nautica marc ecko and helix timex group luxury watches salvatore ferragamo sequel guess gc and vertime versace timex group built its reputation as the pioneer in timekeeping by harnessing the power and possibility of time from the first clock and wristwatch we produced through data integration – from classic timehonored designs through exclusive luxury collector’s pieces – timex group companies continue to deliver unparalleled quality to highly diverse and global customers,instagram,,facebook,,twitter,,timex india,,uckbqktjdcafsfhxzizhg,jun,india,timex india,,,,timexgroupindia,,false,tz,,,,,,,,,,,,,,,,,,,,,,,,,,,shorts,,,,,ldacwzptw,,,false,false,false,false,,,,,,experience the timex falcon eye a refined tribute to the iconic q timex® reissue with classic features like a mm stainlesssteel case a coordinating link stainlesssteel bracelet dimensional applied indices a domed acrylic crystal and a date window enhanced with a modern chronograph movement for tracking elapsed time the falcon eye stands out with its mesmerizing blue côtes de genève dial that unveils a unique wave of texture with every movement​,,timex falcon eye a tribute to the q timex® with modern upgrades,,,shorts,,
,timex group designs manufactures and markets innovative timepieces and jewelry globally timex founded in has expanded to become timex group a privatelyheld company with several operating units and over employees worldwide one of the largest watch makers in the world timex group companies include the timex business unit timex timex ironman nautica marc ecko and helix timex group luxury watches salvatore ferragamo sequel guess gc and vertime versace timex group built its reputation as the pioneer in timekeeping by harnessing the power and possibility of time from the first clock and wristwatch we produced through data integration – from classic timehonored designs through exclusive luxury collector’s pieces – timex group companies continue to deliver unparalleled quality to highly diverse and global customers,instagram,,facebook,,twitter,,timex india,,uckbqktjdcafsfhxzizhg,jun,india,timex india,198,22588013,,timexgroupindia,,False,False,4710,,timex group designs manufactures and markets innovative timepieces and jewelry globally timex founded in has expanded to become timex group a privatelyheld company with several operating units and over employees worldwide one of the largest watch makers in the world timex group companies include the timex business unit timex timex ironman nautica marc ecko and helix timex group luxury watches salvatore ferragamo sequel guess gc and vertime versace timex group built its reputation as the pioneer in timekeeping by harnessing the power and possibility of time from the first clock and wristwatch we produced through data integration – from classic timehonored designs through exclusive luxury collector’s pieces – timex group companies continue to deliver unparalleled quality to highly diverse and global customers,instagram,,facebook,,twitter,,timex india,,uckbqktjdcafsfhxzizhg,jun,india,timex india,,,,timexgroupindia,,false,tz,,,,,,,,,,,,,,,,,,,,,,,,,,,shorts,,,,,lierhyceo,,,false,false,false,false,,,,,,,,qtimex watches elegant precise and perfect for you timexindia watch timexwatch,,,shorts,,
,timex group designs manufactures and markets innovative timepieces and jewelry globally timex founded in has expanded to become timex group a privatelyheld company with several operating units and over employees worldwide one of the largest watch makers in the world timex group companies include the timex business unit timex timex ironman nautica marc ecko and helix timex group luxury watches salvatore ferragamo sequel guess gc and vertime versace timex group built its reputation as the pioneer in timekeeping by harnessing the power and possibility of time from the first clock and wristwatch we produced through data integration – from classic timehonored designs through exclusive luxury collector’s pieces – timex group companies continue to deliver unparalleled quality to highly diverse and global customers,instagram,,facebook,,twitter,,timex india,,uckbqktjdcafsfhxzizhg,jun,india,timex india,198,22588013,,timexgroupindia,,False,False,4710,,timex group designs manufactures and markets innovative timepieces and jewelry globally timex founded in has expanded to become timex group a privatelyheld company with several operating units and over employees worldwide one of the largest watch makers in the world timex group companies include the timex business unit timex timex ironman nautica marc ecko and helix timex group luxury watches salvatore ferragamo sequel guess gc and vertime versace timex group built its reputation as the pioneer in timekeeping by harnessing the power and possibility of time from the first clock and wristwatch we produced through data integration – from classic timehonored designs through exclusive luxury collector’s pieces – timex group companies continue to deliver unparalleled quality to highly diverse and global customers,instagram,,facebook,,twitter,,timex india,,uckbqktjdcafsfhxzizhg,jun,india,timex india,,,,timexgroupindia,,false,tz,,,,,,,,,,,,,,,,,,,,,,,,,,,shorts,,,,,didyjthzb,,,false,false,false,false,,,,,,meet the timex waterbury mens watch a masterpiece of design and engineering boasting a mm stainlesssteel case and an adjustable bracelet this watch features a fly back chronograph movement fanshaped subdials and a second time zone indicator,,timex waterbury a watch for the modern gentleman,,,shorts,,
,timex group designs manufactures and markets innovative timepieces and jewelry globally timex founded in has expanded to become timex group a privatelyheld company with several operating units and over employees worldwide one of the largest watch makers in the world timex group companies include the timex business unit timex timex ironman nautica marc ecko and helix timex group luxury watches salvatore ferragamo sequel guess gc and vertime versace timex group built its reputation as the pioneer in timekeeping by harnessing the power and possibility of time from the first clock and wristwatch we produced through data integration – from classic timehonored designs through exclusive luxury collector’s pieces – timex group companies continue to deliver unparalleled quality to highly diverse and global customers,instagram,,facebook,,twitter,,timex india,,uckbqktjdcafsfhxzizhg,jun,india,timex india,198,22588013,,timexgroupindia,,False,False,4710,,timex group designs manufactures and markets innovative timepieces and jewelry globally timex founded in has expanded to become timex group a privatelyheld company with several operating units and over employees worldwide one of the largest watch makers in the world timex group companies include the timex business unit timex timex ironman nautica marc ecko and helix timex group luxury watches salvatore ferragamo sequel guess gc and vertime versace timex group built its reputation as the pioneer in timekeeping by harnessing the power and possibility of time from the first clock and wristwatch we produced through data integration – from classic timehonored designs through exclusive luxury collector’s pieces – timex group companies continue to deliver unparalleled quality to highly diverse and global customers,instagram,,facebook,,twitter,,timex india,,uckbqktjdcafsfhxzizhg,jun,india,timex india,,,,timexgroupindia,,false,tz,timex,,timexindia,,marlinmoonphase,,analoglife,,,,,,,,,,,,,,,,,,,,shorts,,timex,analoglife,timexindia,nshmeagwb,,,false,false,false,false,,,,,,our marlin moon phase multifunction with a stainlesssteel dial domed display and lunar cycle subdial is an ode to the visionaries who propelled mankind to the moon​ timex timexindia marlinmoonphase analoglife ​,,marlin moon phase multifunction​​,,,shorts,,
,timex group designs manufactures and markets innovative timepieces and jewelry globally timex founded in has expanded to become timex group a privatelyheld company with several operating units and over employees worldwide one of the largest watch makers in the world timex group companies include the timex business unit timex timex ironman nautica marc ecko and helix timex group luxury watches salvatore ferragamo sequel guess gc and vertime versace timex group built its reputation as the pioneer in timekeeping by harnessing the power and possibility of time from the first clock and wristwatch we produced through data integration – from classic timehonored designs through exclusive luxury collector’s pieces – timex group companies continue to deliver unparalleled quality to highly diverse and global customers,instagram,,facebook,,twitter,,timex india,,uckbqktjdcafsfhxzizhg,jun,india,timex india,198,22588013,,timexgroupindia,,False,False,4710,,timex group designs manufactures and markets innovative timepieces and jewelry globally timex founded in has expanded to become timex group a privatelyheld company with several operating units and over employees worldwide one of the largest watch makers in the world timex group companies include the timex business unit timex timex ironman nautica marc ecko and helix timex group luxury watches salvatore ferragamo sequel guess gc and vertime versace timex group built its reputation as the pioneer in timekeeping by harnessing the power and possibility of time from the first clock and wristwatch we produced through data integration – from classic timehonored designs through exclusive luxury collector’s pieces – timex group companies continue to deliver unparalleled quality to highly diverse and global customers,instagram,,facebook,,twitter,,timex india,,uckbqktjdcafsfhxzizhg,jun,india,timex india,,,,timexgroupindia,,false,tz,,,,,,,,,,,,,,,,,,,,,,,,,,,shorts,,,,,uswnttscm,,,false,false,false,false,,,,,,looking for a watch that can keep up with your active lifestyle the timex ufc strength collection is here to impress with a sleek black dial colored quartz and a leather strap this watch offers premium quality and exceptional durability,,timex ufc a fighters watch for everyday use,,,shorts,,
,timex group designs manufactures and markets innovative timepieces and jewelry globally timex founded in has expanded to become timex group a privatelyheld company with several operating units and over employees worldwide one of the largest watch makers in the world timex group companies include the timex business unit timex timex ironman nautica marc ecko and helix timex group luxury watches salvatore ferragamo sequel guess gc and vertime versace timex group built its reputation as the pioneer in timekeeping by harnessing the power and possibility of time from the first clock and wristwatch we produced through data integration – from classic timehonored designs through exclusive luxury collector’s pieces – timex group companies continue to deliver unparalleled quality to highly diverse and global customers,instagram,,facebook,,twitter,,timex india,,uckbqktjdcafsfhxzizhg,jun,india,timex india,198,22588013,,timexgroupindia,,False,False,4710,,timex group designs manufactures and markets innovative timepieces and jewelry globally timex founded in has expanded to become timex group a privatelyheld company with several operating units and over employees worldwide one of the largest watch makers in the world timex group companies include the timex business unit timex timex ironman nautica marc ecko and helix timex group luxury watches salvatore ferragamo sequel guess gc and vertime versace timex group built its reputation as the pioneer in timekeeping by harnessing the power and possibility of time from the first clock and wristwatch we produced through data integration – from classic timehonored designs through exclusive luxury collector’s pieces – timex group companies continue to deliver unparalleled quality to highly diverse and global customers,instagram,,facebook,,twitter,,timex india,,uckbqktjdcafsfhxzizhg,jun,india,timex india,,,,timexgroupindia,,false,tz,,,,,,,,,,,,,,,,,,,,,,,,,,,shorts,,,,,rhirygcdjc,,,false,false,false,false,,,,,,shop the watches,,ticktock fall in love our swoonworthy watches are now available on analoglife timexindia ss,,,shorts,,
,timex group designs manufactures and markets innovative timepieces and jewelry globally timex founded in has expanded to become timex group a privatelyheld company with several operating units and over employees worldwide one of the largest watch makers in the world timex group companies include the timex business unit timex timex ironman nautica marc ecko and helix timex group luxury watches salvatore ferragamo sequel guess gc and vertime versace timex group built its reputation as the pioneer in timekeeping by harnessing the power and possibility of time from the first clock and wristwatch we produced through data integration – from classic timehonored designs through exclusive luxury collector’s pieces – timex group companies continue to deliver unparalleled quality to highly diverse and global customers,instagram,,facebook,,twitter,,timex india,,uckbqktjdcafsfhxzizhg,jun,india,timex india,198,22588013,,timexgroupindia,,False,False,4710,,timex group designs manufactures and markets innovative timepieces and jewelry globally timex founded in has expanded to become timex group a privatelyheld company with several operating units and over employees worldwide one of the largest watch makers in the world timex group companies include the timex business unit timex timex ironman nautica marc ecko and helix timex group luxury watches salvatore ferragamo sequel guess gc and vertime versace timex group built its reputation as the pioneer in timekeeping by harnessing the power and possibility of time from the first clock and wristwatch we produced through data integration – from classic timehonored designs through exclusive luxury collector’s pieces – timex group companies continue to deliver unparalleled quality to highly diverse and global customers,instagram,,facebook,,twitter,,timex india,,uckbqktjdcafsfhxzizhg,jun,india,timex india,,,,timexgroupindia,,false,tz,analoglife,,maketimeyours,,timexindia,,happyinternationalwomensday,,,,,,,,,,,,,,,,,,,,shorts,,analoglife,maketimeyours,timexindia,eiwcgcj,,,false,false,false,false,,,,,,to the women who pause to breathe dream and make time their own happy international womens day analoglife maketimeyours timexindia happyinternationalwomensday,,happy international womens day,,,shorts,,
,timex group designs manufactures and markets innovative timepieces and jewelry globally timex founded in has expanded to become timex group a privatelyheld company with several operating units and over employees worldwide one of the largest watch makers in the world timex group companies include the timex business unit timex timex ironman nautica marc ecko and helix timex group luxury watches salvatore ferragamo sequel guess gc and vertime versace timex group built its reputation as the pioneer in timekeeping by harnessing the power and possibility of time from the first clock and wristwatch we produced through data integration – from classic timehonored designs through exclusive luxury collector’s pieces – timex group companies continue to deliver unparalleled quality to highly diverse and global customers,instagram,,facebook,,twitter,,timex india,,uckbqktjdcafsfhxzizhg,jun,india,timex india,198,22588013,,timexgroupindia,,False,False,4710,,timex group designs manufactures and markets innovative timepieces and jewelry globally timex founded in has expanded to become timex group a privatelyheld company with several operating units and over employees worldwide one of the largest watch makers in the world timex group companies include the timex business unit timex timex ironman nautica marc ecko and helix timex group luxury watches salvatore ferragamo sequel guess gc and vertime versace timex group built its reputation as the pioneer in timekeeping by harnessing the power and possibility of time from the first clock and wristwatch we produced through data integration – from classic timehonored designs through exclusive luxury collector’s pieces – timex group companies continue to deliver unparalleled quality to highly diverse and global customers,instagram,,facebook,,twitter,,timex india,,uckbqktjdcafsfhxzizhg,jun,india,timex india,,,,timexgroupindia,,false,tz,,,,,,,,,,,,,,,,,,,,,,,,,,,shorts,,,,,jxkttjta,,,false,false,false,false,,,,,,discover the timex ufc collection inspired by the ultimate fighting championship combining durability with striking design perfect for athletes and enthusiasts alike watches ready for any battle,,timex ufc collection the watch for champions,,,shorts,,
,timex group designs manufactures and markets innovative timepieces and jewelry globally timex founded in has expanded to become timex group a privatelyheld company with several operating units and over employees worldwide one of the largest watch makers in the world timex group companies include the timex business unit timex timex ironman nautica marc ecko and helix timex group luxury watches salvatore ferragamo sequel guess gc and vertime versace timex group built its reputation as the pioneer in timekeeping by harnessing the power and possibility of time from the first clock and wristwatch we produced through data integration – from classic timehonored designs through exclusive luxury collector’s pieces – timex group companies continue to deliver unparalleled quality to highly diverse and global customers,instagram,,facebook,,twitter,,timex india,,uckbqktjdcafsfhxzizhg,jun,india,timex india,198,22588013,,timexgroupindia,,False,False,4710,,timex group designs manufactures and markets innovative timepieces and jewelry globally timex founded in has expanded to become timex group a privatelyheld company with several operating units and over employees worldwide one of the largest watch makers in the world timex group companies include the timex business unit timex timex ironman nautica marc ecko and helix timex group luxury watches salvatore ferragamo sequel guess gc and vertime versace timex group built its reputation as the pioneer in timekeeping by harnessing the power and possibility of time from the first clock and wristwatch we produced through data integration – from classic timehonored designs through exclusive luxury collector’s pieces – timex group companies continue to deliver unparalleled quality to highly diverse and global customers,instagram,,facebook,,twitter,,timex india,,uckbqktjdcafsfhxzizhg,jun,india,timex india,,,,timexgroupindia,,false,tz,,,,,,,,,,,,,,,,,,,,,,,,,,,shorts,,,,,ziinlxk,,,false,false,false,false,,,,,,,,our classic waterbury collection timexindia analoglife maketimeyours waterburywatches,,,shorts,,
,timex group designs manufactures and markets innovative timepieces and jewelry globally timex founded in has expanded to become timex group a privatelyheld company with several operating units and over employees worldwide one of the largest watch makers in the world timex group companies include the timex business unit timex timex ironman nautica marc ecko and helix timex group luxury watches salvatore ferragamo sequel guess gc and vertime versace timex group built its reputation as the pioneer in timekeeping by harnessing the power and possibility of time from the first clock and wristwatch we produced through data integration – from classic timehonored designs through exclusive luxury collector’s pieces – timex group companies continue to deliver unparalleled quality to highly diverse and global customers,instagram,,facebook,,twitter,,timex india,,uckbqktjdcafsfhxzizhg,jun,india,timex india,198,22588013,,timexgroupindia,,False,False,4710,,timex group designs manufactures and markets innovative timepieces and jewelry globally timex founded in has expanded to become timex group a privatelyheld company with several operating units and over employees worldwide one of the largest watch makers in the world timex group companies include the timex business unit timex timex ironman nautica marc ecko and helix timex group luxury watches salvatore ferragamo sequel guess gc and vertime versace timex group built its reputation as the pioneer in timekeeping by harnessing the power and possibility of time from the first clock and wristwatch we produced through data integration – from classic timehonored designs through exclusive luxury collector’s pieces – timex group companies continue to deliver unparalleled quality to highly diverse and global customers,instagram,,facebook,,twitter,,timex india,,uckbqktjdcafsfhxzizhg,jun,india,timex india,,,,timexgroupindia,,false,tz,,,,,,,,,,,,,,,,,,,,,,,,,,,shorts,,,,,ditoyonzmo,,,false,false,false,false,,,,,,watch that combines vintageinspired design with modern quality featuring a polished handset dimensional floating hour markers and a domed acrylic crystal the goldtone tonneau case adds a touch of elegance while the coinslot battery hatch nods to its historical roots,,retro revival q timex reissue,,,shorts,,
,timex group designs manufactures and markets innovative timepieces and jewelry globally timex founded in has expanded to become timex group a privatelyheld company with several operating units and over employees worldwide one of the largest watch makers in the world timex group companies include the timex business unit timex timex ironman nautica marc ecko and helix timex group luxury watches salvatore ferragamo sequel guess gc and vertime versace timex group built its reputation as the pioneer in timekeeping by harnessing the power and possibility of time from the first clock and wristwatch we produced through data integration – from classic timehonored designs through exclusive luxury collector’s pieces – timex group companies continue to deliver unparalleled quality to highly diverse and global customers,instagram,,facebook,,twitter,,timex india,,uckbqktjdcafsfhxzizhg,jun,india,timex india,198,22588013,,timexgroupindia,,False,False,4710,,timex group designs manufactures and markets innovative timepieces and jewelry globally timex founded in has expanded to become timex group a privatelyheld company with several operating units and over employees worldwide one of the largest watch makers in the world timex group companies include the timex business unit timex timex ironman nautica marc ecko and helix timex group luxury watches salvatore ferragamo sequel guess gc and vertime versace timex group built its reputation as the pioneer in timekeeping by harnessing the power and possibility of time from the first clock and wristwatch we produced through data integration – from classic timehonored designs through exclusive luxury collector’s pieces – timex group companies continue to deliver unparalleled quality to highly diverse and global customers,instagram,,facebook,,twitter,,timex india,,uckbqktjdcafsfhxzizhg,jun,india,timex india,,,,timexgroupindia,,false,tz,,,,,,,,,,,,,,,,,,,,,,,,,,,shorts,,,,,eqqjajdwsyc,,,false,false,false,false,,,,,,everyday accessory for women inspired by our archival qtimex designs it carries the original details from the collection including a rotating bezel functional battery hatch and day date analog display the mm stainlesssteel case is paired with a silvertone dial and comfortable woven stainlesssteel strap easily adjustable for a look and fit you will love make your fit flawless with qtimex watch​,,qtimex womens analogue watch with silvertone stainlesssteel strap​,,,shorts,,
,timex group designs manufactures and markets innovative timepieces and jewelry globally timex founded in has expanded to become timex group a privatelyheld company with several operating units and over employees worldwide one of the largest watch makers in the world timex group companies include the timex business unit timex timex ironman nautica marc ecko and helix timex group luxury watches salvatore ferragamo sequel guess gc and vertime versace timex group built its reputation as the pioneer in timekeeping by harnessing the power and possibility of time from the first clock and wristwatch we produced through data integration – from classic timehonored designs through exclusive luxury collector’s pieces – timex group companies continue to deliver unparalleled quality to highly diverse and global customers,instagram,,facebook,,twitter,,timex india,,uckbqktjdcafsfhxzizhg,jun,india,timex india,198,22588013,,timexgroupindia,,False,False,4710,,timex group designs manufactures and markets innovative timepieces and jewelry globally timex founded in has expanded to become timex group a privatelyheld company with several operating units and over employees worldwide one of the largest watch makers in the world timex group companies include the timex business unit timex timex ironman nautica marc ecko and helix timex group luxury watches salvatore ferragamo sequel guess gc and vertime versace timex group built its reputation as the pioneer in timekeeping by harnessing the power and possibility of time from the first clock and wristwatch we produced through data integration – from classic timehonored designs through exclusive luxury collector’s pieces – timex group companies continue to deliver unparalleled quality to highly diverse and global customers,instagram,,facebook,,twitter,,timex india,,uckbqktjdcafsfhxzizhg,jun,india,timex india,,,,timexgroupindia,,false,tz,,,,,,,,,,,,,,,,,,,,,,,,,,,shorts,,,,,yacyqy,,,false,false,false,false,,,,,,skutwwuj,,q timex blue round dial analog womens watch timexindia watch analoglife,,,shorts,,
,timex group designs manufactures and markets innovative timepieces and jewelry globally timex founded in has expanded to become timex group a privatelyheld company with several operating units and over employees worldwide one of the largest watch makers in the world timex group companies include the timex business unit timex timex ironman nautica marc ecko and helix timex group luxury watches salvatore ferragamo sequel guess gc and vertime versace timex group built its reputation as the pioneer in timekeeping by harnessing the power and possibility of time from the first clock and wristwatch we produced through data integration – from classic timehonored designs through exclusive luxury collector’s pieces – timex group companies continue to deliver unparalleled quality to highly diverse and global customers,instagram,,facebook,,twitter,,timex india,,uckbqktjdcafsfhxzizhg,jun,india,timex india,198,22588013,,timexgroupindia,,False,False,4710,,timex group designs manufactures and markets innovative timepieces and jewelry globally timex founded in has expanded to become timex group a privatelyheld company with several operating units and over employees worldwide one of the largest watch makers in the world timex group companies include the timex business unit timex timex ironman nautica marc ecko and helix timex group luxury watches salvatore ferragamo sequel guess gc and vertime versace timex group built its reputation as the pioneer in timekeeping by harnessing the power and possibility of time from the first clock and wristwatch we produced through data integration – from classic timehonored designs through exclusive luxury collector’s pieces – timex group companies continue to deliver unparalleled quality to highly diverse and global customers,instagram,,facebook,,twitter,,timex india,,uckbqktjdcafsfhxzizhg,jun,india,timex india,,,,timexgroupindia,,false,tz,,,,,,,,,,,,,,,,,,,,,,,,,,,shorts,,,,,gwjocavxm,,,false,false,false,false,,,,,,planning your next wilderness trek then you need a watch that can keep up rugged and reliable timepiece designed for explorers​ heres what makes this watch a musthave for any outdoor enthusiast​ extreme durability built to withstand harsh elements and unexpected falls​ compass bezel navigate your way through any terrain with ease​ water resistance withstand rain sweat and even unexpected dips​ survivalinspired design built for function and adventureready style,,designed for explorers timex north expedition field,,,shorts,,
,timex group designs manufactures and markets innovative timepieces and jewelry globally timex founded in has expanded to become timex group a privatelyheld company with several operating units and over employees worldwide one of the largest watch makers in the world timex group companies include the timex business unit timex timex ironman nautica marc ecko and helix timex group luxury watches salvatore ferragamo sequel guess gc and vertime versace timex group built its reputation as the pioneer in timekeeping by harnessing the power and possibility of time from the first clock and wristwatch we produced through data integration – from classic timehonored designs through exclusive luxury collector’s pieces – timex group companies continue to deliver unparalleled quality to highly diverse and global customers,instagram,,facebook,,twitter,,timex india,,uckbqktjdcafsfhxzizhg,jun,india,timex india,198,22588013,,timexgroupindia,,False,False,4710,,timex group designs manufactures and markets innovative timepieces and jewelry globally timex founded in has expanded to become timex group a privatelyheld company with several operating units and over employees worldwide one of the largest watch makers in the world timex group companies include the timex business unit timex timex ironman nautica marc ecko and helix timex group luxury watches salvatore ferragamo sequel guess gc and vertime versace timex group built its reputation as the pioneer in timekeeping by harnessing the power and possibility of time from the first clock and wristwatch we produced through data integration – from classic timehonored designs through exclusive luxury collector’s pieces – timex group companies continue to deliver unparalleled quality to highly diverse and global customers,instagram,,facebook,,twitter,,timex india,,uckbqktjdcafsfhxzizhg,jun,india,timex india,,,,timexgroupindia,,false,tz,wastemoretime,,timexindia,,timex,,wastemoretime,,wmt,,timexwatches,,ananyapanday,,,,,,,,,,,,,,shorts,,ananyapanday,timex,timexwatches,bhffej,,,false,false,false,false,,,,,,while everyone these days seems to be in a race against time we want you to wastemoretime if something makes you happy it’s not wasting timeit’s living so what better occasion than the festive season to stop counting your time and make it count for the things that really matter catch ananya panday wasting more time with a very special furry friend timexindia timex wastemoretime wmt timexwatches ananyapanday,,waste more time timex india invites you to waste more time with ananya panday,while everyone these days seems to be in a race against time we want you to wastemoretime if something makes you happy it’s not wasting timeit’s living so what better occasion than the festive season to stop counting your time and make it count for the things that really matter catch ananya panday wasting more time with a very special furry friend timexindia timex wastemoretime wmt timexwatches ananyapanday,,shorts,,
,timex group designs manufactures and markets innovative timepieces and jewelry globally timex founded in has expanded to become timex group a privatelyheld company with several operating units and over employees worldwide one of the largest watch makers in the world timex group companies include the timex business unit timex timex ironman nautica marc ecko and helix timex group luxury watches salvatore ferragamo sequel guess gc and vertime versace timex group built its reputation as the pioneer in timekeeping by harnessing the power and possibility of time from the first clock and wristwatch we produced through data integration – from classic timehonored designs through exclusive luxury collector’s pieces – timex group companies continue to deliver unparalleled quality to highly diverse and global customers,instagram,,facebook,,twitter,,timex india,,uckbqktjdcafsfhxzizhg,jun,india,timex india,198,22588013,,timexgroupindia,,False,False,4710,,timex group designs manufactures and markets innovative timepieces and jewelry globally timex founded in has expanded to become timex group a privatelyheld company with several operating units and over employees worldwide one of the largest watch makers in the world timex group companies include the timex business unit timex timex ironman nautica marc ecko and helix timex group luxury watches salvatore ferragamo sequel guess gc and vertime versace timex group built its reputation as the pioneer in timekeeping by harnessing the power and possibility of time from the first clock and wristwatch we produced through data integration – from classic timehonored designs through exclusive luxury collector’s pieces – timex group companies continue to deliver unparalleled quality to highly diverse and global customers,instagram,,facebook,,twitter,,timex india,,uckbqktjdcafsfhxzizhg,jun,india,timex india,,,,timexgroupindia,,false,tz,,,,,,,,,,,,,,,,,,,,,,,,,,,shorts,,,,,sgbyzkvkxs,,,false,false,false,false,,,,,,keep track of your life and navigate your everyday routine effortlessly with timex iconnect gen unisex smartwatch​,,shop timex iconnect watch to live life better​,,shop timex iconnect watch to live life better​,shorts,,
,timex group designs manufactures and markets innovative timepieces and jewelry globally timex founded in has expanded to become timex group a privatelyheld company with several operating units and over employees worldwide one of the largest watch makers in the world timex group companies include the timex business unit timex timex ironman nautica marc ecko and helix timex group luxury watches salvatore ferragamo sequel guess gc and vertime versace timex group built its reputation as the pioneer in timekeeping by harnessing the power and possibility of time from the first clock and wristwatch we produced through data integration – from classic timehonored designs through exclusive luxury collector’s pieces – timex group companies continue to deliver unparalleled quality to highly diverse and global customers,instagram,,facebook,,twitter,,timex india,,uckbqktjdcafsfhxzizhg,jun,india,timex india,198,22588013,,timexgroupindia,,False,False,4710,,timex group designs manufactures and markets innovative timepieces and jewelry globally timex founded in has expanded to become timex group a privatelyheld company with several operating units and over employees worldwide one of the largest watch makers in the world timex group companies include the timex business unit timex timex ironman nautica marc ecko and helix timex group luxury watches salvatore ferragamo sequel guess gc and vertime versace timex group built its reputation as the pioneer in timekeeping by harnessing the power and possibility of time from the first clock and wristwatch we produced through data integration – from classic timehonored designs through exclusive luxury collector’s pieces – timex group companies continue to deliver unparalleled quality to highly diverse and global customers,instagram,,facebook,,twitter,,timex india,,uckbqktjdcafsfhxzizhg,jun,india,timex india,,,,timexgroupindia,,false,tz,,,,,timexindia,,timexindia,,timexindia,,,,,,,,,,,,,,,,,,shorts,,,,,udbzlhfzk,,,false,false,false,false,,,,,,the demogorgon made its way out of the darkness and onto our timex camper dial when indiglo is on available on the timex india website shop now for more information visit our website follow us on instagram timexindia facebook timexindia twitter timexindia,,timex x stranger things,,,shorts,,
,timex group designs manufactures and markets innovative timepieces and jewelry globally timex founded in has expanded to become timex group a privatelyheld company with several operating units and over employees worldwide one of the largest watch makers in the world timex group companies include the timex business unit timex timex ironman nautica marc ecko and helix timex group luxury watches salvatore ferragamo sequel guess gc and vertime versace timex group built its reputation as the pioneer in timekeeping by harnessing the power and possibility of time from the first clock and wristwatch we produced through data integration – from classic timehonored designs through exclusive luxury collector’s pieces – timex group companies continue to deliver unparalleled quality to highly diverse and global customers,instagram,,facebook,,twitter,,timex india,,uckbqktjdcafsfhxzizhg,jun,india,timex india,198,22588013,,timexgroupindia,,False,False,4710,,timex group designs manufactures and markets innovative timepieces and jewelry globally timex founded in has expanded to become timex group a privatelyheld company with several operating units and over employees worldwide one of the largest watch makers in the world timex group companies include the timex business unit timex timex ironman nautica marc ecko and helix timex group luxury watches salvatore ferragamo sequel guess gc and vertime versace timex group built its reputation as the pioneer in timekeeping by harnessing the power and possibility of time from the first clock and wristwatch we produced through data integration – from classic timehonored designs through exclusive luxury collector’s pieces – timex group companies continue to deliver unparalleled quality to highly diverse and global customers,instagram,,facebook,,twitter,,timex india,,uckbqktjdcafsfhxzizhg,jun,india,timex india,,,,timexgroupindia,,false,tz,,,,,,,,,,,,,,,,,,,,,,,,,,,shorts,,,,,uxivrxp,,,false,false,false,false,,,,,,the expedition north collection is your true companion for life its sustainable fabric is made from postconsumer recycled plastic with a sturdy ecoceramic case with its uncompromised quality functionality style it handles every challenge life throws at it check out now,,timex expedition north® traprock sustainably adventurous,,,shorts,,
,timex group designs manufactures and markets innovative timepieces and jewelry globally timex founded in has expanded to become timex group a privatelyheld company with several operating units and over employees worldwide one of the largest watch makers in the world timex group companies include the timex business unit timex timex ironman nautica marc ecko and helix timex group luxury watches salvatore ferragamo sequel guess gc and vertime versace timex group built its reputation as the pioneer in timekeeping by harnessing the power and possibility of time from the first clock and wristwatch we produced through data integration – from classic timehonored designs through exclusive luxury collector’s pieces – timex group companies continue to deliver unparalleled quality to highly diverse and global customers,instagram,,facebook,,twitter,,timex india,,uckbqktjdcafsfhxzizhg,jun,india,timex india,198,22588013,,timexgroupindia,,False,False,4710,,timex group designs manufactures and markets innovative timepieces and jewelry globally timex founded in has expanded to become timex group a privatelyheld company with several operating units and over employees worldwide one of the largest watch makers in the world timex group companies include the timex business unit timex timex ironman nautica marc ecko and helix timex group luxury watches salvatore ferragamo sequel guess gc and vertime versace timex group built its reputation as the pioneer in timekeeping by harnessing the power and possibility of time from the first clock and wristwatch we produced through data integration – from classic timehonored designs through exclusive luxury collector’s pieces – timex group companies continue to deliver unparalleled quality to highly diverse and global customers,instagram,,facebook,,twitter,,timex india,,uckbqktjdcafsfhxzizhg,jun,india,timex india,,,,timexgroupindia,,false,tz,,,timexindia,,blackfriday,,timexblackfriday,,blackfridaysale,,timexwatches,,,,,,,,,,,,,,,,shorts,,timexwatches,blackfriday,blackfridaysale,xbfnvzkqts,,,false,false,false,false,,,,,,timexs black friday extravaganza up to off watches an extra for new shoppers save big on your favourite timepieces from timex timexindia blackfriday timexblackfriday blackfridaysale timexwatches,,timex black friday where style meets savings,,,shorts,,
,timex group designs manufactures and markets innovative timepieces and jewelry globally timex founded in has expanded to become timex group a privatelyheld company with several operating units and over employees worldwide one of the largest watch makers in the world timex group companies include the timex business unit timex timex ironman nautica marc ecko and helix timex group luxury watches salvatore ferragamo sequel guess gc and vertime versace timex group built its reputation as the pioneer in timekeeping by harnessing the power and possibility of time from the first clock and wristwatch we produced through data integration – from classic timehonored designs through exclusive luxury collector’s pieces – timex group companies continue to deliver unparalleled quality to highly diverse and global customers,instagram,,facebook,,twitter,,timex india,,uckbqktjdcafsfhxzizhg,jun,india,timex india,198,22588013,,timexgroupindia,,False,False,4710,,timex group designs manufactures and markets innovative timepieces and jewelry globally timex founded in has expanded to become timex group a privatelyheld company with several operating units and over employees worldwide one of the largest watch makers in the world timex group companies include the timex business unit timex timex ironman nautica marc ecko and helix timex group luxury watches salvatore ferragamo sequel guess gc and vertime versace timex group built its reputation as the pioneer in timekeeping by harnessing the power and possibility of time from the first clock and wristwatch we produced through data integration – from classic timehonored designs through exclusive luxury collector’s pieces – timex group companies continue to deliver unparalleled quality to highly diverse and global customers,instagram,,facebook,,twitter,,timex india,,uckbqktjdcafsfhxzizhg,jun,india,timex india,,,,timexgroupindia,,false,tz,,,,,timexindia,,timexindia,,timexindia,,,,,,,,,,,,,,,,,,shorts,,,,,igardvdfum,,,false,false,false,false,,,,,,check out our unforgettable timex atlantis featuring an eerie indiglo image reveal of the mind flayer available on the timex india website shop now for more information visit our website follow us on instagram timexindia facebook timexindia twitter timexindia,,timex x stranger things,,,shorts,,
,timex group designs manufactures and markets innovative timepieces and jewelry globally timex founded in has expanded to become timex group a privatelyheld company with several operating units and over employees worldwide one of the largest watch makers in the world timex group companies include the timex business unit timex timex ironman nautica marc ecko and helix timex group luxury watches salvatore ferragamo sequel guess gc and vertime versace timex group built its reputation as the pioneer in timekeeping by harnessing the power and possibility of time from the first clock and wristwatch we produced through data integration – from classic timehonored designs through exclusive luxury collector’s pieces – timex group companies continue to deliver unparalleled quality to highly diverse and global customers,instagram,,facebook,,twitter,,timex india,,uckbqktjdcafsfhxzizhg,jun,india,timex india,198,22588013,,timexgroupindia,,False,False,4710,,timex group designs manufactures and markets innovative timepieces and jewelry globally timex founded in has expanded to become timex group a privatelyheld company with several operating units and over employees worldwide one of the largest watch makers in the world timex group companies include the timex business unit timex timex ironman nautica marc ecko and helix timex group luxury watches salvatore ferragamo sequel guess gc and vertime versace timex group built its reputation as the pioneer in timekeeping by harnessing the power and possibility of time from the first clock and wristwatch we produced through data integration – from classic timehonored designs through exclusive luxury collector’s pieces – timex group companies continue to deliver unparalleled quality to highly diverse and global customers,instagram,,facebook,,twitter,,timex india,,uckbqktjdcafsfhxzizhg,jun,india,timex india,,,,timexgroupindia,,false,tz,,,,,,,,,,,,,,,,,,,,,,,,,,,shorts,,,,,tqruiopqsr,,,false,false,false,false,,,,,,inspired by the iconic coca cola “hilltop” commercial in we created three commemorative styles that symbolize peace love and harmony now available on the timex india website shop now,,timex x cocacola,,,shorts,,
,timex group designs manufactures and markets innovative timepieces and jewelry globally timex founded in has expanded to become timex group a privatelyheld company with several operating units and over employees worldwide one of the largest watch makers in the world timex group companies include the timex business unit timex timex ironman nautica marc ecko and helix timex group luxury watches salvatore ferragamo sequel guess gc and vertime versace timex group built its reputation as the pioneer in timekeeping by harnessing the power and possibility of time from the first clock and wristwatch we produced through data integration – from classic timehonored designs through exclusive luxury collector’s pieces – timex group companies continue to deliver unparalleled quality to highly diverse and global customers,instagram,,facebook,,twitter,,timex india,,uckbqktjdcafsfhxzizhg,jun,india,timex india,198,22588013,,timexgroupindia,,False,False,4710,,timex group designs manufactures and markets innovative timepieces and jewelry globally timex founded in has expanded to become timex group a privatelyheld company with several operating units and over employees worldwide one of the largest watch makers in the world timex group companies include the timex business unit timex timex ironman nautica marc ecko and helix timex group luxury watches salvatore ferragamo sequel guess gc and vertime versace timex group built its reputation as the pioneer in timekeeping by harnessing the power and possibility of time from the first clock and wristwatch we produced through data integration – from classic timehonored designs through exclusive luxury collector’s pieces – timex group companies continue to deliver unparalleled quality to highly diverse and global customers,instagram,,facebook,,twitter,,timex india,,uckbqktjdcafsfhxzizhg,jun,india,timex india,,,,timexgroupindia,,false,tz,,,,,,,,,,,,,,,,,,,,,,,,,,,shorts,,,,,guicyfyuiyq,,,false,false,false,false,,,,,,introducing the timex ufc debut bracelet watch this luxury watch features a mm stainlesssteel case luminous hands and m water resistance see how it balances luxury and toughness perfectly​,,timex ufc debut watch tough with a touch of class,,,shorts,,
,timex group designs manufactures and markets innovative timepieces and jewelry globally timex founded in has expanded to become timex group a privatelyheld company with several operating units and over employees worldwide one of the largest watch makers in the world timex group companies include the timex business unit timex timex ironman nautica marc ecko and helix timex group luxury watches salvatore ferragamo sequel guess gc and vertime versace timex group built its reputation as the pioneer in timekeeping by harnessing the power and possibility of time from the first clock and wristwatch we produced through data integration – from classic timehonored designs through exclusive luxury collector’s pieces – timex group companies continue to deliver unparalleled quality to highly diverse and global customers,instagram,,facebook,,twitter,,timex india,,uckbqktjdcafsfhxzizhg,jun,india,timex india,198,22588013,,timexgroupindia,,False,False,4710,,timex group designs manufactures and markets innovative timepieces and jewelry globally timex founded in has expanded to become timex group a privatelyheld company with several operating units and over employees worldwide one of the largest watch makers in the world timex group companies include the timex business unit timex timex ironman nautica marc ecko and helix timex group luxury watches salvatore ferragamo sequel guess gc and vertime versace timex group built its reputation as the pioneer in timekeeping by harnessing the power and possibility of time from the first clock and wristwatch we produced through data integration – from classic timehonored designs through exclusive luxury collector’s pieces – timex group companies continue to deliver unparalleled quality to highly diverse and global customers,instagram,,facebook,,twitter,,timex india,,uckbqktjdcafsfhxzizhg,jun,india,timex india,,,,timexgroupindia,,false,tz,,,timex,,celestialopulence,,,,,,,,,,,,,,,,,,,,,,shorts,,timex,celestialopulence,,wrikjbrbw,,,false,false,false,false,,,,,,explore the wonders of the sky with the all new celestial opulence crystal that comes with an ethereal dial featuring shimmering swarovski® crystal accents when lit up our indiglo® backlight illuminates the etched constellation patterns letting you see the stars in a whole new light shop now timex celestialopulence,,timex celestial opulence crystal,,,shorts,,
,timex group designs manufactures and markets innovative timepieces and jewelry globally timex founded in has expanded to become timex group a privatelyheld company with several operating units and over employees worldwide one of the largest watch makers in the world timex group companies include the timex business unit timex timex ironman nautica marc ecko and helix timex group luxury watches salvatore ferragamo sequel guess gc and vertime versace timex group built its reputation as the pioneer in timekeeping by harnessing the power and possibility of time from the first clock and wristwatch we produced through data integration – from classic timehonored designs through exclusive luxury collector’s pieces – timex group companies continue to deliver unparalleled quality to highly diverse and global customers,instagram,,facebook,,twitter,,timex india,,uckbqktjdcafsfhxzizhg,jun,india,timex india,198,22588013,,timexgroupindia,,False,False,4710,,timex group designs manufactures and markets innovative timepieces and jewelry globally timex founded in has expanded to become timex group a privatelyheld company with several operating units and over employees worldwide one of the largest watch makers in the world timex group companies include the timex business unit timex timex ironman nautica marc ecko and helix timex group luxury watches salvatore ferragamo sequel guess gc and vertime versace timex group built its reputation as the pioneer in timekeeping by harnessing the power and possibility of time from the first clock and wristwatch we produced through data integration – from classic timehonored designs through exclusive luxury collector’s pieces – timex group companies continue to deliver unparalleled quality to highly diverse and global customers,instagram,,facebook,,twitter,,timex india,,uckbqktjdcafsfhxzizhg,jun,india,timex india,,,,timexgroupindia,,false,tz,timex,,nasa,,analoglife,,qtimex,,,,,,,,,,,,,,,,,,,,videos,,timex,analoglife,nasa,okewmonztrm,,,false,false,false,false,,,,,,as artemis ii carries humanity beyond the moon we’re witnessing a defining moment in exploration driven by curiosity courage and the urge to go further in the same spirit timex introduces q timex x nasa paying homage to the apollo mission this cosmic reimagining of our ‘s q timex features a multifunction movement with day date and a sunmoon indicator a luminous moon on the subdial uses the same glowing infill as the hands and markers while the caseback reveals the iconic “blue marble timex nasa analoglife qtimex,,timex introduces q timex x nasa,,,video,,
,timex group designs manufactures and markets innovative timepieces and jewelry globally timex founded in has expanded to become timex group a privatelyheld company with several operating units and over employees worldwide one of the largest watch makers in the world timex group companies include the timex business unit timex timex ironman nautica marc ecko and helix timex group luxury watches salvatore ferragamo sequel guess gc and vertime versace timex group built its reputation as the pioneer in timekeeping by harnessing the power and possibility of time from the first clock and wristwatch we produced through data integration – from classic timehonored designs through exclusive luxury collector’s pieces – timex group companies continue to deliver unparalleled quality to highly diverse and global customers,instagram,,facebook,,twitter,,timex india,,uckbqktjdcafsfhxzizhg,jun,india,timex india,198,22588013,,timexgroupindia,,False,False,4710,,timex group designs manufactures and markets innovative timepieces and jewelry globally timex founded in has expanded to become timex group a privatelyheld company with several operating units and over employees worldwide one of the largest watch makers in the world timex group companies include the timex business unit timex timex ironman nautica marc ecko and helix timex group luxury watches salvatore ferragamo sequel guess gc and vertime versace timex group built its reputation as the pioneer in timekeeping by harnessing the power and possibility of time from the first clock and wristwatch we produced through data integration – from classic timehonored designs through exclusive luxury collector’s pieces – timex group companies continue to deliver unparalleled quality to highly diverse and global customers,instagram,,facebook,,twitter,,timex india,,uckbqktjdcafsfhxzizhg,jun,india,timex india,,,,timexgroupindia,,false,tz,timex,,wedontstop,,,,,,,,,,,,,,,,,,,,,,,,shorts,,wedontstop,timex,,senpgzogu,,,false,false,false,false,,,,,,years of american watchmaking legacy we don’t stop because you don’t timex wedontstop,,celebrating years of legacy,,,shorts,,
,timex group designs manufactures and markets innovative timepieces and jewelry globally timex founded in has expanded to become timex group a privatelyheld company with several operating units and over employees worldwide one of the largest watch makers in the world timex group companies include the timex business unit timex timex ironman nautica marc ecko and helix timex group luxury watches salvatore ferragamo sequel guess gc and vertime versace timex group built its reputation as the pioneer in timekeeping by harnessing the power and possibility of time from the first clock and wristwatch we produced through data integration – from classic timehonored designs through exclusive luxury collector’s pieces – timex group companies continue to deliver unparalleled quality to highly diverse and global customers,instagram,,facebook,,twitter,,timex india,,uckbqktjdcafsfhxzizhg,jun,india,timex india,198,22588013,,timexgroupindia,,False,False,4710,,timex group designs manufactures and markets innovative timepieces and jewelry globally timex founded in has expanded to become timex group a privatelyheld company with several operating units and over employees worldwide one of the largest watch makers in the world timex group companies include the timex business unit timex timex ironman nautica marc ecko and helix timex group luxury watches salvatore ferragamo sequel guess gc and vertime versace timex group built its reputation as the pioneer in timekeeping by harnessing the power and possibility of time from the first clock and wristwatch we produced through data integration – from classic timehonored designs through exclusive luxury collector’s pieces – timex group companies continue to deliver unparalleled quality to highly diverse and global customers,instagram,,facebook,,twitter,,timex india,,uckbqktjdcafsfhxzizhg,jun,india,timex india,,,,timexgroupindia,,false,tz,,,,,,,,,,,,,,,,,,,,,,,,,,,shorts,,,,,atllrayai,,,false,false,false,false,,,,,,link skutwbuj,,timex expedition north grey round dial digital mens watchtimexindia watch adventuretime,,,shorts,,
,timex group designs manufactures and markets innovative timepieces and jewelry globally timex founded in has expanded to become timex group a privatelyheld company with several operating units and over employees worldwide one of the largest watch makers in the world timex group companies include the timex business unit timex timex ironman nautica marc ecko and helix timex group luxury watches salvatore ferragamo sequel guess gc and vertime versace timex group built its reputation as the pioneer in timekeeping by harnessing the power and possibility of time from the first clock and wristwatch we produced through data integration – from classic timehonored designs through exclusive luxury collector’s pieces – timex group companies continue to deliver unparalleled quality to highly diverse and global customers,instagram,,facebook,,twitter,,timex india,,uckbqktjdcafsfhxzizhg,jun,india,timex india,198,22588013,,timexgroupindia,,False,False,4710,,timex group designs manufactures and markets innovative timepieces and jewelry globally timex founded in has expanded to become timex group a privatelyheld company with several operating units and over employees worldwide one of the largest watch makers in the world timex group companies include the timex business unit timex timex ironman nautica marc ecko and helix timex group luxury watches salvatore ferragamo sequel guess gc and vertime versace timex group built its reputation as the pioneer in timekeeping by harnessing the power and possibility of time from the first clock and wristwatch we produced through data integration – from classic timehonored designs through exclusive luxury collector’s pieces – timex group companies continue to deliver unparalleled quality to highly diverse and global customers,instagram,,facebook,,twitter,,timex india,,uckbqktjdcafsfhxzizhg,jun,india,timex india,,,,timexgroupindia,,false,tz,,,timexindia,,timexindia,,timexindia,,,,,,,,,,,,,,,,,,,,shorts,,,,,tterjapjqay,,,false,false,false,false,,,,,,each new year is marked by both uncertainty and opportunity were here for both because we dont stop – and neither do you for more information visit our website follow us on instagram timexindia facebook timexindia twitter timexindia,,given for generations,,,shorts,,
,timex group designs manufactures and markets innovative timepieces and jewelry globally timex founded in has expanded to become timex group a privatelyheld company with several operating units and over employees worldwide one of the largest watch makers in the world timex group companies include the timex business unit timex timex ironman nautica marc ecko and helix timex group luxury watches salvatore ferragamo sequel guess gc and vertime versace timex group built its reputation as the pioneer in timekeeping by harnessing the power and possibility of time from the first clock and wristwatch we produced through data integration – from classic timehonored designs through exclusive luxury collector’s pieces – timex group companies continue to deliver unparalleled quality to highly diverse and global customers,instagram,,facebook,,twitter,,timex india,,uckbqktjdcafsfhxzizhg,jun,india,timex india,198,22588013,,timexgroupindia,,False,False,4710,,timex group designs manufactures and markets innovative timepieces and jewelry globally timex founded in has expanded to become timex group a privatelyheld company with several operating units and over employees worldwide one of the largest watch makers in the world timex group companies include the timex business unit timex timex ironman nautica marc ecko and helix timex group luxury watches salvatore ferragamo sequel guess gc and vertime versace timex group built its reputation as the pioneer in timekeeping by harnessing the power and possibility of time from the first clock and wristwatch we produced through data integration – from classic timehonored designs through exclusive luxury collector’s pieces – timex group companies continue to deliver unparalleled quality to highly diverse and global customers,instagram,,facebook,,twitter,,timex india,,uckbqktjdcafsfhxzizhg,jun,india,timex india,,,,timexgroupindia,,false,tz,,,,,,,,,,,,,,,,,,,,,,,,,,,shorts,,,,,minffkfmte,,,false,false,false,false,,,,,,the true festive spirit lies in the joy of caring gifting and celebrating together this diwali double the celebrations and happiness with timex’s double treat offer gift your loved ones a timeless present that they will adore for a lifetime buy a timex and get another get another watch of its mrp absolutely free offer valid in stores till th november,,timex double treat offer,,,shorts,,
,timex group designs manufactures and markets innovative timepieces and jewelry globally timex founded in has expanded to become timex group a privatelyheld company with several operating units and over employees worldwide one of the largest watch makers in the world timex group companies include the timex business unit timex timex ironman nautica marc ecko and helix timex group luxury watches salvatore ferragamo sequel guess gc and vertime versace timex group built its reputation as the pioneer in timekeeping by harnessing the power and possibility of time from the first clock and wristwatch we produced through data integration – from classic timehonored designs through exclusive luxury collector’s pieces – timex group companies continue to deliver unparalleled quality to highly diverse and global customers,instagram,,facebook,,twitter,,timex india,,uckbqktjdcafsfhxzizhg,jun,india,timex india,198,22588013,,timexgroupindia,,False,False,4710,,timex group designs manufactures and markets innovative timepieces and jewelry globally timex founded in has expanded to become timex group a privatelyheld company with several operating units and over employees worldwide one of the largest watch makers in the world timex group companies include the timex business unit timex timex ironman nautica marc ecko and helix timex group luxury watches salvatore ferragamo sequel guess gc and vertime versace timex group built its reputation as the pioneer in timekeeping by harnessing the power and possibility of time from the first clock and wristwatch we produced through data integration – from classic timehonored designs through exclusive luxury collector’s pieces – timex group companies continue to deliver unparalleled quality to highly diverse and global customers,instagram,,facebook,,twitter,,timex india,,uckbqktjdcafsfhxzizhg,jun,india,timex india,,,,timexgroupindia,,false,tz,,,,,,,,,,,,,,,,,,,,,,,,,,,shorts,,,,,xxsgltwse,,,false,false,false,false,,,,,,introducing the all new but familiar colors for our q timex first released in the s our original q timex gave a new generation a modern watch with quartz technology a natural evolution of our muchloved q timex reissue watch this adds new color to the iconic features of the original a black and blue rotating bezel woven goldtone stainlesssteel bracelet functional battery hatch and domed acrylic crystal available on the timex india website shop now,,q timex color series,,,shorts,,
,timex group designs manufactures and markets innovative timepieces and jewelry globally timex founded in has expanded to become timex group a privatelyheld company with several operating units and over employees worldwide one of the largest watch makers in the world timex group companies include the timex business unit timex timex ironman nautica marc ecko and helix timex group luxury watches salvatore ferragamo sequel guess gc and vertime versace timex group built its reputation as the pioneer in timekeeping by harnessing the power and possibility of time from the first clock and wristwatch we produced through data integration – from classic timehonored designs through exclusive luxury collector’s pieces – timex group companies continue to deliver unparalleled quality to highly diverse and global customers,instagram,,facebook,,twitter,,timex india,,uckbqktjdcafsfhxzizhg,jun,india,timex india,198,22588013,,timexgroupindia,,False,False,4710,,timex group designs manufactures and markets innovative timepieces and jewelry globally timex founded in has expanded to become timex group a privatelyheld company with several operating units and over employees worldwide one of the largest watch makers in the world timex group companies include the timex business unit timex timex ironman nautica marc ecko and helix timex group luxury watches salvatore ferragamo sequel guess gc and vertime versace timex group built its reputation as the pioneer in timekeeping by harnessing the power and possibility of time from the first clock and wristwatch we produced through data integration – from classic timehonored designs through exclusive luxury collector’s pieces – timex group companies continue to deliver unparalleled quality to highly diverse and global customers,instagram,,facebook,,twitter,,timex india,,uckbqktjdcafsfhxzizhg,jun,india,timex india,,,,timexgroupindia,,false,tz,,,,,,,,,,,,,,,,,,,,,,,,,,,videos,,,,,ldfeyggbs,,,false,false,false,false,,,,,,time isn’t just measured — it’s lived meet the q timex continental gmt ss where heritage design meets global precision one wrist two time zones infinite journeys for those who wander for those who lead for those who redefine time the world is yours — wear it discover more,,own every horizon q timex continental gmt timexindia analoglife maketimeyours qtimex,,,video,,
,timex group designs manufactures and markets innovative timepieces and jewelry globally timex founded in has expanded to become timex group a privatelyheld company with several operating units and over employees worldwide one of the largest watch makers in the world timex group companies include the timex business unit timex timex ironman nautica marc ecko and helix timex group luxury watches salvatore ferragamo sequel guess gc and vertime versace timex group built its reputation as the pioneer in timekeeping by harnessing the power and possibility of time from the first clock and wristwatch we produced through data integration – from classic timehonored designs through exclusive luxury collector’s pieces – timex group companies continue to deliver unparalleled quality to highly diverse and global customers,instagram,,facebook,,twitter,,timex india,,uckbqktjdcafsfhxzizhg,jun,india,timex india,198,22588013,,timexgroupindia,,False,False,4710,,timex group designs manufactures and markets innovative timepieces and jewelry globally timex founded in has expanded to become timex group a privatelyheld company with several operating units and over employees worldwide one of the largest watch makers in the world timex group companies include the timex business unit timex timex ironman nautica marc ecko and helix timex group luxury watches salvatore ferragamo sequel guess gc and vertime versace timex group built its reputation as the pioneer in timekeeping by harnessing the power and possibility of time from the first clock and wristwatch we produced through data integration – from classic timehonored designs through exclusive luxury collector’s pieces – timex group companies continue to deliver unparalleled quality to highly diverse and global customers,instagram,,facebook,,twitter,,timex india,,uckbqktjdcafsfhxzizhg,jun,india,timex india,,,,timexgroupindia,,false,tz,,,,,,,,,,,,,,,,,,,,,,,,,,,shorts,,,,,kwydgmamo,,,false,false,false,false,,,,,,,,when timeless style meets modern momentum,,,shorts,,
,timex group designs manufactures and markets innovative timepieces and jewelry globally timex founded in has expanded to become timex group a privatelyheld company with several operating units and over employees worldwide one of the largest watch makers in the world timex group companies include the timex business unit timex timex ironman nautica marc ecko and helix timex group luxury watches salvatore ferragamo sequel guess gc and vertime versace timex group built its reputation as the pioneer in timekeeping by harnessing the power and possibility of time from the first clock and wristwatch we produced through data integration – from classic timehonored designs through exclusive luxury collector’s pieces – timex group companies continue to deliver unparalleled quality to highly diverse and global customers,instagram,,facebook,,twitter,,timex india,,uckbqktjdcafsfhxzizhg,jun,india,timex india,198,22588013,,timexgroupindia,,False,False,4710,,timex group designs manufactures and markets innovative timepieces and jewelry globally timex founded in has expanded to become timex group a privatelyheld company with several operating units and over employees worldwide one of the largest watch makers in the world timex group companies include the timex business unit timex timex ironman nautica marc ecko and helix timex group luxury watches salvatore ferragamo sequel guess gc and vertime versace timex group built its reputation as the pioneer in timekeeping by harnessing the power and possibility of time from the first clock and wristwatch we produced through data integration – from classic timehonored designs through exclusive luxury collector’s pieces – timex group companies continue to deliver unparalleled quality to highly diverse and global customers,instagram,,facebook,,twitter,,timex india,,uckbqktjdcafsfhxzizhg,jun,india,timex india,,,,timexgroupindia,,false,tz,,,,,,,,,,,,,,,,,,,,,,,,,,,videos,,,,,xczmxhrfg,,,false,false,false,false,,,,,,a bold racing stripe ignites the rich wheat dial of this beautifully detailed update to our marlin quartz chronograph tachymeter at the o’clock mark you’ll find a hour subdial decorated with the checkered flags that signal victory on the racetrack driven by an ultraprecise quartz movement this smooth timepiece includes a chronograph for tracking elapsed time and a tachymeter index along its outer minute track for measuring speed though it brings a new and exciting edge to our marlin collection it retains classic marlin features with a sturdy mm stainless steel case domed acrylic crystal and retrostyle applied indices at and oclock completing its racing aesthetic is a perforated black natural leather strap sourced from the leather working group lwg and equipped with quickrelease spring bars,,timex marlin quartz chronograph tachymetertimexindia analoglife maketimeyours marlin,,,video,,
,timex group designs manufactures and markets innovative timepieces and jewelry globally timex founded in has expanded to become timex group a privatelyheld company with several operating units and over employees worldwide one of the largest watch makers in the world timex group companies include the timex business unit timex timex ironman nautica marc ecko and helix timex group luxury watches salvatore ferragamo sequel guess gc and vertime versace timex group built its reputation as the pioneer in timekeeping by harnessing the power and possibility of time from the first clock and wristwatch we produced through data integration – from classic timehonored designs through exclusive luxury collector’s pieces – timex group companies continue to deliver unparalleled quality to highly diverse and global customers,instagram,,facebook,,twitter,,timex india,,uckbqktjdcafsfhxzizhg,jun,india,timex india,198,22588013,,timexgroupindia,,False,False,4710,,timex group designs manufactures and markets innovative timepieces and jewelry globally timex founded in has expanded to become timex group a privatelyheld company with several operating units and over employees worldwide one of the largest watch makers in the world timex group companies include the timex business unit timex timex ironman nautica marc ecko and helix timex group luxury watches salvatore ferragamo sequel guess gc and vertime versace timex group built its reputation as the pioneer in timekeeping by harnessing the power and possibility of time from the first clock and wristwatch we produced through data integration – from classic timehonored designs through exclusive luxury collector’s pieces – timex group companies continue to deliver unparalleled quality to highly diverse and global customers,instagram,,facebook,,twitter,,timex india,,uckbqktjdcafsfhxzizhg,jun,india,timex india,,,,timexgroupindia,,false,tz,,,,,,,,,,,,,,,,,,,,,,,,,,,videos,,,,,mrxggjogws,,,false,false,false,false,,,,,,at timex we believe in the beauty of simply great watchmaking for over years we’ve crafted timepieces that do more than tell time—helping you savor the moments that make life meaningful the waterbury collection reflects this enduring spirit—crafted with purpose made to last and designed to inspire every moment,,timex waterbury heritage chronograph,,,video,,
,timex group designs manufactures and markets innovative timepieces and jewelry globally timex founded in has expanded to become timex group a privatelyheld company with several operating units and over employees worldwide one of the largest watch makers in the world timex group companies include the timex business unit timex timex ironman nautica marc ecko and helix timex group luxury watches salvatore ferragamo sequel guess gc and vertime versace timex group built its reputation as the pioneer in timekeeping by harnessing the power and possibility of time from the first clock and wristwatch we produced through data integration – from classic timehonored designs through exclusive luxury collector’s pieces – timex group companies continue to deliver unparalleled quality to highly diverse and global customers,instagram,,facebook,,twitter,,timex india,,uckbqktjdcafsfhxzizhg,jun,india,timex india,198,22588013,,timexgroupindia,,False,False,4710,,timex group designs manufactures and markets innovative timepieces and jewelry globally timex founded in has expanded to become timex group a privatelyheld company with several operating units and over employees worldwide one of the largest watch makers in the world timex group companies include the timex business unit timex timex ironman nautica marc ecko and helix timex group luxury watches salvatore ferragamo sequel guess gc and vertime versace timex group built its reputation as the pioneer in timekeeping by harnessing the power and possibility of time from the first clock and wristwatch we produced through data integration – from classic timehonored designs through exclusive luxury collector’s pieces – timex group companies continue to deliver unparalleled quality to highly diverse and global customers,instagram,,facebook,,twitter,,timex india,,uckbqktjdcafsfhxzizhg,jun,india,timex india,,,,timexgroupindia,,false,tz,,,,,,,,,,,,,,,,,,,,,,,,,,,videos,,,,,tsfybtic,,,false,false,false,false,,,,,,weekend mode on ️ slipping on a timex weekender can make any day feel like a saturday we’re bringing a fresh burst of energy to this beloved timepiece with elevated details like a sleek new case and crown design and a fun assortment of fabric and leather straps that keep things comfortable casual and cool the “we” logo on the dial is a reminder that any boring old day can become unforgettable if it’s spent with our favorite people,,timex weekender timexindia analoglife maketimeyours weekender,,,video,,
,timex group designs manufactures and markets innovative timepieces and jewelry globally timex founded in has expanded to become timex group a privatelyheld company with several operating units and over employees worldwide one of the largest watch makers in the world timex group companies include the timex business unit timex timex ironman nautica marc ecko and helix timex group luxury watches salvatore ferragamo sequel guess gc and vertime versace timex group built its reputation as the pioneer in timekeeping by harnessing the power and possibility of time from the first clock and wristwatch we produced through data integration – from classic timehonored designs through exclusive luxury collector’s pieces – timex group companies continue to deliver unparalleled quality to highly diverse and global customers,instagram,,facebook,,twitter,,timex india,,uckbqktjdcafsfhxzizhg,jun,india,timex india,198,22588013,,timexgroupindia,,False,False,4710,,timex group designs manufactures and markets innovative timepieces and jewelry globally timex founded in has expanded to become timex group a privatelyheld company with several operating units and over employees worldwide one of the largest watch makers in the world timex group companies include the timex business unit timex timex ironman nautica marc ecko and helix timex group luxury watches salvatore ferragamo sequel guess gc and vertime versace timex group built its reputation as the pioneer in timekeeping by harnessing the power and possibility of time from the first clock and wristwatch we produced through data integration – from classic timehonored designs through exclusive luxury collector’s pieces – timex group companies continue to deliver unparalleled quality to highly diverse and global customers,instagram,,facebook,,twitter,,timex india,,uckbqktjdcafsfhxzizhg,jun,india,timex india,,,,timexgroupindia,,false,tz,,,,,,,,,,,,,,,,,,,,,,,,,,,videos,,,,,eoexqmwckm,,,false,false,false,false,,,,,,we believe in the beauty of simply great watchmaking for over years weve crafted timepieces that do more than tell time—keeping it simple allowing you to relish in the authentic moments that make life special in a fastpaced alwaysconnected world its easy to lose sight of what matters but when you pause and look up that’s when life truly unfolds your timex is more than just a watch its a reminder to live intentionally and savor every second find joy in the simplicity of an analog life where every second feels a little more yours,,timex analog life make time yours,,,video,,
,timex group designs manufactures and markets innovative timepieces and jewelry globally timex founded in has expanded to become timex group a privatelyheld company with several operating units and over employees worldwide one of the largest watch makers in the world timex group companies include the timex business unit timex timex ironman nautica marc ecko and helix timex group luxury watches salvatore ferragamo sequel guess gc and vertime versace timex group built its reputation as the pioneer in timekeeping by harnessing the power and possibility of time from the first clock and wristwatch we produced through data integration – from classic timehonored designs through exclusive luxury collector’s pieces – timex group companies continue to deliver unparalleled quality to highly diverse and global customers,instagram,,facebook,,twitter,,timex india,,uckbqktjdcafsfhxzizhg,jun,india,timex india,198,22588013,,timexgroupindia,,False,False,4710,,timex group designs manufactures and markets innovative timepieces and jewelry globally timex founded in has expanded to become timex group a privatelyheld company with several operating units and over employees worldwide one of the largest watch makers in the world timex group companies include the timex business unit timex timex ironman nautica marc ecko and helix timex group luxury watches salvatore ferragamo sequel guess gc and vertime versace timex group built its reputation as the pioneer in timekeeping by harnessing the power and possibility of time from the first clock and wristwatch we produced through data integration – from classic timehonored designs through exclusive luxury collector’s pieces – timex group companies continue to deliver unparalleled quality to highly diverse and global customers,instagram,,facebook,,twitter,,timex india,,uckbqktjdcafsfhxzizhg,jun,india,timex india,,,,timexgroupindia,,false,tz,,,,,,,,,,,,,,,,,,,,,,,,,,,videos,,,,,hzfieylo,,,false,false,false,false,,,,,,find your perfect companion on shoptimexindiacom timex expedition north twwuj twwuj,,your weekend deserves an expedition,,,video,,
,timex group designs manufactures and markets innovative timepieces and jewelry globally timex founded in has expanded to become timex group a privatelyheld company with several operating units and over employees worldwide one of the largest watch makers in the world timex group companies include the timex business unit timex timex ironman nautica marc ecko and helix timex group luxury watches salvatore ferragamo sequel guess gc and vertime versace timex group built its reputation as the pioneer in timekeeping by harnessing the power and possibility of time from the first clock and wristwatch we produced through data integration – from classic timehonored designs through exclusive luxury collector’s pieces – timex group companies continue to deliver unparalleled quality to highly diverse and global customers,instagram,,facebook,,twitter,,timex india,,uckbqktjdcafsfhxzizhg,jun,india,timex india,198,22588013,,timexgroupindia,,False,False,4710,,timex group designs manufactures and markets innovative timepieces and jewelry globally timex founded in has expanded to become timex group a privatelyheld company with several operating units and over employees worldwide one of the largest watch makers in the world timex group companies include the timex business unit timex timex ironman nautica marc ecko and helix timex group luxury watches salvatore ferragamo sequel guess gc and vertime versace timex group built its reputation as the pioneer in timekeeping by harnessing the power and possibility of time from the first clock and wristwatch we produced through data integration – from classic timehonored designs through exclusive luxury collector’s pieces – timex group companies continue to deliver unparalleled quality to highly diverse and global customers,instagram,,facebook,,twitter,,timex india,,uckbqktjdcafsfhxzizhg,jun,india,timex india,,,,timexgroupindia,,false,tz,,,,,,,,,,,,,,,,,,,,,,,,,,,videos,,,,,sddumab,,,false,false,false,false,,,,,,we’re bringing a fresh burst of energy to our beloved timex weekender with new pops of color on the doublelayered slipthru strap get yours now at,,𝗪𝗲𝗲𝗸𝗲𝗻𝗱 𝗠𝗼𝗱𝗲 𝗢𝗻 ️ timexindia analoglife maketimeyours weekender,,,video,,
,timex group designs manufactures and markets innovative timepieces and jewelry globally timex founded in has expanded to become timex group a privatelyheld company with several operating units and over employees worldwide one of the largest watch makers in the world timex group companies include the timex business unit timex timex ironman nautica marc ecko and helix timex group luxury watches salvatore ferragamo sequel guess gc and vertime versace timex group built its reputation as the pioneer in timekeeping by harnessing the power and possibility of time from the first clock and wristwatch we produced through data integration – from classic timehonored designs through exclusive luxury collector’s pieces – timex group companies continue to deliver unparalleled quality to highly diverse and global customers,instagram,,facebook,,twitter,,timex india,,uckbqktjdcafsfhxzizhg,jun,india,timex india,198,22588013,,timexgroupindia,,False,False,4710,,timex group designs manufactures and markets innovative timepieces and jewelry globally timex founded in has expanded to become timex group a privatelyheld company with several operating units and over employees worldwide one of the largest watch makers in the world timex group companies include the timex business unit timex timex ironman nautica marc ecko and helix timex group luxury watches salvatore ferragamo sequel guess gc and vertime versace timex group built its reputation as the pioneer in timekeeping by harnessing the power and possibility of time from the first clock and wristwatch we produced through data integration – from classic timehonored designs through exclusive luxury collector’s pieces – timex group companies continue to deliver unparalleled quality to highly diverse and global customers,instagram,,facebook,,twitter,,timex india,,uckbqktjdcafsfhxzizhg,jun,india,timex india,,,,timexgroupindia,,false,tz,,,,,,,,,,,,,,,,,,,,,,,,,,,videos,,,,,wxshwtvdm,,,false,false,false,false,,,,,,time isn’t just measured — it’s lived meet the q timex continental gmt ss where heritage design meets global precision one wrist two time zones infinite journeys for those who wander for those who lead for those who redefine time the world is yours — wear it discover more,,own every horizon q timex continental gmttimexindia analoglife maketimeyours qtimex,,,video,,
,timex group designs manufactures and markets innovative timepieces and jewelry globally timex founded in has expanded to become timex group a privatelyheld company with several operating units and over employees worldwide one of the largest watch makers in the world timex group companies include the timex business unit timex timex ironman nautica marc ecko and helix timex group luxury watches salvatore ferragamo sequel guess gc and vertime versace timex group built its reputation as the pioneer in timekeeping by harnessing the power and possibility of time from the first clock and wristwatch we produced through data integration – from classic timehonored designs through exclusive luxury collector’s pieces – timex group companies continue to deliver unparalleled quality to highly diverse and global customers,instagram,,facebook,,twitter,,timex india,,uckbqktjdcafsfhxzizhg,jun,india,timex india,198,22588013,,timexgroupindia,,False,False,4710,,timex group designs manufactures and markets innovative timepieces and jewelry globally timex founded in has expanded to become timex group a privatelyheld company with several operating units and over employees worldwide one of the largest watch makers in the world timex group companies include the timex business unit timex timex ironman nautica marc ecko and helix timex group luxury watches salvatore ferragamo sequel guess gc and vertime versace timex group built its reputation as the pioneer in timekeeping by harnessing the power and possibility of time from the first clock and wristwatch we produced through data integration – from classic timehonored designs through exclusive luxury collector’s pieces – timex group companies continue to deliver unparalleled quality to highly diverse and global customers,instagram,,facebook,,twitter,,timex india,,uckbqktjdcafsfhxzizhg,jun,india,timex india,,,,timexgroupindia,,false,tz,,,,,,,,,,,,,,,,,,,,,,,,,,,videos,,,,,telksuo,,,false,false,false,false,,,,,,at timex we believe in the beauty of simply great watchmaking for over years we’ve crafted timepieces that do more than tell time—helping you savor the moments that make life meaningful the waterbury collection reflects this enduring spirit—crafted with purpose made to last and designed to inspire every moment,,timex waterbury heritage chronograph,,,video,,
,timex group designs manufactures and markets innovative timepieces and jewelry globally timex founded in has expanded to become timex group a privatelyheld company with several operating units and over employees worldwide one of the largest watch makers in the world timex group companies include the timex business unit timex timex ironman nautica marc ecko and helix timex group luxury watches salvatore ferragamo sequel guess gc and vertime versace timex group built its reputation as the pioneer in timekeeping by harnessing the power and possibility of time from the first clock and wristwatch we produced through data integration – from classic timehonored designs through exclusive luxury collector’s pieces – timex group companies continue to deliver unparalleled quality to highly diverse and global customers,instagram,,facebook,,twitter,,timex india,,uckbqktjdcafsfhxzizhg,jun,india,timex india,198,22588013,,timexgroupindia,,False,False,4710,,timex group designs manufactures and markets innovative timepieces and jewelry globally timex founded in has expanded to become timex group a privatelyheld company with several operating units and over employees worldwide one of the largest watch makers in the world timex group companies include the timex business unit timex timex ironman nautica marc ecko and helix timex group luxury watches salvatore ferragamo sequel guess gc and vertime versace timex group built its reputation as the pioneer in timekeeping by harnessing the power and possibility of time from the first clock and wristwatch we produced through data integration – from classic timehonored designs through exclusive luxury collector’s pieces – timex group companies continue to deliver unparalleled quality to highly diverse and global customers,instagram,,facebook,,twitter,,timex india,,uckbqktjdcafsfhxzizhg,jun,india,timex india,,,,timexgroupindia,,false,tz,,,,,,,,,,,,,,,,,,,,,,,,,,,videos,,,,,wzmjzkq,,,false,false,false,false,,,,,,shop the watch,,explore new horizons with timex expedition timexexpedition adventuretime outdoorgear timexindia,,,video,,
,timex group designs manufactures and markets innovative timepieces and jewelry globally timex founded in has expanded to become timex group a privatelyheld company with several operating units and over employees worldwide one of the largest watch makers in the world timex group companies include the timex business unit timex timex ironman nautica marc ecko and helix timex group luxury watches salvatore ferragamo sequel guess gc and vertime versace timex group built its reputation as the pioneer in timekeeping by harnessing the power and possibility of time from the first clock and wristwatch we produced through data integration – from classic timehonored designs through exclusive luxury collector’s pieces – timex group companies continue to deliver unparalleled quality to highly diverse and global customers,instagram,,facebook,,twitter,,timex india,,uckbqktjdcafsfhxzizhg,jun,india,timex india,198,22588013,,timexgroupindia,,False,False,4710,,timex group designs manufactures and markets innovative timepieces and jewelry globally timex founded in has expanded to become timex group a privatelyheld company with several operating units and over employees worldwide one of the largest watch makers in the world timex group companies include the timex business unit timex timex ironman nautica marc ecko and helix timex group luxury watches salvatore ferragamo sequel guess gc and vertime versace timex group built its reputation as the pioneer in timekeeping by harnessing the power and possibility of time from the first clock and wristwatch we produced through data integration – from classic timehonored designs through exclusive luxury collector’s pieces – timex group companies continue to deliver unparalleled quality to highly diverse and global customers,instagram,,facebook,,twitter,,timex india,,uckbqktjdcafsfhxzizhg,jun,india,timex india,,,,timexgroupindia,,false,tz,,,,,,,,,,,,,,,,,,,,,,,,,,,videos,,,,,ibusjzlpk,,,false,false,false,false,,,,,,,,gold meets pink elegance personalised timexindia watch womensaccessories pink gold,,,video,,
,timex group designs manufactures and markets innovative timepieces and jewelry globally timex founded in has expanded to become timex group a privatelyheld company with several operating units and over employees worldwide one of the largest watch makers in the world timex group companies include the timex business unit timex timex ironman nautica marc ecko and helix timex group luxury watches salvatore ferragamo sequel guess gc and vertime versace timex group built its reputation as the pioneer in timekeeping by harnessing the power and possibility of time from the first clock and wristwatch we produced through data integration – from classic timehonored designs through exclusive luxury collector’s pieces – timex group companies continue to deliver unparalleled quality to highly diverse and global customers,instagram,,facebook,,twitter,,timex india,,uckbqktjdcafsfhxzizhg,jun,india,timex india,198,22588013,,timexgroupindia,,False,False,4710,,timex group designs manufactures and markets innovative timepieces and jewelry globally timex founded in has expanded to become timex group a privatelyheld company with several operating units and over employees worldwide one of the largest watch makers in the world timex group companies include the timex business unit timex timex ironman nautica marc ecko and helix timex group luxury watches salvatore ferragamo sequel guess gc and vertime versace timex group built its reputation as the pioneer in timekeeping by harnessing the power and possibility of time from the first clock and wristwatch we produced through data integration – from classic timehonored designs through exclusive luxury collector’s pieces – timex group companies continue to deliver unparalleled quality to highly diverse and global customers,instagram,,facebook,,twitter,,timex india,,uckbqktjdcafsfhxzizhg,jun,india,timex india,,,,timexgroupindia,,false,tz,,,,,,,,,,,,,,,,,,,,,,,,,,,videos,,,,,izjuvxdhe,,,false,false,false,false,,,,,,link skutwbuj,,timex expedition north grey round dial digital mens watchtimexindia watch adventuretime,,,video,,
,timex group designs manufactures and markets innovative timepieces and jewelry globally timex founded in has expanded to become timex group a privatelyheld company with several operating units and over employees worldwide one of the largest watch makers in the world timex group companies include the timex business unit timex timex ironman nautica marc ecko and helix timex group luxury watches salvatore ferragamo sequel guess gc and vertime versace timex group built its reputation as the pioneer in timekeeping by harnessing the power and possibility of time from the first clock and wristwatch we produced through data integration – from classic timehonored designs through exclusive luxury collector’s pieces – timex group companies continue to deliver unparalleled quality to highly diverse and global customers,instagram,,facebook,,twitter,,timex india,,uckbqktjdcafsfhxzizhg,jun,india,timex india,198,22588013,,timexgroupindia,,False,False,4710,,timex group designs manufactures and markets innovative timepieces and jewelry globally timex founded in has expanded to become timex group a privatelyheld company with several operating units and over employees worldwide one of the largest watch makers in the world timex group companies include the timex business unit timex timex ironman nautica marc ecko and helix timex group luxury watches salvatore ferragamo sequel guess gc and vertime versace timex group built its reputation as the pioneer in timekeeping by harnessing the power and possibility of time from the first clock and wristwatch we produced through data integration – from classic timehonored designs through exclusive luxury collector’s pieces – timex group companies continue to deliver unparalleled quality to highly diverse and global customers,instagram,,facebook,,twitter,,timex india,,uckbqktjdcafsfhxzizhg,jun,india,timex india,,,,timexgroupindia,,false,tz,,,,,,,,,,,,,,,,,,,,,,,,,,,shorts,,,,,xuick,,,false,false,false,false,,,,,,shop the watch,,explore new horizons with timex expedition timexexpedition adventuretime outdoorgear timexindia,,,shorts,,
,timex group designs manufactures and markets innovative timepieces and jewelry globally timex founded in has expanded to become timex group a privatelyheld company with several operating units and over employees worldwide one of the largest watch makers in the world timex group companies include the timex business unit timex timex ironman nautica marc ecko and helix timex group luxury watches salvatore ferragamo sequel guess gc and vertime versace timex group built its reputation as the pioneer in timekeeping by harnessing the power and possibility of time from the first clock and wristwatch we produced through data integration – from classic timehonored designs through exclusive luxury collector’s pieces – timex group companies continue to deliver unparalleled quality to highly diverse and global customers,instagram,,facebook,,twitter,,timex india,,uckbqktjdcafsfhxzizhg,jun,india,timex india,198,22588013,,timexgroupindia,,False,False,4710,,timex group designs manufactures and markets innovative timepieces and jewelry globally timex founded in has expanded to become timex group a privatelyheld company with several operating units and over employees worldwide one of the largest watch makers in the world timex group companies include the timex business unit timex timex ironman nautica marc ecko and helix timex group luxury watches salvatore ferragamo sequel guess gc and vertime versace timex group built its reputation as the pioneer in timekeeping by harnessing the power and possibility of time from the first clock and wristwatch we produced through data integration – from classic timehonored designs through exclusive luxury collector’s pieces – timex group companies continue to deliver unparalleled quality to highly diverse and global customers,instagram,,facebook,,twitter,,timex india,,uckbqktjdcafsfhxzizhg,jun,india,timex india,,,,timexgroupindia,,false,tz,,,,,,,,,,,,,,,,,,,,,,,,,,,videos,,,,,tzceojone,,,false,false,false,false,,,,,,link skutwbuj,,timex expedition north grey round dial digital mens watch timexindia watch adventure digital,,,video,,
,timex group designs manufactures and markets innovative timepieces and jewelry globally timex founded in has expanded to become timex group a privatelyheld company with several operating units and over employees worldwide one of the largest watch makers in the world timex group companies include the timex business unit timex timex ironman nautica marc ecko and helix timex group luxury watches salvatore ferragamo sequel guess gc and vertime versace timex group built its reputation as the pioneer in timekeeping by harnessing the power and possibility of time from the first clock and wristwatch we produced through data integration – from classic timehonored designs through exclusive luxury collector’s pieces – timex group companies continue to deliver unparalleled quality to highly diverse and global customers,instagram,,facebook,,twitter,,timex india,,uckbqktjdcafsfhxzizhg,jun,india,timex india,198,22588013,,timexgroupindia,,False,False,4710,,timex group designs manufactures and markets innovative timepieces and jewelry globally timex founded in has expanded to become timex group a privatelyheld company with several operating units and over employees worldwide one of the largest watch makers in the world timex group companies include the timex business unit timex timex ironman nautica marc ecko and helix timex group luxury watches salvatore ferragamo sequel guess gc and vertime versace timex group built its reputation as the pioneer in timekeeping by harnessing the power and possibility of time from the first clock and wristwatch we produced through data integration – from classic timehonored designs through exclusive luxury collector’s pieces – timex group companies continue to deliver unparalleled quality to highly diverse and global customers,instagram,,facebook,,twitter,,timex india,,uckbqktjdcafsfhxzizhg,jun,india,timex india,,,,timexgroupindia,,false,tz,timexdeepwater,,maketimeyours,,timexindia,,analoglife,,,,,,,,,,,,,,,,,,,,videos,,analoglife,timexdeepwater,maketimeyours,rgovchcazi,,,false,false,false,false,,,,,,the deep calls and your time is now timex deepwater lets you conquer the unknown and make every moment yours timexdeepwater maketimeyours timexindia analoglife collection link,,timex deepwater,the deep calls and your time is now timex deepwater lets you conquer the unknown and make every moment yours timexdeepwater maketimeyours timexindia analoglife collection link,,video,,
,timex group designs manufactures and markets innovative timepieces and jewelry globally timex founded in has expanded to become timex group a privatelyheld company with several operating units and over employees worldwide one of the largest watch makers in the world timex group companies include the timex business unit timex timex ironman nautica marc ecko and helix timex group luxury watches salvatore ferragamo sequel guess gc and vertime versace timex group built its reputation as the pioneer in timekeeping by harnessing the power and possibility of time from the first clock and wristwatch we produced through data integration – from classic timehonored designs through exclusive luxury collector’s pieces – timex group companies continue to deliver unparalleled quality to highly diverse and global customers,instagram,,facebook,,twitter,,timex india,,uckbqktjdcafsfhxzizhg,jun,india,timex india,198,22588013,,timexgroupindia,,False,False,4710,,timex group designs manufactures and markets innovative timepieces and jewelry globally timex founded in has expanded to become timex group a privatelyheld company with several operating units and over employees worldwide one of the largest watch makers in the world timex group companies include the timex business unit timex timex ironman nautica marc ecko and helix timex group luxury watches salvatore ferragamo sequel guess gc and vertime versace timex group built its reputation as the pioneer in timekeeping by harnessing the power and possibility of time from the first clock and wristwatch we produced through data integration – from classic timehonored designs through exclusive luxury collector’s pieces – timex group companies continue to deliver unparalleled quality to highly diverse and global customers,instagram,,facebook,,twitter,,timex india,,uckbqktjdcafsfhxzizhg,jun,india,timex india,,,,timexgroupindia,,false,tz,,,,,,,,,,,,,,,,,,,,,,,,,,,videos,,,,,chfekupk,,,false,false,false,false,,,,,,introducing the timex waterbury flyback designed in germany this watch features a unique fly back chronograph and a second time zone indicator ideal for the modern man,,timex waterbury masterfully engineered,,,video,,
,timex group designs manufactures and markets innovative timepieces and jewelry globally timex founded in has expanded to become timex group a privatelyheld company with several operating units and over employees worldwide one of the largest watch makers in the world timex group companies include the timex business unit timex timex ironman nautica marc ecko and helix timex group luxury watches salvatore ferragamo sequel guess gc and vertime versace timex group built its reputation as the pioneer in timekeeping by harnessing the power and possibility of time from the first clock and wristwatch we produced through data integration – from classic timehonored designs through exclusive luxury collector’s pieces – timex group companies continue to deliver unparalleled quality to highly diverse and global customers,instagram,,facebook,,twitter,,timex india,,uckbqktjdcafsfhxzizhg,jun,india,timex india,198,22588013,,timexgroupindia,,False,False,4710,,timex group designs manufactures and markets innovative timepieces and jewelry globally timex founded in has expanded to become timex group a privatelyheld company with several operating units and over employees worldwide one of the largest watch makers in the world timex group companies include the timex business unit timex timex ironman nautica marc ecko and helix timex group luxury watches salvatore ferragamo sequel guess gc and vertime versace timex group built its reputation as the pioneer in timekeeping by harnessing the power and possibility of time from the first clock and wristwatch we produced through data integration – from classic timehonored designs through exclusive luxury collector’s pieces – timex group companies continue to deliver unparalleled quality to highly diverse and global customers,instagram,,facebook,,twitter,,timex india,,uckbqktjdcafsfhxzizhg,jun,india,timex india,,,,timexgroupindia,,false,tz,timexindia,,maketimeyours,,analoglife,,,,,,,,,,,,,,,,,,,,,,videos,,analoglife,timexindia,maketimeyours,rvmfhbxl,,,false,false,false,false,,,,,,more than a watch a timex is a reminder to slow down tune out the noise and live on your own time reclaim your moments make time yours timexindia maketimeyours analoglife,,analog life make time yours with timex,,,video,,
,timex group designs manufactures and markets innovative timepieces and jewelry globally timex founded in has expanded to become timex group a privatelyheld company with several operating units and over employees worldwide one of the largest watch makers in the world timex group companies include the timex business unit timex timex ironman nautica marc ecko and helix timex group luxury watches salvatore ferragamo sequel guess gc and vertime versace timex group built its reputation as the pioneer in timekeeping by harnessing the power and possibility of time from the first clock and wristwatch we produced through data integration – from classic timehonored designs through exclusive luxury collector’s pieces – timex group companies continue to deliver unparalleled quality to highly diverse and global customers,instagram,,facebook,,twitter,,timex india,,uckbqktjdcafsfhxzizhg,jun,india,timex india,198,22588013,,timexgroupindia,,False,False,4710,,timex group designs manufactures and markets innovative timepieces and jewelry globally timex founded in has expanded to become timex group a privatelyheld company with several operating units and over employees worldwide one of the largest watch makers in the world timex group companies include the timex business unit timex timex ironman nautica marc ecko and helix timex group luxury watches salvatore ferragamo sequel guess gc and vertime versace timex group built its reputation as the pioneer in timekeeping by harnessing the power and possibility of time from the first clock and wristwatch we produced through data integration – from classic timehonored designs through exclusive luxury collector’s pieces – timex group companies continue to deliver unparalleled quality to highly diverse and global customers,instagram,,facebook,,twitter,,timex india,,uckbqktjdcafsfhxzizhg,jun,india,timex india,,,,timexgroupindia,,false,tz,,,,,,,,,,,,,,,,,,,,,,,,,,,videos,,,,,kqypdtzc,,,false,false,false,false,,,,,,introducing timex and ufc collection bringing together the best of timekeeping and combat sports the future is now and its time to wear it on your wrist shop here,,the future is now seize the moment,,,video,,
,timex group designs manufactures and markets innovative timepieces and jewelry globally timex founded in has expanded to become timex group a privatelyheld company with several operating units and over employees worldwide one of the largest watch makers in the world timex group companies include the timex business unit timex timex ironman nautica marc ecko and helix timex group luxury watches salvatore ferragamo sequel guess gc and vertime versace timex group built its reputation as the pioneer in timekeeping by harnessing the power and possibility of time from the first clock and wristwatch we produced through data integration – from classic timehonored designs through exclusive luxury collector’s pieces – timex group companies continue to deliver unparalleled quality to highly diverse and global customers,instagram,,facebook,,twitter,,timex india,,uckbqktjdcafsfhxzizhg,jun,india,timex india,198,22588013,,timexgroupindia,,False,False,4710,,timex group designs manufactures and markets innovative timepieces and jewelry globally timex founded in has expanded to become timex group a privatelyheld company with several operating units and over employees worldwide one of the largest watch makers in the world timex group companies include the timex business unit timex timex ironman nautica marc ecko and helix timex group luxury watches salvatore ferragamo sequel guess gc and vertime versace timex group built its reputation as the pioneer in timekeeping by harnessing the power and possibility of time from the first clock and wristwatch we produced through data integration – from classic timehonored designs through exclusive luxury collector’s pieces – timex group companies continue to deliver unparalleled quality to highly diverse and global customers,instagram,,facebook,,twitter,,timex india,,uckbqktjdcafsfhxzizhg,jun,india,timex india,,,,timexgroupindia,,false,tz,,,,,,,,,,,,,,,,,,,,,,,,,,,videos,,,,,gnluggaem,,,false,false,false,false,,,,,,at timex we believe in the beauty of simply great watchmaking crafting timepieces that do more than tell time a timex keeps it simple allowing you to live intentionally and relish in the authentic moments that make life special join the analog life where every second feels a little more yours,,join the analog life with timex where every second feels a little more yours,,,video,,
,timex group designs manufactures and markets innovative timepieces and jewelry globally timex founded in has expanded to become timex group a privatelyheld company with several operating units and over employees worldwide one of the largest watch makers in the world timex group companies include the timex business unit timex timex ironman nautica marc ecko and helix timex group luxury watches salvatore ferragamo sequel guess gc and vertime versace timex group built its reputation as the pioneer in timekeeping by harnessing the power and possibility of time from the first clock and wristwatch we produced through data integration – from classic timehonored designs through exclusive luxury collector’s pieces – timex group companies continue to deliver unparalleled quality to highly diverse and global customers,instagram,,facebook,,twitter,,timex india,,uckbqktjdcafsfhxzizhg,jun,india,timex india,198,22588013,,timexgroupindia,,False,False,4710,,timex group designs manufactures and markets innovative timepieces and jewelry globally timex founded in has expanded to become timex group a privatelyheld company with several operating units and over employees worldwide one of the largest watch makers in the world timex group companies include the timex business unit timex timex ironman nautica marc ecko and helix timex group luxury watches salvatore ferragamo sequel guess gc and vertime versace timex group built its reputation as the pioneer in timekeeping by harnessing the power and possibility of time from the first clock and wristwatch we produced through data integration – from classic timehonored designs through exclusive luxury collector’s pieces – timex group companies continue to deliver unparalleled quality to highly diverse and global customers,instagram,,facebook,,twitter,,timex india,,uckbqktjdcafsfhxzizhg,jun,india,timex india,,,,timexgroupindia,,false,tz,timex,,timexindia,,analoglife,,seasonshowcase,,,,,,,,,,,,,,,,,,,,videos,,timex,analoglife,timexindia,ngfjlvyq,,,false,false,false,false,,,,,,embracing the essence of an analog life one moment at a time in a world that moves at digital speed we took a step back to reconnect with what truly matters—genuine connections and meaningful memories sharing the glimpses from our recent event where we created an immersive experience for influencers and media with the analog life theme with showcase of our latest innovations along with the limited edition ranges the event was a celebration of simplicity connection and the timeless beauty of the analog world heres to slowing down to truly live in the moment timex timexindia analoglife maketimeyours seasonshowcase,,timex analog life,embracing the essence of an analog life one moment at a time in a world that moves at digital speed we took a step back to reconnect with what truly matters—genuine connections and meaningful memories sharing the glimpses from our recent event where we created an immersive experience for influencers and media with the analog life theme with showcase of our latest innovations along with the limited edition ranges the event was a celebration of simplicity connection and the timeless beauty of the analog world heres to slowing down to truly live in the moment timex timexindia analoglife maketimeyours seasonshowcase,,video,,
,timex group designs manufactures and markets innovative timepieces and jewelry globally timex founded in has expanded to become timex group a privatelyheld company with several operating units and over employees worldwide one of the largest watch makers in the world timex group companies include the timex business unit timex timex ironman nautica marc ecko and helix timex group luxury watches salvatore ferragamo sequel guess gc and vertime versace timex group built its reputation as the pioneer in timekeeping by harnessing the power and possibility of time from the first clock and wristwatch we produced through data integration – from classic timehonored designs through exclusive luxury collector’s pieces – timex group companies continue to deliver unparalleled quality to highly diverse and global customers,instagram,,facebook,,twitter,,timex india,,uckbqktjdcafsfhxzizhg,jun,india,timex india,198,22588013,,timexgroupindia,,False,False,4710,,timex group designs manufactures and markets innovative timepieces and jewelry globally timex founded in has expanded to become timex group a privatelyheld company with several operating units and over employees worldwide one of the largest watch makers in the world timex group companies include the timex business unit timex timex ironman nautica marc ecko and helix timex group luxury watches salvatore ferragamo sequel guess gc and vertime versace timex group built its reputation as the pioneer in timekeeping by harnessing the power and possibility of time from the first clock and wristwatch we produced through data integration – from classic timehonored designs through exclusive luxury collector’s pieces – timex group companies continue to deliver unparalleled quality to highly diverse and global customers,instagram,,facebook,,twitter,,timex india,,uckbqktjdcafsfhxzizhg,jun,india,timex india,,,,timexgroupindia,,false,tz,,,,,,,,,,,,,,,,,,,,,,,,,,,shorts,,,,,zkiczylzc,,,false,false,false,false,,,,,,this rugged yet sophisticated timepiece features a black dial colored quartz and a durable leather strap built for everyday use and the toughest challenges,,timex ufc tough enough for champions,,,shorts,,
,timex group designs manufactures and markets innovative timepieces and jewelry globally timex founded in has expanded to become timex group a privatelyheld company with several operating units and over employees worldwide one of the largest watch makers in the world timex group companies include the timex business unit timex timex ironman nautica marc ecko and helix timex group luxury watches salvatore ferragamo sequel guess gc and vertime versace timex group built its reputation as the pioneer in timekeeping by harnessing the power and possibility of time from the first clock and wristwatch we produced through data integration – from classic timehonored designs through exclusive luxury collector’s pieces – timex group companies continue to deliver unparalleled quality to highly diverse and global customers,instagram,,facebook,,twitter,,timex india,,uckbqktjdcafsfhxzizhg,jun,india,timex india,198,22588013,,timexgroupindia,,False,False,4710,,timex group designs manufactures and markets innovative timepieces and jewelry globally timex founded in has expanded to become timex group a privatelyheld company with several operating units and over employees worldwide one of the largest watch makers in the world timex group companies include the timex business unit timex timex ironman nautica marc ecko and helix timex group luxury watches salvatore ferragamo sequel guess gc and vertime versace timex group built its reputation as the pioneer in timekeeping by harnessing the power and possibility of time from the first clock and wristwatch we produced through data integration – from classic timehonored designs through exclusive luxury collector’s pieces – timex group companies continue to deliver unparalleled quality to highly diverse and global customers,instagram,,facebook,,twitter,,timex india,,uckbqktjdcafsfhxzizhg,jun,india,timex india,,,,timexgroupindia,,false,tz,timexindia,,ss,,timex,,watchfam,,watchlovers,,analoglife,,maketimeyours,,newwatch,,wristcheck,,,,,,,,,,shorts,,wristcheck,timex,watchfam,rxshnuw,,,false,false,false,false,,,,,,born in the ‘s built for speed our marlin quartz chronograph tachymeter is precision in motion built with a highperforming chronograph and tachymeter index for tracking elapsed time and determining average speed now available at timexcom or tap the post to shop timexindia ss timex watchfam watchlovers analoglife maketimeyours newwatch wristcheck,,timex marlin quartz chronograph tachymeter is born in the ‘s built for speed,,,shorts,,
,timex group designs manufactures and markets innovative timepieces and jewelry globally timex founded in has expanded to become timex group a privatelyheld company with several operating units and over employees worldwide one of the largest watch makers in the world timex group companies include the timex business unit timex timex ironman nautica marc ecko and helix timex group luxury watches salvatore ferragamo sequel guess gc and vertime versace timex group built its reputation as the pioneer in timekeeping by harnessing the power and possibility of time from the first clock and wristwatch we produced through data integration – from classic timehonored designs through exclusive luxury collector’s pieces – timex group companies continue to deliver unparalleled quality to highly diverse and global customers,instagram,,facebook,,twitter,,timex india,,uckbqktjdcafsfhxzizhg,jun,india,timex india,198,22588013,,timexgroupindia,,False,False,4710,,timex group designs manufactures and markets innovative timepieces and jewelry globally timex founded in has expanded to become timex group a privatelyheld company with several operating units and over employees worldwide one of the largest watch makers in the world timex group companies include the timex business unit timex timex ironman nautica marc ecko and helix timex group luxury watches salvatore ferragamo sequel guess gc and vertime versace timex group built its reputation as the pioneer in timekeeping by harnessing the power and possibility of time from the first clock and wristwatch we produced through data integration – from classic timehonored designs through exclusive luxury collector’s pieces – timex group companies continue to deliver unparalleled quality to highly diverse and global customers,instagram,,facebook,,twitter,,timex india,,uckbqktjdcafsfhxzizhg,jun,india,timex india,,,,timexgroupindia,,false,tz,,,,,,,,,,,,,,,,,,,,,,,,,,,videos,,,,,tumxgpgny,,,false,false,false,false,,,,,,originally unleashed onto the scene in the timex automatic e line was a classic dress watch distinguished by a rounded square case shape affectionately dubbed the ‘tv dial’ this thoughtful color update features a brushed and polished stainlesssteel case and coordinating expansion band enhanced with our perfect fit technology its powered by a miyota caliber japanese automatic movement with jewels and completing its smooth profile is a vintagestyle flat acrylic crystal distinct applied hour markers a simple printed minute track and a discreet date window seamlessly integrated into the ice blue dial at o’clock,,timex® automatic e line,,,video,,
,timex group designs manufactures and markets innovative timepieces and jewelry globally timex founded in has expanded to become timex group a privatelyheld company with several operating units and over employees worldwide one of the largest watch makers in the world timex group companies include the timex business unit timex timex ironman nautica marc ecko and helix timex group luxury watches salvatore ferragamo sequel guess gc and vertime versace timex group built its reputation as the pioneer in timekeeping by harnessing the power and possibility of time from the first clock and wristwatch we produced through data integration – from classic timehonored designs through exclusive luxury collector’s pieces – timex group companies continue to deliver unparalleled quality to highly diverse and global customers,instagram,,facebook,,twitter,,timex india,,uckbqktjdcafsfhxzizhg,jun,india,timex india,198,22588013,,timexgroupindia,,False,False,4710,,timex group designs manufactures and markets innovative timepieces and jewelry globally timex founded in has expanded to become timex group a privatelyheld company with several operating units and over employees worldwide one of the largest watch makers in the world timex group companies include the timex business unit timex timex ironman nautica marc ecko and helix timex group luxury watches salvatore ferragamo sequel guess gc and vertime versace timex group built its reputation as the pioneer in timekeeping by harnessing the power and possibility of time from the first clock and wristwatch we produced through data integration – from classic timehonored designs through exclusive luxury collector’s pieces – timex group companies continue to deliver unparalleled quality to highly diverse and global customers,instagram,,facebook,,twitter,,timex india,,uckbqktjdcafsfhxzizhg,jun,india,timex india,,,,timexgroupindia,,false,tz,timexatelier,,,,,,,,,,,,,,,,,,,,,,,,,,videos,,timexatelier,,,txbzdwukg,,,false,false,false,false,,,,,,timexatelier the materials we have selected for each piece capture our commitment to quality and the expression of a design language that speaks for itself,,timex atelier a legacy of modernity,,,video,,
,timex group designs manufactures and markets innovative timepieces and jewelry globally timex founded in has expanded to become timex group a privatelyheld company with several operating units and over employees worldwide one of the largest watch makers in the world timex group companies include the timex business unit timex timex ironman nautica marc ecko and helix timex group luxury watches salvatore ferragamo sequel guess gc and vertime versace timex group built its reputation as the pioneer in timekeeping by harnessing the power and possibility of time from the first clock and wristwatch we produced through data integration – from classic timehonored designs through exclusive luxury collector’s pieces – timex group companies continue to deliver unparalleled quality to highly diverse and global customers,instagram,,facebook,,twitter,,timex india,,uckbqktjdcafsfhxzizhg,jun,india,timex india,198,22588013,,timexgroupindia,,False,False,4710,,timex group designs manufactures and markets innovative timepieces and jewelry globally timex founded in has expanded to become timex group a privatelyheld company with several operating units and over employees worldwide one of the largest watch makers in the world timex group companies include the timex business unit timex timex ironman nautica marc ecko and helix timex group luxury watches salvatore ferragamo sequel guess gc and vertime versace timex group built its reputation as the pioneer in timekeeping by harnessing the power and possibility of time from the first clock and wristwatch we produced through data integration – from classic timehonored designs through exclusive luxury collector’s pieces – timex group companies continue to deliver unparalleled quality to highly diverse and global customers,instagram,,facebook,,twitter,,timex india,,uckbqktjdcafsfhxzizhg,jun,india,timex india,,,,timexgroupindia,,false,tz,,,,,,,,,,,,,,,,,,,,,,,,,,,videos,,,,,rbodmvhe,,,false,false,false,false,,,,,,weekend mode on ️ slipping on a timex weekender can make any day feel like a saturday we’re bringing a fresh burst of energy to this beloved timepiece with elevated details like a sleek new case and crown design and a fun assortment of fabric and leather straps that keep things comfortable casual and cool the “we” logo on the dial is a reminder that any boring old day can become unforgettable if it’s spent with our favorite people,,timex weekender timexindia analoglife maketimeyours weekender,,,video,,
,timex group designs manufactures and markets innovative timepieces and jewelry globally timex founded in has expanded to become timex group a privatelyheld company with several operating units and over employees worldwide one of the largest watch makers in the world timex group companies include the timex business unit timex timex ironman nautica marc ecko and helix timex group luxury watches salvatore ferragamo sequel guess gc and vertime versace timex group built its reputation as the pioneer in timekeeping by harnessing the power and possibility of time from the first clock and wristwatch we produced through data integration – from classic timehonored designs through exclusive luxury collector’s pieces – timex group companies continue to deliver unparalleled quality to highly diverse and global customers,instagram,,facebook,,twitter,,timex india,,uckbqktjdcafsfhxzizhg,jun,india,timex india,198,22588013,,timexgroupindia,,False,False,4710,,timex group designs manufactures and markets innovative timepieces and jewelry globally timex founded in has expanded to become timex group a privatelyheld company with several operating units and over employees worldwide one of the largest watch makers in the world timex group companies include the timex business unit timex timex ironman nautica marc ecko and helix timex group luxury watches salvatore ferragamo sequel guess gc and vertime versace timex group built its reputation as the pioneer in timekeeping by harnessing the power and possibility of time from the first clock and wristwatch we produced through data integration – from classic timehonored designs through exclusive luxury collector’s pieces – timex group companies continue to deliver unparalleled quality to highly diverse and global customers,instagram,,facebook,,twitter,,timex india,,uckbqktjdcafsfhxzizhg,jun,india,timex india,,,,timexgroupindia,,false,tz,,,,,,,,,,,,,,,,,,,,,,,,,,,videos,,,,,bldubkfhqi,,,false,false,false,false,,,,,,a new channel of color originally unleashed onto the scene in the timex automatic e line was a classic dress watch distinguished by a rounded square case shape affectionately dubbed the ‘tv dial’ this thoughtful color update features a brushed and polished stainlesssteel case and coordinating expansion band enhanced with our perfect fit technology its powered by a miyota caliber japanese automatic movement with jewels and completing its smooth profile is a vintagestyle flat acrylic crystal distinct applied hour markers a simple printed minute track and a discreet date window seamlessly integrated into the light pink dial at o’clock,,timex® automatic e line pink dial,,,video,,
,timex group designs manufactures and markets innovative timepieces and jewelry globally timex founded in has expanded to become timex group a privatelyheld company with several operating units and over employees worldwide one of the largest watch makers in the world timex group companies include the timex business unit timex timex ironman nautica marc ecko and helix timex group luxury watches salvatore ferragamo sequel guess gc and vertime versace timex group built its reputation as the pioneer in timekeeping by harnessing the power and possibility of time from the first clock and wristwatch we produced through data integration – from classic timehonored designs through exclusive luxury collector’s pieces – timex group companies continue to deliver unparalleled quality to highly diverse and global customers,instagram,,facebook,,twitter,,timex india,,uckbqktjdcafsfhxzizhg,jun,india,timex india,198,22588013,,timexgroupindia,,False,False,4710,,timex group designs manufactures and markets innovative timepieces and jewelry globally timex founded in has expanded to become timex group a privatelyheld company with several operating units and over employees worldwide one of the largest watch makers in the world timex group companies include the timex business unit timex timex ironman nautica marc ecko and helix timex group luxury watches salvatore ferragamo sequel guess gc and vertime versace timex group built its reputation as the pioneer in timekeeping by harnessing the power and possibility of time from the first clock and wristwatch we produced through data integration – from classic timehonored designs through exclusive luxury collector’s pieces – timex group companies continue to deliver unparalleled quality to highly diverse and global customers,instagram,,facebook,,twitter,,timex india,,uckbqktjdcafsfhxzizhg,jun,india,timex india,,,,timexgroupindia,,false,tz,,,,,timexindia,,timexindia,,timexindia,,,,,,,,,,,,,,,,,,shorts,,,,,eikbydqde,,,false,false,false,false,,,,,,“what is ‘friend’” answer someone who watches the entire stranger things season vol with you available on the timex india website shop now for more information visit our website follow us on instagram timexindia facebook timexindia twitter timexindia,,timex x stranger things,,,shorts,,
,timex group designs manufactures and markets innovative timepieces and jewelry globally timex founded in has expanded to become timex group a privatelyheld company with several operating units and over employees worldwide one of the largest watch makers in the world timex group companies include the timex business unit timex timex ironman nautica marc ecko and helix timex group luxury watches salvatore ferragamo sequel guess gc and vertime versace timex group built its reputation as the pioneer in timekeeping by harnessing the power and possibility of time from the first clock and wristwatch we produced through data integration – from classic timehonored designs through exclusive luxury collector’s pieces – timex group companies continue to deliver unparalleled quality to highly diverse and global customers,instagram,,facebook,,twitter,,timex india,,uckbqktjdcafsfhxzizhg,jun,india,timex india,198,22588013,,timexgroupindia,,False,False,4710,,timex group designs manufactures and markets innovative timepieces and jewelry globally timex founded in has expanded to become timex group a privatelyheld company with several operating units and over employees worldwide one of the largest watch makers in the world timex group companies include the timex business unit timex timex ironman nautica marc ecko and helix timex group luxury watches salvatore ferragamo sequel guess gc and vertime versace timex group built its reputation as the pioneer in timekeeping by harnessing the power and possibility of time from the first clock and wristwatch we produced through data integration – from classic timehonored designs through exclusive luxury collector’s pieces – timex group companies continue to deliver unparalleled quality to highly diverse and global customers,instagram,,facebook,,twitter,,timex india,,uckbqktjdcafsfhxzizhg,jun,india,timex india,,,,timexgroupindia,,false,tz,,,,,,,,,,,,,,,,,,,,,,,,,,,shorts,,,,,ahcxibuaac,,,false,false,false,false,,,,,,,,timex sparked a conversation about how to make time yours,,,shorts,,
,timex group designs manufactures and markets innovative timepieces and jewelry globally timex founded in has expanded to become timex group a privatelyheld company with several operating units and over employees worldwide one of the largest watch makers in the world timex group companies include the timex business unit timex timex ironman nautica marc ecko and helix timex group luxury watches salvatore ferragamo sequel guess gc and vertime versace timex group built its reputation as the pioneer in timekeeping by harnessing the power and possibility of time from the first clock and wristwatch we produced through data integration – from classic timehonored designs through exclusive luxury collector’s pieces – timex group companies continue to deliver unparalleled quality to highly diverse and global customers,instagram,,facebook,,twitter,,timex india,,uckbqktjdcafsfhxzizhg,jun,india,timex india,198,22588013,,timexgroupindia,,False,False,4710,,timex group designs manufactures and markets innovative timepieces and jewelry globally timex founded in has expanded to become timex group a privatelyheld company with several operating units and over employees worldwide one of the largest watch makers in the world timex group companies include the timex business unit timex timex ironman nautica marc ecko and helix timex group luxury watches salvatore ferragamo sequel guess gc and vertime versace timex group built its reputation as the pioneer in timekeeping by harnessing the power and possibility of time from the first clock and wristwatch we produced through data integration – from classic timehonored designs through exclusive luxury collector’s pieces – timex group companies continue to deliver unparalleled quality to highly diverse and global customers,instagram,,facebook,,twitter,,timex india,,uckbqktjdcafsfhxzizhg,jun,india,timex india,,,,timexgroupindia,,false,tz,,,,,,,,,,,,,,,,,,,,,,,,,,,videos,,,,,vlwezarmt,,,false,false,false,false,,,,,,link https shoptimexindiacom,,a vintageinspired revival timexindia watch vintage,,,video,,
,timex group designs manufactures and markets innovative timepieces and jewelry globally timex founded in has expanded to become timex group a privatelyheld company with several operating units and over employees worldwide one of the largest watch makers in the world timex group companies include the timex business unit timex timex ironman nautica marc ecko and helix timex group luxury watches salvatore ferragamo sequel guess gc and vertime versace timex group built its reputation as the pioneer in timekeeping by harnessing the power and possibility of time from the first clock and wristwatch we produced through data integration – from classic timehonored designs through exclusive luxury collector’s pieces – timex group companies continue to deliver unparalleled quality to highly diverse and global customers,instagram,,facebook,,twitter,,timex india,,uckbqktjdcafsfhxzizhg,jun,india,timex india,198,22588013,,timexgroupindia,,False,False,4710,,timex group designs manufactures and markets innovative timepieces and jewelry globally timex founded in has expanded to become timex group a privatelyheld company with several operating units and over employees worldwide one of the largest watch makers in the world timex group companies include the timex business unit timex timex ironman nautica marc ecko and helix timex group luxury watches salvatore ferragamo sequel guess gc and vertime versace timex group built its reputation as the pioneer in timekeeping by harnessing the power and possibility of time from the first clock and wristwatch we produced through data integration – from classic timehonored designs through exclusive luxury collector’s pieces – timex group companies continue to deliver unparalleled quality to highly diverse and global customers,instagram,,facebook,,twitter,,timex india,,uckbqktjdcafsfhxzizhg,jun,india,timex india,,,,timexgroupindia,,false,tz,,,,,,,,,,,,,,,,,,,,,,,,,,,videos,,,,,qbtlrkisdrq,,,false,false,false,false,,,,,,timex expedition north® is your goto accessory crafted from premium durable ecofriendly materials the cleancut dial also complements all your favorite fits making it your perfect onthe go partner​,,expedition north® your planet friendly style accessory,,,video,,
,timex group designs manufactures and markets innovative timepieces and jewelry globally timex founded in has expanded to become timex group a privatelyheld company with several operating units and over employees worldwide one of the largest watch makers in the world timex group companies include the timex business unit timex timex ironman nautica marc ecko and helix timex group luxury watches salvatore ferragamo sequel guess gc and vertime versace timex group built its reputation as the pioneer in timekeeping by harnessing the power and possibility of time from the first clock and wristwatch we produced through data integration – from classic timehonored designs through exclusive luxury collector’s pieces – timex group companies continue to deliver unparalleled quality to highly diverse and global customers,instagram,,facebook,,twitter,,timex india,,uckbqktjdcafsfhxzizhg,jun,india,timex india,198,22588013,,timexgroupindia,,False,False,4710,,timex group designs manufactures and markets innovative timepieces and jewelry globally timex founded in has expanded to become timex group a privatelyheld company with several operating units and over employees worldwide one of the largest watch makers in the world timex group companies include the timex business unit timex timex ironman nautica marc ecko and helix timex group luxury watches salvatore ferragamo sequel guess gc and vertime versace timex group built its reputation as the pioneer in timekeeping by harnessing the power and possibility of time from the first clock and wristwatch we produced through data integration – from classic timehonored designs through exclusive luxury collector’s pieces – timex group companies continue to deliver unparalleled quality to highly diverse and global customers,instagram,,facebook,,twitter,,timex india,,uckbqktjdcafsfhxzizhg,jun,india,timex india,,,,timexgroupindia,,false,tz,timexindia,,timex,,automaticwatches,,gifts,,waterbury,,,,,,,,,,,,,,,,,,videos,,timex,automaticwatches,gifts,rqosffog,,,false,false,false,false,,,,,,crafted with exquisite details this waterbury quartz analog watch is meant to complement your passionate personality this black leather strap watch showcases a mm stainlesssteel case a black dial with raised indices for a threedimensional effect day and date feature it also bears the waterbury watch company logo the stylized w on the second hand own the watch that’s right for you timexindia timex automaticwatches gifts waterbury,,timex waterbury collection for those with a keen eye for details,,,video,,
,timex group designs manufactures and markets innovative timepieces and jewelry globally timex founded in has expanded to become timex group a privatelyheld company with several operating units and over employees worldwide one of the largest watch makers in the world timex group companies include the timex business unit timex timex ironman nautica marc ecko and helix timex group luxury watches salvatore ferragamo sequel guess gc and vertime versace timex group built its reputation as the pioneer in timekeeping by harnessing the power and possibility of time from the first clock and wristwatch we produced through data integration – from classic timehonored designs through exclusive luxury collector’s pieces – timex group companies continue to deliver unparalleled quality to highly diverse and global customers,instagram,,facebook,,twitter,,timex india,,uckbqktjdcafsfhxzizhg,jun,india,timex india,198,22588013,,timexgroupindia,,False,False,4710,,timex group designs manufactures and markets innovative timepieces and jewelry globally timex founded in has expanded to become timex group a privatelyheld company with several operating units and over employees worldwide one of the largest watch makers in the world timex group companies include the timex business unit timex timex ironman nautica marc ecko and helix timex group luxury watches salvatore ferragamo sequel guess gc and vertime versace timex group built its reputation as the pioneer in timekeeping by harnessing the power and possibility of time from the first clock and wristwatch we produced through data integration – from classic timehonored designs through exclusive luxury collector’s pieces – timex group companies continue to deliver unparalleled quality to highly diverse and global customers,instagram,,facebook,,twitter,,timex india,,uckbqktjdcafsfhxzizhg,jun,india,timex india,,,,timexgroupindia,,false,tz,,,timexindia,,timex,,timexwatches,,womencollection,,fria,,timexfria,,friawatches,,womenwatches,,,,,,,,,,videos,,timexwatches,timex,womenwatches,avvrjeqdk,,,false,false,false,false,,,,,,classic feminine and timeless the fria collection by timex is the perfect touch of glamour to your everyday timekeeping with a slender and delightful design the jewelencrusted dial and the strap of the fria embody the epitome of sleek grace shop now timexindia timex timexwatches womencollection fria timexfria friawatches womenwatches,,make a statement own the spotlight with the dazzling fria collection from timex,,,video,,
,timex group designs manufactures and markets innovative timepieces and jewelry globally timex founded in has expanded to become timex group a privatelyheld company with several operating units and over employees worldwide one of the largest watch makers in the world timex group companies include the timex business unit timex timex ironman nautica marc ecko and helix timex group luxury watches salvatore ferragamo sequel guess gc and vertime versace timex group built its reputation as the pioneer in timekeeping by harnessing the power and possibility of time from the first clock and wristwatch we produced through data integration – from classic timehonored designs through exclusive luxury collector’s pieces – timex group companies continue to deliver unparalleled quality to highly diverse and global customers,instagram,,facebook,,twitter,,timex india,,uckbqktjdcafsfhxzizhg,jun,india,timex india,198,22588013,,timexgroupindia,,False,False,4710,,timex group designs manufactures and markets innovative timepieces and jewelry globally timex founded in has expanded to become timex group a privatelyheld company with several operating units and over employees worldwide one of the largest watch makers in the world timex group companies include the timex business unit timex timex ironman nautica marc ecko and helix timex group luxury watches salvatore ferragamo sequel guess gc and vertime versace timex group built its reputation as the pioneer in timekeeping by harnessing the power and possibility of time from the first clock and wristwatch we produced through data integration – from classic timehonored designs through exclusive luxury collector’s pieces – timex group companies continue to deliver unparalleled quality to highly diverse and global customers,instagram,,facebook,,twitter,,timex india,,uckbqktjdcafsfhxzizhg,jun,india,timex india,,,,timexgroupindia,,false,tz,,,,,,,,,,,,,,,,,,,,,,,,,,,videos,,,,,ohijavlqyq,,,false,false,false,false,,,,,,originally unleashed onto the scene in the timex automatic eline reissue is a classic dress watch distinguished by a rounded square case shape affectionately dubbed the ‘tv dial’ for this modernday reissue we’ve upgraded its construction to stainlesssteel and powered it with a miyota caliber japanese automatic movement with jewels that brings the first automatic to our line of reissues completing its smooth profile is a brushed and polished stainlesssteel expansion band enhanced with our perfect fit technology a vintagestyle acrylic crystal and a discreet date window seamlessly integrated into the clean dial at o’clock,,timex automatic eline reissue twwuj,,,video,,
,timex group designs manufactures and markets innovative timepieces and jewelry globally timex founded in has expanded to become timex group a privatelyheld company with several operating units and over employees worldwide one of the largest watch makers in the world timex group companies include the timex business unit timex timex ironman nautica marc ecko and helix timex group luxury watches salvatore ferragamo sequel guess gc and vertime versace timex group built its reputation as the pioneer in timekeeping by harnessing the power and possibility of time from the first clock and wristwatch we produced through data integration – from classic timehonored designs through exclusive luxury collector’s pieces – timex group companies continue to deliver unparalleled quality to highly diverse and global customers,instagram,,facebook,,twitter,,timex india,,uckbqktjdcafsfhxzizhg,jun,india,timex india,198,22588013,,timexgroupindia,,False,False,4710,,timex group designs manufactures and markets innovative timepieces and jewelry globally timex founded in has expanded to become timex group a privatelyheld company with several operating units and over employees worldwide one of the largest watch makers in the world timex group companies include the timex business unit timex timex ironman nautica marc ecko and helix timex group luxury watches salvatore ferragamo sequel guess gc and vertime versace timex group built its reputation as the pioneer in timekeeping by harnessing the power and possibility of time from the first clock and wristwatch we produced through data integration – from classic timehonored designs through exclusive luxury collector’s pieces – timex group companies continue to deliver unparalleled quality to highly diverse and global customers,instagram,,facebook,,twitter,,timex india,,uckbqktjdcafsfhxzizhg,jun,india,timex india,,,,timexgroupindia,,false,tz,,,timex,,timexindia,,valentinesday,,valentinesdaysale,,couplewatches,,timexwatches,,timexcouplewatches,,,,,,,,,,,,videos,,timex,timexwatches,valentinesday,cngfsdeuic,,,false,false,false,false,,,,,,celebrate valentines day with timeless love explore the enchanting world of timex couple watches a perfect expression of shared moments and enduring affection unveil the beauty of time together with our exquisite designs embodying the essence of togetherness from classic to modern our couple watches make for meaningful gifts that transcend time join us in cherishing the bonds that make every second count watch the magic unfold as we celebrate love with the beauty of timex watches designed for two hearts beating as one timex timexindia valentinesday valentinesdaysale couplewatches timexwatches timexcouplewatches,,celebrate love with timex valentines day sale,,,video,,
,timex group designs manufactures and markets innovative timepieces and jewelry globally timex founded in has expanded to become timex group a privatelyheld company with several operating units and over employees worldwide one of the largest watch makers in the world timex group companies include the timex business unit timex timex ironman nautica marc ecko and helix timex group luxury watches salvatore ferragamo sequel guess gc and vertime versace timex group built its reputation as the pioneer in timekeeping by harnessing the power and possibility of time from the first clock and wristwatch we produced through data integration – from classic timehonored designs through exclusive luxury collector’s pieces – timex group companies continue to deliver unparalleled quality to highly diverse and global customers,instagram,,facebook,,twitter,,timex india,,uckbqktjdcafsfhxzizhg,jun,india,timex india,198,22588013,,timexgroupindia,,False,False,4710,,timex group designs manufactures and markets innovative timepieces and jewelry globally timex founded in has expanded to become timex group a privatelyheld company with several operating units and over employees worldwide one of the largest watch makers in the world timex group companies include the timex business unit timex timex ironman nautica marc ecko and helix timex group luxury watches salvatore ferragamo sequel guess gc and vertime versace timex group built its reputation as the pioneer in timekeeping by harnessing the power and possibility of time from the first clock and wristwatch we produced through data integration – from classic timehonored designs through exclusive luxury collector’s pieces – timex group companies continue to deliver unparalleled quality to highly diverse and global customers,instagram,,facebook,,twitter,,timex india,,uckbqktjdcafsfhxzizhg,jun,india,timex india,,,,timexgroupindia,,false,tz,timexindia,,timex,,timexufc,,ufc,,aesthetics,,unmatchedtoughnes,,shopnow,,,,,,,,,,,,,,videos,,timex,ufc,shopnow,bevfpbfei,,,false,false,false,false,,,,,,join the ranks of champions with timex the official watch partner of ufc trusted by elite fighters like justin poirier for its unmatched toughness and reliability in the ring elevate your game with the ultimate timekeeper timexindia timex timexufc ufc aesthetics unmatchedtoughnes shopnow,,champion your game with timex the ultimate ufc timekeeper,,,video,,
,timex group designs manufactures and markets innovative timepieces and jewelry globally timex founded in has expanded to become timex group a privatelyheld company with several operating units and over employees worldwide one of the largest watch makers in the world timex group companies include the timex business unit timex timex ironman nautica marc ecko and helix timex group luxury watches salvatore ferragamo sequel guess gc and vertime versace timex group built its reputation as the pioneer in timekeeping by harnessing the power and possibility of time from the first clock and wristwatch we produced through data integration – from classic timehonored designs through exclusive luxury collector’s pieces – timex group companies continue to deliver unparalleled quality to highly diverse and global customers,instagram,,facebook,,twitter,,timex india,,uckbqktjdcafsfhxzizhg,jun,india,timex india,198,22588013,,timexgroupindia,,False,False,4710,,timex group designs manufactures and markets innovative timepieces and jewelry globally timex founded in has expanded to become timex group a privatelyheld company with several operating units and over employees worldwide one of the largest watch makers in the world timex group companies include the timex business unit timex timex ironman nautica marc ecko and helix timex group luxury watches salvatore ferragamo sequel guess gc and vertime versace timex group built its reputation as the pioneer in timekeeping by harnessing the power and possibility of time from the first clock and wristwatch we produced through data integration – from classic timehonored designs through exclusive luxury collector’s pieces – timex group companies continue to deliver unparalleled quality to highly diverse and global customers,instagram,,facebook,,twitter,,timex india,,uckbqktjdcafsfhxzizhg,jun,india,timex india,,,,timexgroupindia,,false,tz,,,timexindia,,timex,,giftsforhim,,gifts,,giftwatches,,analogwatches,,automaticwatches,,quartzwatches,,,,,,,,,,videos,,timex,giftsforhim,automaticwatches,gibcmgxrck,,,false,false,false,false,,,,,,looking for the perfect gift to impress the man in your life discover the timeless elegance and unmatched functionality of timex analog watches crafted with undaunted innovation and precision these watches are designed to elevate any wrist with their sophisticated appeal dive into the world of quartz technology where accuracy meets style and enjoy the confidence of meter water resistance paired with elegant round cases that stand the test of time​ explore now timexindia timex giftsforhim gifts giftwatches analogwatches automaticwatches quartzwatches,,gifts for him timepieces by timex,,,video,,
,timex group designs manufactures and markets innovative timepieces and jewelry globally timex founded in has expanded to become timex group a privatelyheld company with several operating units and over employees worldwide one of the largest watch makers in the world timex group companies include the timex business unit timex timex ironman nautica marc ecko and helix timex group luxury watches salvatore ferragamo sequel guess gc and vertime versace timex group built its reputation as the pioneer in timekeeping by harnessing the power and possibility of time from the first clock and wristwatch we produced through data integration – from classic timehonored designs through exclusive luxury collector’s pieces – timex group companies continue to deliver unparalleled quality to highly diverse and global customers,instagram,,facebook,,twitter,,timex india,,uckbqktjdcafsfhxzizhg,jun,india,timex india,198,22588013,,timexgroupindia,,False,False,4710,,timex group designs manufactures and markets innovative timepieces and jewelry globally timex founded in has expanded to become timex group a privatelyheld company with several operating units and over employees worldwide one of the largest watch makers in the world timex group companies include the timex business unit timex timex ironman nautica marc ecko and helix timex group luxury watches salvatore ferragamo sequel guess gc and vertime versace timex group built its reputation as the pioneer in timekeeping by harnessing the power and possibility of time from the first clock and wristwatch we produced through data integration – from classic timehonored designs through exclusive luxury collector’s pieces – timex group companies continue to deliver unparalleled quality to highly diverse and global customers,instagram,,facebook,,twitter,,timex india,,uckbqktjdcafsfhxzizhg,jun,india,timex india,,,,timexgroupindia,,false,tz,,,timexindia,,timex,,timexexpeditionnorth,,sustainabledurability,,protectourplanet,,sustainability,,shopnow,,,,,,,,,,,,videos,,timex,sustainability,shopnow,vsjwmgqk,,,false,false,false,false,,,,,,discover the timex expedition north where sustainable innovation meets rugged durability powered by solar technology and crafted with ecofriendly materials its more than a watch—its a pledge to protect our planets wild spaces join us in creating a better future explore now timexindia timex timexexpeditionnorth sustainabledurability protectourplanet sustainability shopnow,,expedition north sustainable rugged innovation by timex,,,video,,
,timex group designs manufactures and markets innovative timepieces and jewelry globally timex founded in has expanded to become timex group a privatelyheld company with several operating units and over employees worldwide one of the largest watch makers in the world timex group companies include the timex business unit timex timex ironman nautica marc ecko and helix timex group luxury watches salvatore ferragamo sequel guess gc and vertime versace timex group built its reputation as the pioneer in timekeeping by harnessing the power and possibility of time from the first clock and wristwatch we produced through data integration – from classic timehonored designs through exclusive luxury collector’s pieces – timex group companies continue to deliver unparalleled quality to highly diverse and global customers,instagram,,facebook,,twitter,,timex india,,uckbqktjdcafsfhxzizhg,jun,india,timex india,198,22588013,,timexgroupindia,,False,False,4710,,timex group designs manufactures and markets innovative timepieces and jewelry globally timex founded in has expanded to become timex group a privatelyheld company with several operating units and over employees worldwide one of the largest watch makers in the world timex group companies include the timex business unit timex timex ironman nautica marc ecko and helix timex group luxury watches salvatore ferragamo sequel guess gc and vertime versace timex group built its reputation as the pioneer in timekeeping by harnessing the power and possibility of time from the first clock and wristwatch we produced through data integration – from classic timehonored designs through exclusive luxury collector’s pieces – timex group companies continue to deliver unparalleled quality to highly diverse and global customers,instagram,,facebook,,twitter,,timex india,,uckbqktjdcafsfhxzizhg,jun,india,timex india,,,,timexgroupindia,,false,tz,,,,,,,,,,,,,,,,,,,,,,,,,,,videos,,,,,jzyaiwjgk,,,false,false,false,false,,,,,,this watch collection is your dependable timekeeping companion renowned for its quality and versatility whether you need an accessory to complement your outfit or a statement piece to stand out qtimex watches meet your expectations explore the range now​,,qtimex watches fusion of precision style​,,,video,,
,timex group designs manufactures and markets innovative timepieces and jewelry globally timex founded in has expanded to become timex group a privatelyheld company with several operating units and over employees worldwide one of the largest watch makers in the world timex group companies include the timex business unit timex timex ironman nautica marc ecko and helix timex group luxury watches salvatore ferragamo sequel guess gc and vertime versace timex group built its reputation as the pioneer in timekeeping by harnessing the power and possibility of time from the first clock and wristwatch we produced through data integration – from classic timehonored designs through exclusive luxury collector’s pieces – timex group companies continue to deliver unparalleled quality to highly diverse and global customers,instagram,,facebook,,twitter,,timex india,,uckbqktjdcafsfhxzizhg,jun,india,timex india,198,22588013,,timexgroupindia,,False,False,4710,,timex group designs manufactures and markets innovative timepieces and jewelry globally timex founded in has expanded to become timex group a privatelyheld company with several operating units and over employees worldwide one of the largest watch makers in the world timex group companies include the timex business unit timex timex ironman nautica marc ecko and helix timex group luxury watches salvatore ferragamo sequel guess gc and vertime versace timex group built its reputation as the pioneer in timekeeping by harnessing the power and possibility of time from the first clock and wristwatch we produced through data integration – from classic timehonored designs through exclusive luxury collector’s pieces – timex group companies continue to deliver unparalleled quality to highly diverse and global customers,instagram,,facebook,,twitter,,timex india,,uckbqktjdcafsfhxzizhg,jun,india,timex india,,,,timexgroupindia,,false,tz,timexindia,,gujarattitans,,choiceofthetitans,,timekeepersofthetitans,,aavade,,whereisshubman,,staytuned,,indiancricket,,,,timexindia,,timexindia,,timexindia,,,,videos,,aavade,gujarattitans,indiancricket,tnhghmfnyrg,,,false,false,false,false,,,,,,looks like our champion is preoccupied any guesses where he could be timexindia gujarattitans choiceofthetitans timekeepersofthetitans aavade whereisshubman staytuned indiancricket for more information visit our website follow us on instagram facebook twitter,,where is the champ timex x gujarat titans,looks like our champion is preoccupied any guesses where he could be timexindia gujarattitans choiceofthetitans timekeepersofthetitans aavade whereisshubman staytuned indiancricket for more information visit our website follow us on instagram timexindia facebook timexindia twitter timexindia,,video,,
,timex group designs manufactures and markets innovative timepieces and jewelry globally timex founded in has expanded to become timex group a privatelyheld company with several operating units and over employees worldwide one of the largest watch makers in the world timex group companies include the timex business unit timex timex ironman nautica marc ecko and helix timex group luxury watches salvatore ferragamo sequel guess gc and vertime versace timex group built its reputation as the pioneer in timekeeping by harnessing the power and possibility of time from the first clock and wristwatch we produced through data integration – from classic timehonored designs through exclusive luxury collector’s pieces – timex group companies continue to deliver unparalleled quality to highly diverse and global customers,instagram,,facebook,,twitter,,timex india,,uckbqktjdcafsfhxzizhg,jun,india,timex india,198,22588013,,timexgroupindia,,False,False,4710,,timex group designs manufactures and markets innovative timepieces and jewelry globally timex founded in has expanded to become timex group a privatelyheld company with several operating units and over employees worldwide one of the largest watch makers in the world timex group companies include the timex business unit timex timex ironman nautica marc ecko and helix timex group luxury watches salvatore ferragamo sequel guess gc and vertime versace timex group built its reputation as the pioneer in timekeeping by harnessing the power and possibility of time from the first clock and wristwatch we produced through data integration – from classic timehonored designs through exclusive luxury collector’s pieces – timex group companies continue to deliver unparalleled quality to highly diverse and global customers,instagram,,facebook,,twitter,,timex india,,uckbqktjdcafsfhxzizhg,jun,india,timex india,,,,timexgroupindia,,false,tz,,,timex,,timexindia,,qtimex,,qtimexgmt,,classicwatch,,gmt,,stainlesssteel,,,,,,,,,,,,videos,,timex,classicwatch,stainlesssteel,hpbeapps,,,false,false,false,false,,,,,,originally launched in the s the classic q timex revolutionized timekeeping for a new era with its advanced quartz technology the evolution continues with the q timex gmt featuring a precise swiss movement this latest iteration inspired by the beloved q timex reissue is designed for todays adventurers world travelers and those who connect across time zones thanks to its gmt function retaining the iconic elements of its predecessor such as the black dial a striking red and blue rotating bezel a durable stainlesssteel bracelet a practical battery hatch and a domed acrylic crystal the q timex gmt remains a timeless masterpiece in watchmaking explore now timex timexindia qtimex qtimexgmt classicwatch gmt stainlesssteel,,bold and fresh yet classic and timeless the qtimex vintagereissue collection,,,video,,
,timex group designs manufactures and markets innovative timepieces and jewelry globally timex founded in has expanded to become timex group a privatelyheld company with several operating units and over employees worldwide one of the largest watch makers in the world timex group companies include the timex business unit timex timex ironman nautica marc ecko and helix timex group luxury watches salvatore ferragamo sequel guess gc and vertime versace timex group built its reputation as the pioneer in timekeeping by harnessing the power and possibility of time from the first clock and wristwatch we produced through data integration – from classic timehonored designs through exclusive luxury collector’s pieces – timex group companies continue to deliver unparalleled quality to highly diverse and global customers,instagram,,facebook,,twitter,,timex india,,uckbqktjdcafsfhxzizhg,jun,india,timex india,198,22588013,,timexgroupindia,,False,False,4710,,timex group designs manufactures and markets innovative timepieces and jewelry globally timex founded in has expanded to become timex group a privatelyheld company with several operating units and over employees worldwide one of the largest watch makers in the world timex group companies include the timex business unit timex timex ironman nautica marc ecko and helix timex group luxury watches salvatore ferragamo sequel guess gc and vertime versace timex group built its reputation as the pioneer in timekeeping by harnessing the power and possibility of time from the first clock and wristwatch we produced through data integration – from classic timehonored designs through exclusive luxury collector’s pieces – timex group companies continue to deliver unparalleled quality to highly diverse and global customers,instagram,,facebook,,twitter,,timex india,,uckbqktjdcafsfhxzizhg,jun,india,timex india,,,,timexgroupindia,,false,tz,timexindia,,gujarattitans,,choiceofthetitans,,timekeepersofthetitans,,aavade,,,,timexindia,,timexindia,,timexindia,,,,,,,,,,videos,,aavade,gujarattitans,timexindia,dnvvkdri,,,false,false,false,false,,,,,,mystery unveiled our champion has clearly been busy but you know what they say time wasted perfecting your skill is time gained achieving greatness the gujarat titans are ready to defend their crown this season with their official timekeepers by their side ⌚ timexindia gujarattitans choiceofthetitans timekeepersofthetitans aavade for more information visit our website follow us on instagram facebook twitter,,timex india x gujarat titans,mystery unveiled our champion has clearly been busy but you know what they say time wasted perfecting your skill is time gained achieving greatness the gujarat titans are ready to defend their crown this season with their official timekeepers by their side ⌚ timexindia gujarattitans choiceofthetitans timekeepersofthetitans aavade for more information visit our website follow us on instagram timexindia facebook timexindia twitter timexindia,,video,,
,timex group designs manufactures and markets innovative timepieces and jewelry globally timex founded in has expanded to become timex group a privatelyheld company with several operating units and over employees worldwide one of the largest watch makers in the world timex group companies include the timex business unit timex timex ironman nautica marc ecko and helix timex group luxury watches salvatore ferragamo sequel guess gc and vertime versace timex group built its reputation as the pioneer in timekeeping by harnessing the power and possibility of time from the first clock and wristwatch we produced through data integration – from classic timehonored designs through exclusive luxury collector’s pieces – timex group companies continue to deliver unparalleled quality to highly diverse and global customers,instagram,,facebook,,twitter,,timex india,,uckbqktjdcafsfhxzizhg,jun,india,timex india,198,22588013,,timexgroupindia,,False,False,4710,,timex group designs manufactures and markets innovative timepieces and jewelry globally timex founded in has expanded to become timex group a privatelyheld company with several operating units and over employees worldwide one of the largest watch makers in the world timex group companies include the timex business unit timex timex ironman nautica marc ecko and helix timex group luxury watches salvatore ferragamo sequel guess gc and vertime versace timex group built its reputation as the pioneer in timekeeping by harnessing the power and possibility of time from the first clock and wristwatch we produced through data integration – from classic timehonored designs through exclusive luxury collector’s pieces – timex group companies continue to deliver unparalleled quality to highly diverse and global customers,instagram,,facebook,,twitter,,timex india,,uckbqktjdcafsfhxzizhg,jun,india,timex india,,,,timexgroupindia,,false,tz,mettlemodeon,,,,helixindia,,helixindia,,helixwatches,,,,,,,,,,,,,,,,,,videos,,,,,srutmxhuhe,,,false,false,false,false,,,,,,bringing you a blend of smartness style hustle towards your fitness goals with the allnew uber cool metalfit enjoy a wide range of features on the comfort of your wrist here’s to getting your mettlemodeon shop now follow us on instagram facebook twitter,,helix metalfit,bringing you a blend of smartness style hustle towards your fitness goals with the allnew uber cool metalfit enjoy a wide range of features on the comfort of your wrist here’s to getting your mettlemodeon shop now follow us on instagram helixindia facebook helixindia twitter helixwatches,,video,,
,timex group designs manufactures and markets innovative timepieces and jewelry globally timex founded in has expanded to become timex group a privatelyheld company with several operating units and over employees worldwide one of the largest watch makers in the world timex group companies include the timex business unit timex timex ironman nautica marc ecko and helix timex group luxury watches salvatore ferragamo sequel guess gc and vertime versace timex group built its reputation as the pioneer in timekeeping by harnessing the power and possibility of time from the first clock and wristwatch we produced through data integration – from classic timehonored designs through exclusive luxury collector’s pieces – timex group companies continue to deliver unparalleled quality to highly diverse and global customers,instagram,,facebook,,twitter,,timex india,,uckbqktjdcafsfhxzizhg,jun,india,timex india,198,22588013,,timexgroupindia,,False,False,4710,,timex group designs manufactures and markets innovative timepieces and jewelry globally timex founded in has expanded to become timex group a privatelyheld company with several operating units and over employees worldwide one of the largest watch makers in the world timex group companies include the timex business unit timex timex ironman nautica marc ecko and helix timex group luxury watches salvatore ferragamo sequel guess gc and vertime versace timex group built its reputation as the pioneer in timekeeping by harnessing the power and possibility of time from the first clock and wristwatch we produced through data integration – from classic timehonored designs through exclusive luxury collector’s pieces – timex group companies continue to deliver unparalleled quality to highly diverse and global customers,instagram,,facebook,,twitter,,timex india,,uckbqktjdcafsfhxzizhg,jun,india,timex india,,,,timexgroupindia,,false,tz,,,,,,,,,,,,,,,,,,,,,,,,,,,videos,,,,,aytbytew,,,false,false,false,false,,,,,,skutwwuj,,q timex blue round dial analog womens watch timexindia watch analoglife,,,video,,
,timex group designs manufactures and markets innovative timepieces and jewelry globally timex founded in has expanded to become timex group a privatelyheld company with several operating units and over employees worldwide one of the largest watch makers in the world timex group companies include the timex business unit timex timex ironman nautica marc ecko and helix timex group luxury watches salvatore ferragamo sequel guess gc and vertime versace timex group built its reputation as the pioneer in timekeeping by harnessing the power and possibility of time from the first clock and wristwatch we produced through data integration – from classic timehonored designs through exclusive luxury collector’s pieces – timex group companies continue to deliver unparalleled quality to highly diverse and global customers,instagram,,facebook,,twitter,,timex india,,uckbqktjdcafsfhxzizhg,jun,india,timex india,198,22588013,,timexgroupindia,,False,False,4710,,timex group designs manufactures and markets innovative timepieces and jewelry globally timex founded in has expanded to become timex group a privatelyheld company with several operating units and over employees worldwide one of the largest watch makers in the world timex group companies include the timex business unit timex timex ironman nautica marc ecko and helix timex group luxury watches salvatore ferragamo sequel guess gc and vertime versace timex group built its reputation as the pioneer in timekeeping by harnessing the power and possibility of time from the first clock and wristwatch we produced through data integration – from classic timehonored designs through exclusive luxury collector’s pieces – timex group companies continue to deliver unparalleled quality to highly diverse and global customers,instagram,,facebook,,twitter,,timex india,,uckbqktjdcafsfhxzizhg,jun,india,timex india,,,,timexgroupindia,,false,tz,timexindia,,choiceofthetitans,,aavade,,timekeepersofthetitans,,gujarattitan,,,,,,,,,,,,,,,,,,videos,,aavade,timexindia,gujarattitan,wslsgazh,,,false,false,false,false,,,,,,a proper schedule builds a sportsperson ⌚ and the official timekeepers of the titans help our home team to complete their routine all day everyday timexindia choiceofthetitans aavade timekeepersofthetitans gujarattitan,,timex x gujarat titans,,,video,,
,timex group designs manufactures and markets innovative timepieces and jewelry globally timex founded in has expanded to become timex group a privatelyheld company with several operating units and over employees worldwide one of the largest watch makers in the world timex group companies include the timex business unit timex timex ironman nautica marc ecko and helix timex group luxury watches salvatore ferragamo sequel guess gc and vertime versace timex group built its reputation as the pioneer in timekeeping by harnessing the power and possibility of time from the first clock and wristwatch we produced through data integration – from classic timehonored designs through exclusive luxury collector’s pieces – timex group companies continue to deliver unparalleled quality to highly diverse and global customers,instagram,,facebook,,twitter,,timex india,,uckbqktjdcafsfhxzizhg,jun,india,timex india,198,22588013,,timexgroupindia,,False,False,4710,,timex group designs manufactures and markets innovative timepieces and jewelry globally timex founded in has expanded to become timex group a privatelyheld company with several operating units and over employees worldwide one of the largest watch makers in the world timex group companies include the timex business unit timex timex ironman nautica marc ecko and helix timex group luxury watches salvatore ferragamo sequel guess gc and vertime versace timex group built its reputation as the pioneer in timekeeping by harnessing the power and possibility of time from the first clock and wristwatch we produced through data integration – from classic timehonored designs through exclusive luxury collector’s pieces – timex group companies continue to deliver unparalleled quality to highly diverse and global customers,instagram,,facebook,,twitter,,timex india,,uckbqktjdcafsfhxzizhg,jun,india,timex india,,,,timexgroupindia,,false,tz,wastemoretime,,timexindia,,timex,,wastemoretime,,wmt,,timexwatches,,ananyapanday,,,,,,,,,,,,,,videos,,ananyapanday,timex,timexwatches,djryytsxec,,,false,false,false,false,,,,,,while everyone these days seems to be in a race against time we want you to wastemoretime if something makes you happy it’s not wasting timeit’s living so what better occasion than the festive season to stop counting your time and make it count for the things that really matter catch ananya panday wasting more time with a very special furry friend timexindia timex wastemoretime wmt timexwatches ananyapanday,,waste more time timex india invites you to waste more time with ananya panday,while everyone these days seems to be in a race against time we want you to wastemoretime if something makes you happy it’s not wasting timeit’s living so what better occasion than the festive season to stop counting your time and make it count for the things that really matter catch ananya panday wasting more time with a very special furry friend timexindia timex wastemoretime wmt timexwatches ananyapanday,,video,,
,timex group designs manufactures and markets innovative timepieces and jewelry globally timex founded in has expanded to become timex group a privatelyheld company with several operating units and over employees worldwide one of the largest watch makers in the world timex group companies include the timex business unit timex timex ironman nautica marc ecko and helix timex group luxury watches salvatore ferragamo sequel guess gc and vertime versace timex group built its reputation as the pioneer in timekeeping by harnessing the power and possibility of time from the first clock and wristwatch we produced through data integration – from classic timehonored designs through exclusive luxury collector’s pieces – timex group companies continue to deliver unparalleled quality to highly diverse and global customers,instagram,,facebook,,twitter,,timex india,,uckbqktjdcafsfhxzizhg,jun,india,timex india,198,22588013,,timexgroupindia,,False,False,4710,,timex group designs manufactures and markets innovative timepieces and jewelry globally timex founded in has expanded to become timex group a privatelyheld company with several operating units and over employees worldwide one of the largest watch makers in the world timex group companies include the timex business unit timex timex ironman nautica marc ecko and helix timex group luxury watches salvatore ferragamo sequel guess gc and vertime versace timex group built its reputation as the pioneer in timekeeping by harnessing the power and possibility of time from the first clock and wristwatch we produced through data integration – from classic timehonored designs through exclusive luxury collector’s pieces – timex group companies continue to deliver unparalleled quality to highly diverse and global customers,instagram,,facebook,,twitter,,timex india,,uckbqktjdcafsfhxzizhg,jun,india,timex india,,,,timexgroupindia,,false,tz,,,timexindia,,friacollection,,watches,,elegance,,analogwatches,,timexwatches,,watchesforwomen,,friawatches,,timexfria,,,,,,,,videos,,timexwatches,watches,elegance,xgbafkleaqq,,,false,false,false,false,,,,,,this festive season gift your loved one something that they’ll remember for a long time to come shop our fria collection timexindia friacollection watches elegance analogwatches timexwatches watchesforwomen friawatches timexfria,,fria by timex timeless elegant bracelet watches,,,video,,
,timex group designs manufactures and markets innovative timepieces and jewelry globally timex founded in has expanded to become timex group a privatelyheld company with several operating units and over employees worldwide one of the largest watch makers in the world timex group companies include the timex business unit timex timex ironman nautica marc ecko and helix timex group luxury watches salvatore ferragamo sequel guess gc and vertime versace timex group built its reputation as the pioneer in timekeeping by harnessing the power and possibility of time from the first clock and wristwatch we produced through data integration – from classic timehonored designs through exclusive luxury collector’s pieces – timex group companies continue to deliver unparalleled quality to highly diverse and global customers,instagram,,facebook,,twitter,,timex india,,uckbqktjdcafsfhxzizhg,jun,india,timex india,198,22588013,,timexgroupindia,,False,False,4710,,timex group designs manufactures and markets innovative timepieces and jewelry globally timex founded in has expanded to become timex group a privatelyheld company with several operating units and over employees worldwide one of the largest watch makers in the world timex group companies include the timex business unit timex timex ironman nautica marc ecko and helix timex group luxury watches salvatore ferragamo sequel guess gc and vertime versace timex group built its reputation as the pioneer in timekeeping by harnessing the power and possibility of time from the first clock and wristwatch we produced through data integration – from classic timehonored designs through exclusive luxury collector’s pieces – timex group companies continue to deliver unparalleled quality to highly diverse and global customers,instagram,,facebook,,twitter,,timex india,,uckbqktjdcafsfhxzizhg,jun,india,timex india,,,,timexgroupindia,,false,tz,,,timexindia,,timex,,wastemoretime,,wmt,,ananyapanday,,ananyapandaywmt,,,,,,,,,,,,,,videos,,ananyapanday,timex,timexindia,ypntbvqdzys,,,false,false,false,false,,,,,,with timex by your side focus on whats truly important and let the rest fade away join us in celebrating the joy of living in the present and embracing lifes precious moments timexindia timex wastemoretime wmt ananyapanday ananyapandaywmt,,waste more time embrace lifes moments with ananya panday,,,video,,
,timex group designs manufactures and markets innovative timepieces and jewelry globally timex founded in has expanded to become timex group a privatelyheld company with several operating units and over employees worldwide one of the largest watch makers in the world timex group companies include the timex business unit timex timex ironman nautica marc ecko and helix timex group luxury watches salvatore ferragamo sequel guess gc and vertime versace timex group built its reputation as the pioneer in timekeeping by harnessing the power and possibility of time from the first clock and wristwatch we produced through data integration – from classic timehonored designs through exclusive luxury collector’s pieces – timex group companies continue to deliver unparalleled quality to highly diverse and global customers,instagram,,facebook,,twitter,,timex india,,uckbqktjdcafsfhxzizhg,jun,india,timex india,198,22588013,,timexgroupindia,,False,False,4710,,timex group designs manufactures and markets innovative timepieces and jewelry globally timex founded in has expanded to become timex group a privatelyheld company with several operating units and over employees worldwide one of the largest watch makers in the world timex group companies include the timex business unit timex timex ironman nautica marc ecko and helix timex group luxury watches salvatore ferragamo sequel guess gc and vertime versace timex group built its reputation as the pioneer in timekeeping by harnessing the power and possibility of time from the first clock and wristwatch we produced through data integration – from classic timehonored designs through exclusive luxury collector’s pieces – timex group companies continue to deliver unparalleled quality to highly diverse and global customers,instagram,,facebook,,twitter,,timex india,,uckbqktjdcafsfhxzizhg,jun,india,timex india,,,,timexgroupindia,,false,tz,,,,,timexindia,,timexindia,,timexindia,,,,,,,,,,,,,,,,,,videos,,,,,jkqfvoncoy,,,false,false,false,false,,,,,,its time to make a difference ️ here’s unveiling our brandnew waterbury ocean collection—the first ever timex to be crafted from upcycled oceanbound plastic available on the timex india website shop now for more information visit our website follow us on instagram timexindia facebook timexindia twitter timexindia,,timex waterbury ocean,,,video,,
,timex group designs manufactures and markets innovative timepieces and jewelry globally timex founded in has expanded to become timex group a privatelyheld company with several operating units and over employees worldwide one of the largest watch makers in the world timex group companies include the timex business unit timex timex ironman nautica marc ecko and helix timex group luxury watches salvatore ferragamo sequel guess gc and vertime versace timex group built its reputation as the pioneer in timekeeping by harnessing the power and possibility of time from the first clock and wristwatch we produced through data integration – from classic timehonored designs through exclusive luxury collector’s pieces – timex group companies continue to deliver unparalleled quality to highly diverse and global customers,instagram,,facebook,,twitter,,timex india,,uckbqktjdcafsfhxzizhg,jun,india,timex india,198,22588013,,timexgroupindia,,False,False,4710,,timex group designs manufactures and markets innovative timepieces and jewelry globally timex founded in has expanded to become timex group a privatelyheld company with several operating units and over employees worldwide one of the largest watch makers in the world timex group companies include the timex business unit timex timex ironman nautica marc ecko and helix timex group luxury watches salvatore ferragamo sequel guess gc and vertime versace timex group built its reputation as the pioneer in timekeeping by harnessing the power and possibility of time from the first clock and wristwatch we produced through data integration – from classic timehonored designs through exclusive luxury collector’s pieces – timex group companies continue to deliver unparalleled quality to highly diverse and global customers,instagram,,facebook,,twitter,,timex india,,uckbqktjdcafsfhxzizhg,jun,india,timex india,,,,timexgroupindia,,false,tz,aavade,,ipl,,staytuned,,,,timexindia,,timexindia,,timexindia,,,,,,,,,,,,,,videos,,aavade,ipl,staytuned,arovrfjowqu,,,false,false,false,false,,,,,,gujarat titans timex india its time to aavade this ipl were thrilled to be the official timekeepers of the gujarat titans and were in it to win it staytuned for whats next for more information visit our website follow us on instagram facebook twitter,,timex india x gujarat titans,gujarat titans timex india its time to aavade this ipl were thrilled to be the official timekeepers of the gujarat titans and were in it to win it staytuned for whats next for more information visit our website follow us on instagram timexindia facebook timexindia twitter timexindia,,video,,
,timex group designs manufactures and markets innovative timepieces and jewelry globally timex founded in has expanded to become timex group a privatelyheld company with several operating units and over employees worldwide one of the largest watch makers in the world timex group companies include the timex business unit timex timex ironman nautica marc ecko and helix timex group luxury watches salvatore ferragamo sequel guess gc and vertime versace timex group built its reputation as the pioneer in timekeeping by harnessing the power and possibility of time from the first clock and wristwatch we produced through data integration – from classic timehonored designs through exclusive luxury collector’s pieces – timex group companies continue to deliver unparalleled quality to highly diverse and global customers,instagram,,facebook,,twitter,,timex india,,uckbqktjdcafsfhxzizhg,jun,india,timex india,198,22588013,,timexgroupindia,,False,False,4710,,timex group designs manufactures and markets innovative timepieces and jewelry globally timex founded in has expanded to become timex group a privatelyheld company with several operating units and over employees worldwide one of the largest watch makers in the world timex group companies include the timex business unit timex timex ironman nautica marc ecko and helix timex group luxury watches salvatore ferragamo sequel guess gc and vertime versace timex group built its reputation as the pioneer in timekeeping by harnessing the power and possibility of time from the first clock and wristwatch we produced through data integration – from classic timehonored designs through exclusive luxury collector’s pieces – timex group companies continue to deliver unparalleled quality to highly diverse and global customers,instagram,,facebook,,twitter,,timex india,,uckbqktjdcafsfhxzizhg,jun,india,timex india,,,,timexgroupindia,,false,tz,mood,,loveloveeveryday,,,,timexindia,,timexindia,,timexindia,,,,,,,,,,,,,,,,videos,,mood,,,lzokhnyw,,,false,false,false,false,,,,,,mood loveloveeveryday because they deserve to feel magical always and forever​ ​ happy valentine’s day​ for more information visit our website follow us on instagram timexindia facebook timexindia twitter timexindia,,timex valentines day,,,video,,
,timex group designs manufactures and markets innovative timepieces and jewelry globally timex founded in has expanded to become timex group a privatelyheld company with several operating units and over employees worldwide one of the largest watch makers in the world timex group companies include the timex business unit timex timex ironman nautica marc ecko and helix timex group luxury watches salvatore ferragamo sequel guess gc and vertime versace timex group built its reputation as the pioneer in timekeeping by harnessing the power and possibility of time from the first clock and wristwatch we produced through data integration – from classic timehonored designs through exclusive luxury collector’s pieces – timex group companies continue to deliver unparalleled quality to highly diverse and global customers,instagram,,facebook,,twitter,,timex india,,uckbqktjdcafsfhxzizhg,jun,india,timex india,198,22588013,,timexgroupindia,,False,False,4710,,timex group designs manufactures and markets innovative timepieces and jewelry globally timex founded in has expanded to become timex group a privatelyheld company with several operating units and over employees worldwide one of the largest watch makers in the world timex group companies include the timex business unit timex timex ironman nautica marc ecko and helix timex group luxury watches salvatore ferragamo sequel guess gc and vertime versace timex group built its reputation as the pioneer in timekeeping by harnessing the power and possibility of time from the first clock and wristwatch we produced through data integration – from classic timehonored designs through exclusive luxury collector’s pieces – timex group companies continue to deliver unparalleled quality to highly diverse and global customers,instagram,,facebook,,twitter,,timex india,,uckbqktjdcafsfhxzizhg,jun,india,timex india,,,,timexgroupindia,,false,tz,,,,,,,,,,,,,,,,,,,,,,,,,,,videos,,,,,zpoxenyme,,,false,false,false,false,,,,,,buckle up for adventure with the ecofriendly timex expedition north® traprock collection made for outdoor enthusiasts it features a comfortable durable strap crafted from recycled plastic and lined with vegan apple leather the cleancut dial available in various earthy tones complements any outfit while luminescent hands keep you on track even after dark choose adventure choose sustainability​,,timex expedition north® traprock watches​,,,video,,
,timex group designs manufactures and markets innovative timepieces and jewelry globally timex founded in has expanded to become timex group a privatelyheld company with several operating units and over employees worldwide one of the largest watch makers in the world timex group companies include the timex business unit timex timex ironman nautica marc ecko and helix timex group luxury watches salvatore ferragamo sequel guess gc and vertime versace timex group built its reputation as the pioneer in timekeeping by harnessing the power and possibility of time from the first clock and wristwatch we produced through data integration – from classic timehonored designs through exclusive luxury collector’s pieces – timex group companies continue to deliver unparalleled quality to highly diverse and global customers,instagram,,facebook,,twitter,,timex india,,uckbqktjdcafsfhxzizhg,jun,india,timex india,198,22588013,,timexgroupindia,,False,False,4710,,timex group designs manufactures and markets innovative timepieces and jewelry globally timex founded in has expanded to become timex group a privatelyheld company with several operating units and over employees worldwide one of the largest watch makers in the world timex group companies include the timex business unit timex timex ironman nautica marc ecko and helix timex group luxury watches salvatore ferragamo sequel guess gc and vertime versace timex group built its reputation as the pioneer in timekeeping by harnessing the power and possibility of time from the first clock and wristwatch we produced through data integration – from classic timehonored designs through exclusive luxury collector’s pieces – timex group companies continue to deliver unparalleled quality to highly diverse and global customers,instagram,,facebook,,twitter,,timex india,,uckbqktjdcafsfhxzizhg,jun,india,timex india,,,,timexgroupindia,,false,tz,,,,,timexindia,,timexindia,,timexindia,,,,,,,,,,,,,,,,,,videos,,,,,kqoigenjxfy,,,false,false,false,false,,,,,,introducing the new timex automatics collection for men a modish range of automatic timepieces designed to make a style statement the timex automatics are a perfect amalgamation of craftsmanship design and technology the automatics have japan made automatic calibre bold case design sapphire coated domed crystal stainless steel bracelets and rich leather straps the classic dial designs make this collection unique and evergreen check out our new range of automatics watches available on the timex india website for more information visit our website follow us on instagram timexindia facebook timexindia twitter timexindia,,timex automatics,,,video,,
,timex group designs manufactures and markets innovative timepieces and jewelry globally timex founded in has expanded to become timex group a privatelyheld company with several operating units and over employees worldwide one of the largest watch makers in the world timex group companies include the timex business unit timex timex ironman nautica marc ecko and helix timex group luxury watches salvatore ferragamo sequel guess gc and vertime versace timex group built its reputation as the pioneer in timekeeping by harnessing the power and possibility of time from the first clock and wristwatch we produced through data integration – from classic timehonored designs through exclusive luxury collector’s pieces – timex group companies continue to deliver unparalleled quality to highly diverse and global customers,instagram,,facebook,,twitter,,timex india,,uckbqktjdcafsfhxzizhg,jun,india,timex india,198,22588013,,timexgroupindia,,False,False,4710,,timex group designs manufactures and markets innovative timepieces and jewelry globally timex founded in has expanded to become timex group a privatelyheld company with several operating units and over employees worldwide one of the largest watch makers in the world timex group companies include the timex business unit timex timex ironman nautica marc ecko and helix timex group luxury watches salvatore ferragamo sequel guess gc and vertime versace timex group built its reputation as the pioneer in timekeeping by harnessing the power and possibility of time from the first clock and wristwatch we produced through data integration – from classic timehonored designs through exclusive luxury collector’s pieces – timex group companies continue to deliver unparalleled quality to highly diverse and global customers,instagram,,facebook,,twitter,,timex india,,uckbqktjdcafsfhxzizhg,jun,india,timex india,,,,timexgroupindia,,false,tz,,,,,,,,,,,,,,,,,,,,,,,,,,,videos,,,,,njgffyzyue,,,false,false,false,false,,,,,,a bold racing stripe ignites the rich wheat dial of this beautifully detailed update to our marlin quartz chronograph tachymeter at the o’clock mark you’ll find a hour subdial decorated with the checkered flags that signal victory on the racetrack driven by an ultraprecise quartz movement this smooth timepiece includes a chronograph for tracking elapsed time and a tachymeter index along its outer minute track for measuring speed though it brings a new and exciting edge to our marlin collection it retains classic marlin features with a sturdy mm stainless steel case domed acrylic crystal and retrostyle applied indices at and oclock completing its racing aesthetic is a perforated black natural leather strap sourced from the leather working group lwg and equipped with quickrelease spring bars,,timex marlin quartz chronograph tachymeter timexindia analoglife maketimeyours marlin,,,video,,
,timex group designs manufactures and markets innovative timepieces and jewelry globally timex founded in has expanded to become timex group a privatelyheld company with several operating units and over employees worldwide one of the largest watch makers in the world timex group companies include the timex business unit timex timex ironman nautica marc ecko and helix timex group luxury watches salvatore ferragamo sequel guess gc and vertime versace timex group built its reputation as the pioneer in timekeeping by harnessing the power and possibility of time from the first clock and wristwatch we produced through data integration – from classic timehonored designs through exclusive luxury collector’s pieces – timex group companies continue to deliver unparalleled quality to highly diverse and global customers,instagram,,facebook,,twitter,,timex india,,uckbqktjdcafsfhxzizhg,jun,india,timex india,198,22588013,,timexgroupindia,,False,False,4710,,timex group designs manufactures and markets innovative timepieces and jewelry globally timex founded in has expanded to become timex group a privatelyheld company with several operating units and over employees worldwide one of the largest watch makers in the world timex group companies include the timex business unit timex timex ironman nautica marc ecko and helix timex group luxury watches salvatore ferragamo sequel guess gc and vertime versace timex group built its reputation as the pioneer in timekeeping by harnessing the power and possibility of time from the first clock and wristwatch we produced through data integration – from classic timehonored designs through exclusive luxury collector’s pieces – timex group companies continue to deliver unparalleled quality to highly diverse and global customers,instagram,,facebook,,twitter,,timex india,,uckbqktjdcafsfhxzizhg,jun,india,timex india,,,,timexgroupindia,,false,tz,swarovski,,,,,,timexindia,,timexindia,,timexindia,,,,,,,,,,,,,,,,videos,,swarovski,,,oukusflagu,,,false,false,false,false,,,,,,we are honored to launch our collaboration with one of the most celebrated fashion figures judith leiber with more than swarovski crystals handapplied this vibrant colorful collaboration brings sparkle from the runway to the wrist available on the timex india website shop now for more information visit our website follow us on instagram facebook twitter,,timex x judith leiber,we are honored to launch our collaboration with one of the most celebrated fashion figures judith leiber with more than swarovski crystals handapplied this vibrant colorful collaboration brings sparkle from the runway to the wrist available on the timex india website shop now for more information visit our website follow us on instagram timexindia facebook timexindia twitter timexindia,,video,,
,timex group designs manufactures and markets innovative timepieces and jewelry globally timex founded in has expanded to become timex group a privatelyheld company with several operating units and over employees worldwide one of the largest watch makers in the world timex group companies include the timex business unit timex timex ironman nautica marc ecko and helix timex group luxury watches salvatore ferragamo sequel guess gc and vertime versace timex group built its reputation as the pioneer in timekeeping by harnessing the power and possibility of time from the first clock and wristwatch we produced through data integration – from classic timehonored designs through exclusive luxury collector’s pieces – timex group companies continue to deliver unparalleled quality to highly diverse and global customers,instagram,,facebook,,twitter,,timex india,,uckbqktjdcafsfhxzizhg,jun,india,timex india,198,22588013,,timexgroupindia,,False,False,4710,,timex group designs manufactures and markets innovative timepieces and jewelry globally timex founded in has expanded to become timex group a privatelyheld company with several operating units and over employees worldwide one of the largest watch makers in the world timex group companies include the timex business unit timex timex ironman nautica marc ecko and helix timex group luxury watches salvatore ferragamo sequel guess gc and vertime versace timex group built its reputation as the pioneer in timekeeping by harnessing the power and possibility of time from the first clock and wristwatch we produced through data integration – from classic timehonored designs through exclusive luxury collector’s pieces – timex group companies continue to deliver unparalleled quality to highly diverse and global customers,instagram,,facebook,,twitter,,timex india,,uckbqktjdcafsfhxzizhg,jun,india,timex india,,,,timexgroupindia,,false,tz,,,,,,,,,,,,,,,,,,,,,,,,,,,videos,,,,,uwupcsylq,,,false,false,false,false,,,,,,introducing the expedition north® field chronograph ​ expedition north® chronograph track every second on your next adventure with precise chronograph functionality​ rugged durability a stainlesssteel case with titaniumcolored pvd coating endures harsh elements and unexpected bumps​ built for all conditions m water resistance a sapphire crystal with antireflective coating and luminous hands ensure readability in any environment​ militaryinspired design a classic aesthetic blends seamlessly with modern functionality for a timeless look​ office to outdoors a soft comfortable strap with recycled cotton transitions effortlessly from work to wilderness​ shop here,,timex expedition north field made for adventures,,,video,,
,timex group designs manufactures and markets innovative timepieces and jewelry globally timex founded in has expanded to become timex group a privatelyheld company with several operating units and over employees worldwide one of the largest watch makers in the world timex group companies include the timex business unit timex timex ironman nautica marc ecko and helix timex group luxury watches salvatore ferragamo sequel guess gc and vertime versace timex group built its reputation as the pioneer in timekeeping by harnessing the power and possibility of time from the first clock and wristwatch we produced through data integration – from classic timehonored designs through exclusive luxury collector’s pieces – timex group companies continue to deliver unparalleled quality to highly diverse and global customers,instagram,,facebook,,twitter,,timex india,,uckbqktjdcafsfhxzizhg,jun,india,timex india,198,22588013,,timexgroupindia,,False,False,4710,,timex group designs manufactures and markets innovative timepieces and jewelry globally timex founded in has expanded to become timex group a privatelyheld company with several operating units and over employees worldwide one of the largest watch makers in the world timex group companies include the timex business unit timex timex ironman nautica marc ecko and helix timex group luxury watches salvatore ferragamo sequel guess gc and vertime versace timex group built its reputation as the pioneer in timekeeping by harnessing the power and possibility of time from the first clock and wristwatch we produced through data integration – from classic timehonored designs through exclusive luxury collector’s pieces – timex group companies continue to deliver unparalleled quality to highly diverse and global customers,instagram,,facebook,,twitter,,timex india,,uckbqktjdcafsfhxzizhg,jun,india,timex india,,,,timexgroupindia,,false,tz,,,,,,,,,,,,,,,,,,,,,,,,,,,videos,,,,,gcwobapg,,,false,false,false,false,,,,,,some classics never go out of style the q timex reissue is a testament to that explore the watchs stunning features such as the goldtoned case captivating red dial and intricate details that set it apart as a true statement piece,,dialedin details a close look at the q timex reissue,,,video,,
,timex group designs manufactures and markets innovative timepieces and jewelry globally timex founded in has expanded to become timex group a privatelyheld company with several operating units and over employees worldwide one of the largest watch makers in the world timex group companies include the timex business unit timex timex ironman nautica marc ecko and helix timex group luxury watches salvatore ferragamo sequel guess gc and vertime versace timex group built its reputation as the pioneer in timekeeping by harnessing the power and possibility of time from the first clock and wristwatch we produced through data integration – from classic timehonored designs through exclusive luxury collector’s pieces – timex group companies continue to deliver unparalleled quality to highly diverse and global customers,instagram,,facebook,,twitter,,timex india,,uckbqktjdcafsfhxzizhg,jun,india,timex india,198,22588013,,timexgroupindia,,False,False,4710,,timex group designs manufactures and markets innovative timepieces and jewelry globally timex founded in has expanded to become timex group a privatelyheld company with several operating units and over employees worldwide one of the largest watch makers in the world timex group companies include the timex business unit timex timex ironman nautica marc ecko and helix timex group luxury watches salvatore ferragamo sequel guess gc and vertime versace timex group built its reputation as the pioneer in timekeeping by harnessing the power and possibility of time from the first clock and wristwatch we produced through data integration – from classic timehonored designs through exclusive luxury collector’s pieces – timex group companies continue to deliver unparalleled quality to highly diverse and global customers,instagram,,facebook,,twitter,,timex india,,uckbqktjdcafsfhxzizhg,jun,india,timex india,,,,timexgroupindia,,false,tz,wedontstop,,timex,,timexindia,,,,,,,,,,,,,,,,,,,,,,videos,,,,,jwulltbjro,,,false,false,false,false,,,,,,def jam and roc nation veteran mc jadakiss made his mainstream debut in as a member of the east coast rap trio the lox known throughout the s and s for his distinctive gravelly voice he has collaborated with some of the most celebrated hiphop artists of all time wedontstop timex timexindia,,wedontstop jadakiss,,,video,,
,timex group designs manufactures and markets innovative timepieces and jewelry globally timex founded in has expanded to become timex group a privatelyheld company with several operating units and over employees worldwide one of the largest watch makers in the world timex group companies include the timex business unit timex timex ironman nautica marc ecko and helix timex group luxury watches salvatore ferragamo sequel guess gc and vertime versace timex group built its reputation as the pioneer in timekeeping by harnessing the power and possibility of time from the first clock and wristwatch we produced through data integration – from classic timehonored designs through exclusive luxury collector’s pieces – timex group companies continue to deliver unparalleled quality to highly diverse and global customers,instagram,,facebook,,twitter,,timex india,,uckbqktjdcafsfhxzizhg,jun,india,timex india,198,22588013,,timexgroupindia,,False,False,4710,,timex group designs manufactures and markets innovative timepieces and jewelry globally timex founded in has expanded to become timex group a privatelyheld company with several operating units and over employees worldwide one of the largest watch makers in the world timex group companies include the timex business unit timex timex ironman nautica marc ecko and helix timex group luxury watches salvatore ferragamo sequel guess gc and vertime versace timex group built its reputation as the pioneer in timekeeping by harnessing the power and possibility of time from the first clock and wristwatch we produced through data integration – from classic timehonored designs through exclusive luxury collector’s pieces – timex group companies continue to deliver unparalleled quality to highly diverse and global customers,instagram,,facebook,,twitter,,timex india,,uckbqktjdcafsfhxzizhg,jun,india,timex india,,,,timexgroupindia,,false,tz,,,,,,,,,,,,,,,,,,,,,,,,,,,videos,,,,,hpfvmqyo,,,false,false,false,false,,,,,,these books have one plot twist theyre my partners in crime for a balancing act this is time well wasted shop the collection link,,timex x ananya panday waste more time balancing work with play,,,video,,
,timex group designs manufactures and markets innovative timepieces and jewelry globally timex founded in has expanded to become timex group a privatelyheld company with several operating units and over employees worldwide one of the largest watch makers in the world timex group companies include the timex business unit timex timex ironman nautica marc ecko and helix timex group luxury watches salvatore ferragamo sequel guess gc and vertime versace timex group built its reputation as the pioneer in timekeeping by harnessing the power and possibility of time from the first clock and wristwatch we produced through data integration – from classic timehonored designs through exclusive luxury collector’s pieces – timex group companies continue to deliver unparalleled quality to highly diverse and global customers,instagram,,facebook,,twitter,,timex india,,uckbqktjdcafsfhxzizhg,jun,india,timex india,198,22588013,,timexgroupindia,,False,False,4710,,timex group designs manufactures and markets innovative timepieces and jewelry globally timex founded in has expanded to become timex group a privatelyheld company with several operating units and over employees worldwide one of the largest watch makers in the world timex group companies include the timex business unit timex timex ironman nautica marc ecko and helix timex group luxury watches salvatore ferragamo sequel guess gc and vertime versace timex group built its reputation as the pioneer in timekeeping by harnessing the power and possibility of time from the first clock and wristwatch we produced through data integration – from classic timehonored designs through exclusive luxury collector’s pieces – timex group companies continue to deliver unparalleled quality to highly diverse and global customers,instagram,,facebook,,twitter,,timex india,,uckbqktjdcafsfhxzizhg,jun,india,timex india,,,,timexgroupindia,,false,tz,,,,,,,,,,,,,,,,,,,,,,,,,,,videos,,,,,slibftcyy,,,false,false,false,false,,,,,,gift them a beautifully crafted watch that lasts for generations,,every timex tells a story,,,video,,
,timex group designs manufactures and markets innovative timepieces and jewelry globally timex founded in has expanded to become timex group a privatelyheld company with several operating units and over employees worldwide one of the largest watch makers in the world timex group companies include the timex business unit timex timex ironman nautica marc ecko and helix timex group luxury watches salvatore ferragamo sequel guess gc and vertime versace timex group built its reputation as the pioneer in timekeeping by harnessing the power and possibility of time from the first clock and wristwatch we produced through data integration – from classic timehonored designs through exclusive luxury collector’s pieces – timex group companies continue to deliver unparalleled quality to highly diverse and global customers,instagram,,facebook,,twitter,,timex india,,uckbqktjdcafsfhxzizhg,jun,india,timex india,198,22588013,,timexgroupindia,,False,False,4710,,timex group designs manufactures and markets innovative timepieces and jewelry globally timex founded in has expanded to become timex group a privatelyheld company with several operating units and over employees worldwide one of the largest watch makers in the world timex group companies include the timex business unit timex timex ironman nautica marc ecko and helix timex group luxury watches salvatore ferragamo sequel guess gc and vertime versace timex group built its reputation as the pioneer in timekeeping by harnessing the power and possibility of time from the first clock and wristwatch we produced through data integration – from classic timehonored designs through exclusive luxury collector’s pieces – timex group companies continue to deliver unparalleled quality to highly diverse and global customers,instagram,,facebook,,twitter,,timex india,,uckbqktjdcafsfhxzizhg,jun,india,timex india,,,,timexgroupindia,,false,tz,,,,,timexindia,,timexindia,,timexindia,,,,,,,,,,,,,,,,,,videos,,,,,avivtapz,,,false,false,false,false,,,,,,here’s bringing you the allnew stylish timex fit square calling watch with watch phases a battery life of days this watch makes it for the best health fitness companion check out our allnew timex fit available on the timex india website for more information visit our website follow us on instagram timexindia facebook timexindia twitter timexindia,,timex fit,,,video,,
,timex group designs manufactures and markets innovative timepieces and jewelry globally timex founded in has expanded to become timex group a privatelyheld company with several operating units and over employees worldwide one of the largest watch makers in the world timex group companies include the timex business unit timex timex ironman nautica marc ecko and helix timex group luxury watches salvatore ferragamo sequel guess gc and vertime versace timex group built its reputation as the pioneer in timekeeping by harnessing the power and possibility of time from the first clock and wristwatch we produced through data integration – from classic timehonored designs through exclusive luxury collector’s pieces – timex group companies continue to deliver unparalleled quality to highly diverse and global customers,instagram,,facebook,,twitter,,timex india,,uckbqktjdcafsfhxzizhg,jun,india,timex india,198,22588013,,timexgroupindia,,False,False,4710,,timex group designs manufactures and markets innovative timepieces and jewelry globally timex founded in has expanded to become timex group a privatelyheld company with several operating units and over employees worldwide one of the largest watch makers in the world timex group companies include the timex business unit timex timex ironman nautica marc ecko and helix timex group luxury watches salvatore ferragamo sequel guess gc and vertime versace timex group built its reputation as the pioneer in timekeeping by harnessing the power and possibility of time from the first clock and wristwatch we produced through data integration – from classic timehonored designs through exclusive luxury collector’s pieces – timex group companies continue to deliver unparalleled quality to highly diverse and global customers,instagram,,facebook,,twitter,,timex india,,uckbqktjdcafsfhxzizhg,jun,india,timex india,,,,timexgroupindia,,false,tz,wedontstop,,timex,,timexindia,,,,,,,,,,,,,,,,,,,,,,videos,,,,,myboalk,,,false,false,false,false,,,,,,sidharth is an indian bollywood actor who started his own career without any background or connections in the indian ﬁlm industry his cando attitude and upbeat personality have won him millions of fans from all over the world wedontstop timex timexindia,,wedontstop sidharth malhotra,,,video,,
,timex group designs manufactures and markets innovative timepieces and jewelry globally timex founded in has expanded to become timex group a privatelyheld company with several operating units and over employees worldwide one of the largest watch makers in the world timex group companies include the timex business unit timex timex ironman nautica marc ecko and helix timex group luxury watches salvatore ferragamo sequel guess gc and vertime versace timex group built its reputation as the pioneer in timekeeping by harnessing the power and possibility of time from the first clock and wristwatch we produced through data integration – from classic timehonored designs through exclusive luxury collector’s pieces – timex group companies continue to deliver unparalleled quality to highly diverse and global customers,instagram,,facebook,,twitter,,timex india,,uckbqktjdcafsfhxzizhg,jun,india,timex india,198,22588013,,timexgroupindia,,False,False,4710,,timex group designs manufactures and markets innovative timepieces and jewelry globally timex founded in has expanded to become timex group a privatelyheld company with several operating units and over employees worldwide one of the largest watch makers in the world timex group companies include the timex business unit timex timex ironman nautica marc ecko and helix timex group luxury watches salvatore ferragamo sequel guess gc and vertime versace timex group built its reputation as the pioneer in timekeeping by harnessing the power and possibility of time from the first clock and wristwatch we produced through data integration – from classic timehonored designs through exclusive luxury collector’s pieces – timex group companies continue to deliver unparalleled quality to highly diverse and global customers,instagram,,facebook,,twitter,,timex india,,uckbqktjdcafsfhxzizhg,jun,india,timex india,,,,timexgroupindia,,false,tz,timex,,timexindia​,,wedontstop​,,queen​,,dontstopmenow,,,,,,,,,,,,,,,,,,videos,,,,,tiqacbusxm,,,false,false,false,false,,,,,,you are resilient you keep pushing and shaping the world around you if you get knocked down you get right back up we celebrate your stories of passion determination and fearlessness time does not stand still and neither do we we don’t stop timex timexindia​ wedontstop​ queen​ dontstopmenow,,wedontstop celebrating your stories of passion determination and fearlessness,,,video,,
,timex group designs manufactures and markets innovative timepieces and jewelry globally timex founded in has expanded to become timex group a privatelyheld company with several operating units and over employees worldwide one of the largest watch makers in the world timex group companies include the timex business unit timex timex ironman nautica marc ecko and helix timex group luxury watches salvatore ferragamo sequel guess gc and vertime versace timex group built its reputation as the pioneer in timekeeping by harnessing the power and possibility of time from the first clock and wristwatch we produced through data integration – from classic timehonored designs through exclusive luxury collector’s pieces – timex group companies continue to deliver unparalleled quality to highly diverse and global customers,instagram,,facebook,,twitter,,timex india,,uckbqktjdcafsfhxzizhg,jun,india,timex india,198,22588013,,timexgroupindia,,False,False,4710,,timex group designs manufactures and markets innovative timepieces and jewelry globally timex founded in has expanded to become timex group a privatelyheld company with several operating units and over employees worldwide one of the largest watch makers in the world timex group companies include the timex business unit timex timex ironman nautica marc ecko and helix timex group luxury watches salvatore ferragamo sequel guess gc and vertime versace timex group built its reputation as the pioneer in timekeeping by harnessing the power and possibility of time from the first clock and wristwatch we produced through data integration – from classic timehonored designs through exclusive luxury collector’s pieces – timex group companies continue to deliver unparalleled quality to highly diverse and global customers,instagram,,facebook,,twitter,,timex india,,uckbqktjdcafsfhxzizhg,jun,india,timex india,,,,timexgroupindia,,false,tz,wedontstop,,timex,,timexindia,,,,,,,,,,,,,,,,,,,,,,videos,,,,,mocqxt,,,false,false,false,false,,,,,,max emerson is an american actor model author director and youtuber a modern champion for lgbtq rights and focused content max built his entire social following while championing lgbtq awareness wedontstop timex timexindia,,wedontstop max emerson,,,video,,
,timex group designs manufactures and markets innovative timepieces and jewelry globally timex founded in has expanded to become timex group a privatelyheld company with several operating units and over employees worldwide one of the largest watch makers in the world timex group companies include the timex business unit timex timex ironman nautica marc ecko and helix timex group luxury watches salvatore ferragamo sequel guess gc and vertime versace timex group built its reputation as the pioneer in timekeeping by harnessing the power and possibility of time from the first clock and wristwatch we produced through data integration – from classic timehonored designs through exclusive luxury collector’s pieces – timex group companies continue to deliver unparalleled quality to highly diverse and global customers,instagram,,facebook,,twitter,,timex india,,uckbqktjdcafsfhxzizhg,jun,india,timex india,198,22588013,,timexgroupindia,,False,False,4710,,timex group designs manufactures and markets innovative timepieces and jewelry globally timex founded in has expanded to become timex group a privatelyheld company with several operating units and over employees worldwide one of the largest watch makers in the world timex group companies include the timex business unit timex timex ironman nautica marc ecko and helix timex group luxury watches salvatore ferragamo sequel guess gc and vertime versace timex group built its reputation as the pioneer in timekeeping by harnessing the power and possibility of time from the first clock and wristwatch we produced through data integration – from classic timehonored designs through exclusive luxury collector’s pieces – timex group companies continue to deliver unparalleled quality to highly diverse and global customers,instagram,,facebook,,twitter,,timex india,,uckbqktjdcafsfhxzizhg,jun,india,timex india,,,,timexgroupindia,,false,tz,wedontstop,,timex,,timexindia,,,,,,,,,,,,,,,,,,,,,,videos,,,,,jipqvlxblq,,,false,false,false,false,,,,,,matt maxey is the founder of deafinitely dope a company that provides sign language interpretation for live music events to make them more inclusive of deaf and hardofhearing fans wedontstop timex timexindia,,wedontstop matt maxey,,,video,,
,timex group designs manufactures and markets innovative timepieces and jewelry globally timex founded in has expanded to become timex group a privatelyheld company with several operating units and over employees worldwide one of the largest watch makers in the world timex group companies include the timex business unit timex timex ironman nautica marc ecko and helix timex group luxury watches salvatore ferragamo sequel guess gc and vertime versace timex group built its reputation as the pioneer in timekeeping by harnessing the power and possibility of time from the first clock and wristwatch we produced through data integration – from classic timehonored designs through exclusive luxury collector’s pieces – timex group companies continue to deliver unparalleled quality to highly diverse and global customers,instagram,,facebook,,twitter,,timex india,,uckbqktjdcafsfhxzizhg,jun,india,timex india,198,22588013,,timexgroupindia,,False,False,4710,,timex group designs manufactures and markets innovative timepieces and jewelry globally timex founded in has expanded to become timex group a privatelyheld company with several operating units and over employees worldwide one of the largest watch makers in the world timex group companies include the timex business unit timex timex ironman nautica marc ecko and helix timex group luxury watches salvatore ferragamo sequel guess gc and vertime versace timex group built its reputation as the pioneer in timekeeping by harnessing the power and possibility of time from the first clock and wristwatch we produced through data integration – from classic timehonored designs through exclusive luxury collector’s pieces – timex group companies continue to deliver unparalleled quality to highly diverse and global customers,instagram,,facebook,,twitter,,timex india,,uckbqktjdcafsfhxzizhg,jun,india,timex india,,,,timexgroupindia,,false,tz,wedontstop,,timex,,timexindia,,,,,,,,,,,,,,,,,,,,,,videos,,,,,srxgyomwu,,,false,false,false,false,,,,,,the joint project of the us paralympics team and the university of new hampshire northeast passage is the current model to match for elitelevel sled hockey providing support and development for handicapped athletes to compete at the highest level wedontstop timex timexindia,,wedontstop northeast passage,,,video,,
,timex group designs manufactures and markets innovative timepieces and jewelry globally timex founded in has expanded to become timex group a privatelyheld company with several operating units and over employees worldwide one of the largest watch makers in the world timex group companies include the timex business unit timex timex ironman nautica marc ecko and helix timex group luxury watches salvatore ferragamo sequel guess gc and vertime versace timex group built its reputation as the pioneer in timekeeping by harnessing the power and possibility of time from the first clock and wristwatch we produced through data integration – from classic timehonored designs through exclusive luxury collector’s pieces – timex group companies continue to deliver unparalleled quality to highly diverse and global customers,instagram,,facebook,,twitter,,timex india,,uckbqktjdcafsfhxzizhg,jun,india,timex india,198,22588013,,timexgroupindia,,False,False,4710,,timex group designs manufactures and markets innovative timepieces and jewelry globally timex founded in has expanded to become timex group a privatelyheld company with several operating units and over employees worldwide one of the largest watch makers in the world timex group companies include the timex business unit timex timex ironman nautica marc ecko and helix timex group luxury watches salvatore ferragamo sequel guess gc and vertime versace timex group built its reputation as the pioneer in timekeeping by harnessing the power and possibility of time from the first clock and wristwatch we produced through data integration – from classic timehonored designs through exclusive luxury collector’s pieces – timex group companies continue to deliver unparalleled quality to highly diverse and global customers,instagram,,facebook,,twitter,,timex india,,uckbqktjdcafsfhxzizhg,jun,india,timex india,,,,timexgroupindia,,false,tz,wedontstop,,timex,,timexindia,,,,,,,,,,,,,,,,,,,,,,videos,,,,,srgdjgth,,,false,false,false,false,,,,,,jazzy is a youtube content creator who uses british sign language she is deaf in both ears and uses her youtube channel as a platform to engage with people around the world and to share her stories and experiences wedontstop timex timexindia,,wedontstop jasmine whipps,,,video,,
,timex group designs manufactures and markets innovative timepieces and jewelry globally timex founded in has expanded to become timex group a privatelyheld company with several operating units and over employees worldwide one of the largest watch makers in the world timex group companies include the timex business unit timex timex ironman nautica marc ecko and helix timex group luxury watches salvatore ferragamo sequel guess gc and vertime versace timex group built its reputation as the pioneer in timekeeping by harnessing the power and possibility of time from the first clock and wristwatch we produced through data integration – from classic timehonored designs through exclusive luxury collector’s pieces – timex group companies continue to deliver unparalleled quality to highly diverse and global customers,instagram,,facebook,,twitter,,timex india,,uckbqktjdcafsfhxzizhg,jun,india,timex india,198,22588013,,timexgroupindia,,False,False,4710,,timex group designs manufactures and markets innovative timepieces and jewelry globally timex founded in has expanded to become timex group a privatelyheld company with several operating units and over employees worldwide one of the largest watch makers in the world timex group companies include the timex business unit timex timex ironman nautica marc ecko and helix timex group luxury watches salvatore ferragamo sequel guess gc and vertime versace timex group built its reputation as the pioneer in timekeeping by harnessing the power and possibility of time from the first clock and wristwatch we produced through data integration – from classic timehonored designs through exclusive luxury collector’s pieces – timex group companies continue to deliver unparalleled quality to highly diverse and global customers,instagram,,facebook,,twitter,,timex india,,uckbqktjdcafsfhxzizhg,jun,india,timex india,,,,timexgroupindia,,false,tz,wedontstop,,timex,,timexindia,,,,,,,,,,,,,,,,,,,,,,videos,,,,,ehycxnies,,,false,false,false,false,,,,,,lucius is an indiepop band that consists of lead vocalists jess wolfe and holly laessig drummer and producer dan molad and lead guitarist peter lalish they’ve sold out shows big and small headlined across us and europe played at bonnaroo end of the road lollapalooza newport folk festival reading and leeds festivals and more and shared the stage with a variety of musicians wedontstop timex timexindia,,wedontstop lucius,,,video,,
,timex group designs manufactures and markets innovative timepieces and jewelry globally timex founded in has expanded to become timex group a privatelyheld company with several operating units and over employees worldwide one of the largest watch makers in the world timex group companies include the timex business unit timex timex ironman nautica marc ecko and helix timex group luxury watches salvatore ferragamo sequel guess gc and vertime versace timex group built its reputation as the pioneer in timekeeping by harnessing the power and possibility of time from the first clock and wristwatch we produced through data integration – from classic timehonored designs through exclusive luxury collector’s pieces – timex group companies continue to deliver unparalleled quality to highly diverse and global customers,instagram,,facebook,,twitter,,timex india,,uckbqktjdcafsfhxzizhg,jun,india,timex india,198,22588013,,timexgroupindia,,False,False,4710,,timex group designs manufactures and markets innovative timepieces and jewelry globally timex founded in has expanded to become timex group a privatelyheld company with several operating units and over employees worldwide one of the largest watch makers in the world timex group companies include the timex business unit timex timex ironman nautica marc ecko and helix timex group luxury watches salvatore ferragamo sequel guess gc and vertime versace timex group built its reputation as the pioneer in timekeeping by harnessing the power and possibility of time from the first clock and wristwatch we produced through data integration – from classic timehonored designs through exclusive luxury collector’s pieces – timex group companies continue to deliver unparalleled quality to highly diverse and global customers,instagram,,facebook,,twitter,,timex india,,uckbqktjdcafsfhxzizhg,jun,india,timex india,,,,timexgroupindia,,false,tz,wedontstop,,timex,,timexindia,,,,,,,,,,,,,,,,,,,,,,videos,,,,,xfpzkjabd,,,false,false,false,false,,,,,,chloé is the executive director and cofounder of the ocean legacy foundation a canadian nonproﬁt organization founded in with the goal to end plastic waste in our oceans ocean legacy aims to accomplish this through education advocacy research and policy that improves infrastructure and waste management and the foundation takes part in cleanup and restoration efforts to help catalyze antipollution actions worldwide wedontstop timex timexindia,,wedontstop chloe dubois,,,video,,
,timex group designs manufactures and markets innovative timepieces and jewelry globally timex founded in has expanded to become timex group a privatelyheld company with several operating units and over employees worldwide one of the largest watch makers in the world timex group companies include the timex business unit timex timex ironman nautica marc ecko and helix timex group luxury watches salvatore ferragamo sequel guess gc and vertime versace timex group built its reputation as the pioneer in timekeeping by harnessing the power and possibility of time from the first clock and wristwatch we produced through data integration – from classic timehonored designs through exclusive luxury collector’s pieces – timex group companies continue to deliver unparalleled quality to highly diverse and global customers,instagram,,facebook,,twitter,,timex india,,uckbqktjdcafsfhxzizhg,jun,india,timex india,198,22588013,,timexgroupindia,,False,False,4710,,timex group designs manufactures and markets innovative timepieces and jewelry globally timex founded in has expanded to become timex group a privatelyheld company with several operating units and over employees worldwide one of the largest watch makers in the world timex group companies include the timex business unit timex timex ironman nautica marc ecko and helix timex group luxury watches salvatore ferragamo sequel guess gc and vertime versace timex group built its reputation as the pioneer in timekeeping by harnessing the power and possibility of time from the first clock and wristwatch we produced through data integration – from classic timehonored designs through exclusive luxury collector’s pieces – timex group companies continue to deliver unparalleled quality to highly diverse and global customers,instagram,,facebook,,twitter,,timex india,,uckbqktjdcafsfhxzizhg,jun,india,timex india,,,,timexgroupindia,,false,tz,wedontstop,,timex,,timexindia,,,,,,,,,,,,,,,,,,,,,,videos,,,,,uydgzbwrrm,,,false,false,false,false,,,,,,editor and founder of the cramm seltzer’s passion for news and staying informed led her to creating a newsletter for younger readers — one that garners more than million monthly views the cramm is read in more than countries and it’s followed by celebrities like pink chelsea handler gwyneth paltrow and arianna hufﬁngton wedontstop timex timexindia,,wedontstop olivia seltzer,,,video,,
,timex group designs manufactures and markets innovative timepieces and jewelry globally timex founded in has expanded to become timex group a privatelyheld company with several operating units and over employees worldwide one of the largest watch makers in the world timex group companies include the timex business unit timex timex ironman nautica marc ecko and helix timex group luxury watches salvatore ferragamo sequel guess gc and vertime versace timex group built its reputation as the pioneer in timekeeping by harnessing the power and possibility of time from the first clock and wristwatch we produced through data integration – from classic timehonored designs through exclusive luxury collector’s pieces – timex group companies continue to deliver unparalleled quality to highly diverse and global customers,instagram,,facebook,,twitter,,timex india,,uckbqktjdcafsfhxzizhg,jun,india,timex india,198,22588013,,timexgroupindia,,False,False,4710,,timex group designs manufactures and markets innovative timepieces and jewelry globally timex founded in has expanded to become timex group a privatelyheld company with several operating units and over employees worldwide one of the largest watch makers in the world timex group companies include the timex business unit timex timex ironman nautica marc ecko and helix timex group luxury watches salvatore ferragamo sequel guess gc and vertime versace timex group built its reputation as the pioneer in timekeeping by harnessing the power and possibility of time from the first clock and wristwatch we produced through data integration – from classic timehonored designs through exclusive luxury collector’s pieces – timex group companies continue to deliver unparalleled quality to highly diverse and global customers,instagram,,facebook,,twitter,,timex india,,uckbqktjdcafsfhxzizhg,jun,india,timex india,,,,timexgroupindia,,false,tz,,,timex,,celestialopulence,,,,,,,,,,,,,,,,,,,,,,videos,,timex,celestialopulence,,zazfksuxy,,,false,false,false,false,,,,,,inspired by the allure of the night sky the all new celestial automatic is powered by the rhythm of your life with a jewel selfwinding movement and floating minute hand this masterpiece allows you to take along the starscattered sky wherever you go shop now timex celestialopulence,,timex celestial opulence automatic,,,video,,
,timex group designs manufactures and markets innovative timepieces and jewelry globally timex founded in has expanded to become timex group a privatelyheld company with several operating units and over employees worldwide one of the largest watch makers in the world timex group companies include the timex business unit timex timex ironman nautica marc ecko and helix timex group luxury watches salvatore ferragamo sequel guess gc and vertime versace timex group built its reputation as the pioneer in timekeeping by harnessing the power and possibility of time from the first clock and wristwatch we produced through data integration – from classic timehonored designs through exclusive luxury collector’s pieces – timex group companies continue to deliver unparalleled quality to highly diverse and global customers,instagram,,facebook,,twitter,,timex india,,uckbqktjdcafsfhxzizhg,jun,india,timex india,198,22588013,,timexgroupindia,,False,False,4710,,timex group designs manufactures and markets innovative timepieces and jewelry globally timex founded in has expanded to become timex group a privatelyheld company with several operating units and over employees worldwide one of the largest watch makers in the world timex group companies include the timex business unit timex timex ironman nautica marc ecko and helix timex group luxury watches salvatore ferragamo sequel guess gc and vertime versace timex group built its reputation as the pioneer in timekeeping by harnessing the power and possibility of time from the first clock and wristwatch we produced through data integration – from classic timehonored designs through exclusive luxury collector’s pieces – timex group companies continue to deliver unparalleled quality to highly diverse and global customers,instagram,,facebook,,twitter,,timex india,,uckbqktjdcafsfhxzizhg,jun,india,timex india,,,,timexgroupindia,,false,tz,,,,,,,,,,,,,,,,,,,,,,,,,,,videos,,,,,trvuxuiui,,,false,false,false,false,,himachal pradesh,,,,we have resumed operations at our manufacturing plant in baddi himachal pradesh following relaxation of lockdown guidelines by the government we are taking all the necessary precautionary measures to ensure a safe and sanitized working environment for our employees and aim to serve our customers in a similar way,,timex group production resumes at baddi himachal pradesh,,,video,,
,timex group designs manufactures and markets innovative timepieces and jewelry globally timex founded in has expanded to become timex group a privatelyheld company with several operating units and over employees worldwide one of the largest watch makers in the world timex group companies include the timex business unit timex timex ironman nautica marc ecko and helix timex group luxury watches salvatore ferragamo sequel guess gc and vertime versace timex group built its reputation as the pioneer in timekeeping by harnessing the power and possibility of time from the first clock and wristwatch we produced through data integration – from classic timehonored designs through exclusive luxury collector’s pieces – timex group companies continue to deliver unparalleled quality to highly diverse and global customers,instagram,,facebook,,twitter,,timex india,,uckbqktjdcafsfhxzizhg,jun,india,timex india,198,22588013,,timexgroupindia,,False,False,4710,,timex group designs manufactures and markets innovative timepieces and jewelry globally timex founded in has expanded to become timex group a privatelyheld company with several operating units and over employees worldwide one of the largest watch makers in the world timex group companies include the timex business unit timex timex ironman nautica marc ecko and helix timex group luxury watches salvatore ferragamo sequel guess gc and vertime versace timex group built its reputation as the pioneer in timekeeping by harnessing the power and possibility of time from the first clock and wristwatch we produced through data integration – from classic timehonored designs through exclusive luxury collector’s pieces – timex group companies continue to deliver unparalleled quality to highly diverse and global customers,instagram,,facebook,,twitter,,timex india,,uckbqktjdcafsfhxzizhg,jun,india,timex india,,,,timexgroupindia,,false,tz,hustlewithhelix,,,,,,,,,,,,,,,,,,,,,,,,,,videos,,,,,gdhnbctck,,,false,false,false,false,,,,,,here’s introducing the allnew gusto with sos alert longer battery backup and stylish dual colour bands get ready to hustlewithhelix today these bands also come with calorie consumption tracking daily activity tracking and heart rate monitoring to keep your health and fitness in check know more at,,helix gusto,here’s introducing the allnew gusto with sos alert longer battery backup and stylish dual colour bands get ready to hustlewithhelix today these bands also come with calorie consumption tracking daily activity tracking and heart rate monitoring to keep your health and fitness in check know more at,,video,,
,timex group designs manufactures and markets innovative timepieces and jewelry globally timex founded in has expanded to become timex group a privatelyheld company with several operating units and over employees worldwide one of the largest watch makers in the world timex group companies include the timex business unit timex timex ironman nautica marc ecko and helix timex group luxury watches salvatore ferragamo sequel guess gc and vertime versace timex group built its reputation as the pioneer in timekeeping by harnessing the power and possibility of time from the first clock and wristwatch we produced through data integration – from classic timehonored designs through exclusive luxury collector’s pieces – timex group companies continue to deliver unparalleled quality to highly diverse and global customers,instagram,,facebook,,twitter,,timex india,,uckbqktjdcafsfhxzizhg,jun,india,timex india,198,22588013,,timexgroupindia,,False,False,4710,,timex group designs manufactures and markets innovative timepieces and jewelry globally timex founded in has expanded to become timex group a privatelyheld company with several operating units and over employees worldwide one of the largest watch makers in the world timex group companies include the timex business unit timex timex ironman nautica marc ecko and helix timex group luxury watches salvatore ferragamo sequel guess gc and vertime versace timex group built its reputation as the pioneer in timekeeping by harnessing the power and possibility of time from the first clock and wristwatch we produced through data integration – from classic timehonored designs through exclusive luxury collector’s pieces – timex group companies continue to deliver unparalleled quality to highly diverse and global customers,instagram,,facebook,,twitter,,timex india,,uckbqktjdcafsfhxzizhg,jun,india,timex india,,,,timexgroupindia,,false,tz,,,,,,,,,,,,,,,,,,,,,,,,,,,videos,,,,,dwbvtwawbm,,,false,false,false,false,,,,,,created with a vision to bring fashion and technology together the all new timex fitness bands not only support your fitness journey by keeping a track of your daily activities but also keep your fashion game strong your way these fitness bands come in two colour variants – rose gold and black in stainless steel mesh band and also in black silicone strap,,timex fitness band,,,video,,
,timex group designs manufactures and markets innovative timepieces and jewelry globally timex founded in has expanded to become timex group a privatelyheld company with several operating units and over employees worldwide one of the largest watch makers in the world timex group companies include the timex business unit timex timex ironman nautica marc ecko and helix timex group luxury watches salvatore ferragamo sequel guess gc and vertime versace timex group built its reputation as the pioneer in timekeeping by harnessing the power and possibility of time from the first clock and wristwatch we produced through data integration – from classic timehonored designs through exclusive luxury collector’s pieces – timex group companies continue to deliver unparalleled quality to highly diverse and global customers,instagram,,facebook,,twitter,,timex india,,uckbqktjdcafsfhxzizhg,jun,india,timex india,198,22588013,,timexgroupindia,,False,False,4710,,timex group designs manufactures and markets innovative timepieces and jewelry globally timex founded in has expanded to become timex group a privatelyheld company with several operating units and over employees worldwide one of the largest watch makers in the world timex group companies include the timex business unit timex timex ironman nautica marc ecko and helix timex group luxury watches salvatore ferragamo sequel guess gc and vertime versace timex group built its reputation as the pioneer in timekeeping by harnessing the power and possibility of time from the first clock and wristwatch we produced through data integration – from classic timehonored designs through exclusive luxury collector’s pieces – timex group companies continue to deliver unparalleled quality to highly diverse and global customers,instagram,,facebook,,twitter,,timex india,,uckbqktjdcafsfhxzizhg,jun,india,timex india,,,,timexgroupindia,,false,tz,,,,,,,,,,,,,,,,,,,,,,,,,,,videos,,,,,yfzgojafa,,,false,false,false,false,,,,,,now explore a whole new world of timex watches with this app download and login to this app to enjoy the interesting features it provides scan the qr code and get a screen voice message which will authenticate that you have purchased a genuine watch go for paperless warranty fill in your details scan the copy of invoice and get your watch registered for warranty win free watches many more by availing the latest offers get the product details and contact details of our customer service easily follow us on our social media accounts and get updates on our new product launches and latest offers rate the watch you have purchased as a proud owner of a new timex watch share the news with others on your social media accounts share your valuable feedback with us visit our website choose the watch that suites your style,,timex india application warranty registration,,,video,,
,timex group designs manufactures and markets innovative timepieces and jewelry globally timex founded in has expanded to become timex group a privatelyheld company with several operating units and over employees worldwide one of the largest watch makers in the world timex group companies include the timex business unit timex timex ironman nautica marc ecko and helix timex group luxury watches salvatore ferragamo sequel guess gc and vertime versace timex group built its reputation as the pioneer in timekeeping by harnessing the power and possibility of time from the first clock and wristwatch we produced through data integration – from classic timehonored designs through exclusive luxury collector’s pieces – timex group companies continue to deliver unparalleled quality to highly diverse and global customers,instagram,,facebook,,twitter,,timex india,,uckbqktjdcafsfhxzizhg,jun,india,timex india,198,22588013,,timexgroupindia,,False,False,4710,,timex group designs manufactures and markets innovative timepieces and jewelry globally timex founded in has expanded to become timex group a privatelyheld company with several operating units and over employees worldwide one of the largest watch makers in the world timex group companies include the timex business unit timex timex ironman nautica marc ecko and helix timex group luxury watches salvatore ferragamo sequel guess gc and vertime versace timex group built its reputation as the pioneer in timekeeping by harnessing the power and possibility of time from the first clock and wristwatch we produced through data integration – from classic timehonored designs through exclusive luxury collector’s pieces – timex group companies continue to deliver unparalleled quality to highly diverse and global customers,instagram,,facebook,,twitter,,timex india,,uckbqktjdcafsfhxzizhg,jun,india,timex india,,,,timexgroupindia,,false,tz,fullbloom,,timex,,timexindia,,,,,,,,,,,,,,,,,,,,,,videos,,timex,fullbloom,timexindia,crzckdmdas,,,false,false,false,false,,,,,,freshpicked just for you discover our full bloom collection this springinspired collection brings our embroidered floral look and butterfly patterns to the textured blush dial this floral watch is then paired with a simple elegant rose goldtone case and blush natural leather strap for an elevated take on an unapologetically feminine design fullbloom timex timexindia,,timex full bloom,,,video,,
,timex group designs manufactures and markets innovative timepieces and jewelry globally timex founded in has expanded to become timex group a privatelyheld company with several operating units and over employees worldwide one of the largest watch makers in the world timex group companies include the timex business unit timex timex ironman nautica marc ecko and helix timex group luxury watches salvatore ferragamo sequel guess gc and vertime versace timex group built its reputation as the pioneer in timekeeping by harnessing the power and possibility of time from the first clock and wristwatch we produced through data integration – from classic timehonored designs through exclusive luxury collector’s pieces – timex group companies continue to deliver unparalleled quality to highly diverse and global customers,instagram,,facebook,,twitter,,timex india,,uckbqktjdcafsfhxzizhg,jun,india,timex india,198,22588013,,timexgroupindia,,False,False,4710,,timex group designs manufactures and markets innovative timepieces and jewelry globally timex founded in has expanded to become timex group a privatelyheld company with several operating units and over employees worldwide one of the largest watch makers in the world timex group companies include the timex business unit timex timex ironman nautica marc ecko and helix timex group luxury watches salvatore ferragamo sequel guess gc and vertime versace timex group built its reputation as the pioneer in timekeeping by harnessing the power and possibility of time from the first clock and wristwatch we produced through data integration – from classic timehonored designs through exclusive luxury collector’s pieces – timex group companies continue to deliver unparalleled quality to highly diverse and global customers,instagram,,facebook,,twitter,,timex india,,uckbqktjdcafsfhxzizhg,jun,india,timex india,,,,timexgroupindia,,false,tz,,,,,,,,,,,,,,,,,,,,,,,,,,,videos,,,,,ctxuocgqg,,,false,false,false,false,,,,,,true to our original q timex falcon eye brings back everything we love about s quartz watch design reissued for today we recreated every detail see mr qs rescue mission and highspeed escape from secret agents on the outskirts of s san francisco,,q timex reissue falcon eye,,,video,,
,timex group designs manufactures and markets innovative timepieces and jewelry globally timex founded in has expanded to become timex group a privatelyheld company with several operating units and over employees worldwide one of the largest watch makers in the world timex group companies include the timex business unit timex timex ironman nautica marc ecko and helix timex group luxury watches salvatore ferragamo sequel guess gc and vertime versace timex group built its reputation as the pioneer in timekeeping by harnessing the power and possibility of time from the first clock and wristwatch we produced through data integration – from classic timehonored designs through exclusive luxury collector’s pieces – timex group companies continue to deliver unparalleled quality to highly diverse and global customers,instagram,,facebook,,twitter,,timex india,,uckbqktjdcafsfhxzizhg,jun,india,timex india,198,22588013,,timexgroupindia,,False,False,4710,,timex group designs manufactures and markets innovative timepieces and jewelry globally timex founded in has expanded to become timex group a privatelyheld company with several operating units and over employees worldwide one of the largest watch makers in the world timex group companies include the timex business unit timex timex ironman nautica marc ecko and helix timex group luxury watches salvatore ferragamo sequel guess gc and vertime versace timex group built its reputation as the pioneer in timekeeping by harnessing the power and possibility of time from the first clock and wristwatch we produced through data integration – from classic timehonored designs through exclusive luxury collector’s pieces – timex group companies continue to deliver unparalleled quality to highly diverse and global customers,instagram,,facebook,,twitter,,timex india,,uckbqktjdcafsfhxzizhg,jun,india,timex india,,,,timexgroupindia,,false,tz,,,,,,,,,,,,,,,,,,,,,,,,,,,videos,,,,,mbnsrrqq,,,false,false,false,false,,,,,,a message of love and continuity with shades of rose gold silver and gold that celebrates generations of watchmaking tradition with a twist when the lights go down our wellcrafted waterbury stainless steel bracelet watches reveal the sassier side with a secret icon on the dial illuminated by our indiglo® backlight,,timex waterbury neon,,,video,,
,timex group designs manufactures and markets innovative timepieces and jewelry globally timex founded in has expanded to become timex group a privatelyheld company with several operating units and over employees worldwide one of the largest watch makers in the world timex group companies include the timex business unit timex timex ironman nautica marc ecko and helix timex group luxury watches salvatore ferragamo sequel guess gc and vertime versace timex group built its reputation as the pioneer in timekeeping by harnessing the power and possibility of time from the first clock and wristwatch we produced through data integration – from classic timehonored designs through exclusive luxury collector’s pieces – timex group companies continue to deliver unparalleled quality to highly diverse and global customers,instagram,,facebook,,twitter,,timex india,,uckbqktjdcafsfhxzizhg,jun,india,timex india,198,22588013,,timexgroupindia,,False,False,4710,,timex group designs manufactures and markets innovative timepieces and jewelry globally timex founded in has expanded to become timex group a privatelyheld company with several operating units and over employees worldwide one of the largest watch makers in the world timex group companies include the timex business unit timex timex ironman nautica marc ecko and helix timex group luxury watches salvatore ferragamo sequel guess gc and vertime versace timex group built its reputation as the pioneer in timekeeping by harnessing the power and possibility of time from the first clock and wristwatch we produced through data integration – from classic timehonored designs through exclusive luxury collector’s pieces – timex group companies continue to deliver unparalleled quality to highly diverse and global customers,instagram,,facebook,,twitter,,timex india,,uckbqktjdcafsfhxzizhg,jun,india,timex india,,,,timexgroupindia,,false,tz,timex,,timexindia,,iconnect,,iconnectactive,,newcollection,,newsmartwatch,,smartwatch,,fitnesswatch,,fitnessband,,,,,,,,,,videos,,timex,smartwatch,fitnesswatch,qmuyfuoxg,,,false,false,false,false,,,,,,get up and get active with the allnew iconnect active now with the colour display count steps monitor heart rate sleep make phone calls stream music chat and do a whole lot more without carrying your phone around timex timexindia iconnect iconnectactive newcollection newsmartwatch smartwatch fitnesswatch fitnessband,,timex iconnect active,,,video,,
,timex group designs manufactures and markets innovative timepieces and jewelry globally timex founded in has expanded to become timex group a privatelyheld company with several operating units and over employees worldwide one of the largest watch makers in the world timex group companies include the timex business unit timex timex ironman nautica marc ecko and helix timex group luxury watches salvatore ferragamo sequel guess gc and vertime versace timex group built its reputation as the pioneer in timekeeping by harnessing the power and possibility of time from the first clock and wristwatch we produced through data integration – from classic timehonored designs through exclusive luxury collector’s pieces – timex group companies continue to deliver unparalleled quality to highly diverse and global customers,instagram,,facebook,,twitter,,timex india,,uckbqktjdcafsfhxzizhg,jun,india,timex india,198,22588013,,timexgroupindia,,False,False,4710,,timex group designs manufactures and markets innovative timepieces and jewelry globally timex founded in has expanded to become timex group a privatelyheld company with several operating units and over employees worldwide one of the largest watch makers in the world timex group companies include the timex business unit timex timex ironman nautica marc ecko and helix timex group luxury watches salvatore ferragamo sequel guess gc and vertime versace timex group built its reputation as the pioneer in timekeeping by harnessing the power and possibility of time from the first clock and wristwatch we produced through data integration – from classic timehonored designs through exclusive luxury collector’s pieces – timex group companies continue to deliver unparalleled quality to highly diverse and global customers,instagram,,facebook,,twitter,,timex india,,uckbqktjdcafsfhxzizhg,jun,india,timex india,,,,timexgroupindia,,false,tz,,,,,,,,,,,,,,,,,,,,,,,,,,,videos,,,,,cktzdhlpt,,,false,false,false,false,,,,,,hes finally here to hustle with us introducing the new face of helix the one and only asim riaz heres to the ultimate stunner rapper fashionista fitness icon let’s rewrite style rules and set trends together 𝙍𝙀𝘼𝘿𝙔 𝙎𝙀𝙏 𝙃𝙐𝙎𝙏𝙇𝙀,,helix india x asim riaz,,,video,,
,timex group designs manufactures and markets innovative timepieces and jewelry globally timex founded in has expanded to become timex group a privatelyheld company with several operating units and over employees worldwide one of the largest watch makers in the world timex group companies include the timex business unit timex timex ironman nautica marc ecko and helix timex group luxury watches salvatore ferragamo sequel guess gc and vertime versace timex group built its reputation as the pioneer in timekeeping by harnessing the power and possibility of time from the first clock and wristwatch we produced through data integration – from classic timehonored designs through exclusive luxury collector’s pieces – timex group companies continue to deliver unparalleled quality to highly diverse and global customers,instagram,,facebook,,twitter,,timex india,,uckbqktjdcafsfhxzizhg,jun,india,timex india,198,22588013,,timexgroupindia,,False,False,4710,,timex group designs manufactures and markets innovative timepieces and jewelry globally timex founded in has expanded to become timex group a privatelyheld company with several operating units and over employees worldwide one of the largest watch makers in the world timex group companies include the timex business unit timex timex ironman nautica marc ecko and helix timex group luxury watches salvatore ferragamo sequel guess gc and vertime versace timex group built its reputation as the pioneer in timekeeping by harnessing the power and possibility of time from the first clock and wristwatch we produced through data integration – from classic timehonored designs through exclusive luxury collector’s pieces – timex group companies continue to deliver unparalleled quality to highly diverse and global customers,instagram,,facebook,,twitter,,timex india,,uckbqktjdcafsfhxzizhg,jun,india,timex india,,,,timexgroupindia,,false,tz,,,,,,,,,,,,,,,,,,,,,,,,,,,videos,,,,,eoxcnwy,,,false,false,false,false,,,,,,make your fitness journey more fun with the allnew stylish helix smartwatch that comes packed with exciting new features like body temperature monitor heart rate monitor longlasting battery life smart sports modes and more shop now,,helix smart,,,video,,
,timex group designs manufactures and markets innovative timepieces and jewelry globally timex founded in has expanded to become timex group a privatelyheld company with several operating units and over employees worldwide one of the largest watch makers in the world timex group companies include the timex business unit timex timex ironman nautica marc ecko and helix timex group luxury watches salvatore ferragamo sequel guess gc and vertime versace timex group built its reputation as the pioneer in timekeeping by harnessing the power and possibility of time from the first clock and wristwatch we produced through data integration – from classic timehonored designs through exclusive luxury collector’s pieces – timex group companies continue to deliver unparalleled quality to highly diverse and global customers,instagram,,facebook,,twitter,,timex india,,uckbqktjdcafsfhxzizhg,jun,india,timex india,198,22588013,,timexgroupindia,,False,False,4710,,timex group designs manufactures and markets innovative timepieces and jewelry globally timex founded in has expanded to become timex group a privatelyheld company with several operating units and over employees worldwide one of the largest watch makers in the world timex group companies include the timex business unit timex timex ironman nautica marc ecko and helix timex group luxury watches salvatore ferragamo sequel guess gc and vertime versace timex group built its reputation as the pioneer in timekeeping by harnessing the power and possibility of time from the first clock and wristwatch we produced through data integration – from classic timehonored designs through exclusive luxury collector’s pieces – timex group companies continue to deliver unparalleled quality to highly diverse and global customers,instagram,,facebook,,twitter,,timex india,,uckbqktjdcafsfhxzizhg,jun,india,timex india,,,,timexgroupindia,,false,tz,,,,,,,,,,,,,,,,,,,,,,,,,,,videos,,,,,gzffgwbmae,,,false,false,false,false,,,,,,this video contains an overview and helpful tips for setting up pairing and using your iconnect by timex smart watch,,howto tips for iconnect by timex,,,video,,
,timex group designs manufactures and markets innovative timepieces and jewelry globally timex founded in has expanded to become timex group a privatelyheld company with several operating units and over employees worldwide one of the largest watch makers in the world timex group companies include the timex business unit timex timex ironman nautica marc ecko and helix timex group luxury watches salvatore ferragamo sequel guess gc and vertime versace timex group built its reputation as the pioneer in timekeeping by harnessing the power and possibility of time from the first clock and wristwatch we produced through data integration – from classic timehonored designs through exclusive luxury collector’s pieces – timex group companies continue to deliver unparalleled quality to highly diverse and global customers,instagram,,facebook,,twitter,,timex india,,uckbqktjdcafsfhxzizhg,jun,india,timex india,198,22588013,,timexgroupindia,,False,False,4710,,timex group designs manufactures and markets innovative timepieces and jewelry globally timex founded in has expanded to become timex group a privatelyheld company with several operating units and over employees worldwide one of the largest watch makers in the world timex group companies include the timex business unit timex timex ironman nautica marc ecko and helix timex group luxury watches salvatore ferragamo sequel guess gc and vertime versace timex group built its reputation as the pioneer in timekeeping by harnessing the power and possibility of time from the first clock and wristwatch we produced through data integration – from classic timehonored designs through exclusive luxury collector’s pieces – timex group companies continue to deliver unparalleled quality to highly diverse and global customers,instagram,,facebook,,twitter,,timex india,,uckbqktjdcafsfhxzizhg,jun,india,timex india,,,,timexgroupindia,,false,tz,timexindia,,ibfw,,analoglife,,maketimeyours,,,,,,,,,,,,,,,,,,,,videos,,,,,gzoxeyhjhzm,,,false,false,false,false,,,,,,we took fashion and time to the next level at the th edition of india beach fashion week ibfw as proud title sponsor of india’s biggest resort and beachwear showcase at timex india beach fashion week we brought our campaign analog life make time yours to life with the theme “live analog breathe beach” the event was a vibrant celebration of high fashion craftsmanship and the art of being present the highlight of the weekend was our grand finale with ace designer abhishek sharma where time literally became art a stunning chandelier installation crafted from a thousand timex watches illuminated the runway symbolizing how every moment connects to form something timeless each look embodied slow fashion and intentional design proving that true style like time is best experienced deliberately from runway artistry to creative collaborations timex india beach fashion week redefined how fashion lifestyle and time intersect proving once again that when timex meets the runway timeless moments are made timexindia ibfw analoglife maketimeyours,,the spirit of analog life unfolded at tibfw making it an unforgettable season,,,video,,
,timex group designs manufactures and markets innovative timepieces and jewelry globally timex founded in has expanded to become timex group a privatelyheld company with several operating units and over employees worldwide one of the largest watch makers in the world timex group companies include the timex business unit timex timex ironman nautica marc ecko and helix timex group luxury watches salvatore ferragamo sequel guess gc and vertime versace timex group built its reputation as the pioneer in timekeeping by harnessing the power and possibility of time from the first clock and wristwatch we produced through data integration – from classic timehonored designs through exclusive luxury collector’s pieces – timex group companies continue to deliver unparalleled quality to highly diverse and global customers,instagram,,facebook,,twitter,,timex india,,uckbqktjdcafsfhxzizhg,jun,india,timex india,198,22588013,,timexgroupindia,,False,False,4710,,timex group designs manufactures and markets innovative timepieces and jewelry globally timex founded in has expanded to become timex group a privatelyheld company with several operating units and over employees worldwide one of the largest watch makers in the world timex group companies include the timex business unit timex timex ironman nautica marc ecko and helix timex group luxury watches salvatore ferragamo sequel guess gc and vertime versace timex group built its reputation as the pioneer in timekeeping by harnessing the power and possibility of time from the first clock and wristwatch we produced through data integration – from classic timehonored designs through exclusive luxury collector’s pieces – timex group companies continue to deliver unparalleled quality to highly diverse and global customers,instagram,,facebook,,twitter,,timex india,,uckbqktjdcafsfhxzizhg,jun,india,timex india,,,,timexgroupindia,,false,tz,,,,,timexindia,,timexindia,,timexindia,,,,,,,,,,,,,,,,,,shorts,,,,,gukiocod,,,false,false,false,false,,,,,,its time see you in the upside down ˙uʍop ǝpᴉsdn ǝɥʇ uᴉ noʎ ǝǝs available on the timex india website shop now for more information visit our website follow us on instagram timexindia facebook timexindia twitter timexindia,,timex x stranger things,,,shorts,,
,timex group designs manufactures and markets innovative timepieces and jewelry globally timex founded in has expanded to become timex group a privatelyheld company with several operating units and over employees worldwide one of the largest watch makers in the world timex group companies include the timex business unit timex timex ironman nautica marc ecko and helix timex group luxury watches salvatore ferragamo sequel guess gc and vertime versace timex group built its reputation as the pioneer in timekeeping by harnessing the power and possibility of time from the first clock and wristwatch we produced through data integration – from classic timehonored designs through exclusive luxury collector’s pieces – timex group companies continue to deliver unparalleled quality to highly diverse and global customers,instagram,,facebook,,twitter,,timex india,,uckbqktjdcafsfhxzizhg,jun,india,timex india,198,22588013,,timexgroupindia,,False,False,4710,,timex group designs manufactures and markets innovative timepieces and jewelry globally timex founded in has expanded to become timex group a privatelyheld company with several operating units and over employees worldwide one of the largest watch makers in the world timex group companies include the timex business unit timex timex ironman nautica marc ecko and helix timex group luxury watches salvatore ferragamo sequel guess gc and vertime versace timex group built its reputation as the pioneer in timekeeping by harnessing the power and possibility of time from the first clock and wristwatch we produced through data integration – from classic timehonored designs through exclusive luxury collector’s pieces – timex group companies continue to deliver unparalleled quality to highly diverse and global customers,instagram,,facebook,,twitter,,timex india,,uckbqktjdcafsfhxzizhg,jun,india,timex india,,,,timexgroupindia,,false,tz,timexamericandocuments,,timex,,madeinamerica,,,,,,,,,,,,,,,,,,,,,,shorts,,timex,madeinamerica,,rzbqwitreta,,,false,false,false,false,,,,,,we are proud to introduce the all new american document collection forged with american materials this collection is the long awaited and much anticipated revelation behind decades of meticulous craftsmanship and design timexamericandocuments timex madeinamerica,,timex american documents,,,shorts,,
,timex group designs manufactures and markets innovative timepieces and jewelry globally timex founded in has expanded to become timex group a privatelyheld company with several operating units and over employees worldwide one of the largest watch makers in the world timex group companies include the timex business unit timex timex ironman nautica marc ecko and helix timex group luxury watches salvatore ferragamo sequel guess gc and vertime versace timex group built its reputation as the pioneer in timekeeping by harnessing the power and possibility of time from the first clock and wristwatch we produced through data integration – from classic timehonored designs through exclusive luxury collector’s pieces – timex group companies continue to deliver unparalleled quality to highly diverse and global customers,instagram,,facebook,,twitter,,timex india,,uckbqktjdcafsfhxzizhg,jun,india,timex india,198,22588013,,timexgroupindia,,False,False,4710,,timex group designs manufactures and markets innovative timepieces and jewelry globally timex founded in has expanded to become timex group a privatelyheld company with several operating units and over employees worldwide one of the largest watch makers in the world timex group companies include the timex business unit timex timex ironman nautica marc ecko and helix timex group luxury watches salvatore ferragamo sequel guess gc and vertime versace timex group built its reputation as the pioneer in timekeeping by harnessing the power and possibility of time from the first clock and wristwatch we produced through data integration – from classic timehonored designs through exclusive luxury collector’s pieces – timex group companies continue to deliver unparalleled quality to highly diverse and global customers,instagram,,facebook,,twitter,,timex india,,uckbqktjdcafsfhxzizhg,jun,india,timex india,,,,timexgroupindia,,false,tz,,,timexindia,,timex,,timexwatches,,waterburycollection,,waterbury,,gmtwatches,,gmtfunction,,,,,,,,,,,,videos,,timex,timexwatches,timexindia,ldseybqs,,,false,false,false,false,,,,,,drawing from our heritage this collection honors the original waterbury watch company featuring its iconic w logo on the dial crown and second hand each watch exemplifies our dedication to craftsmanship with its finely finished design and horological expertise the waterbury traditional gmt equipped with a gmt function for tracking a second time zone is perfect for world travelers encased in a twotone stainlesssteel case and bracelet its a timeless symbol of punctuality and global connection explore now timexindia timex timexwatches waterburycollection waterbury gmtwatches gmtfunction,,waterbury ocean collection watches that last a lifetime affordable highly functional,,,video,,
,timex group designs manufactures and markets innovative timepieces and jewelry globally timex founded in has expanded to become timex group a privatelyheld company with several operating units and over employees worldwide one of the largest watch makers in the world timex group companies include the timex business unit timex timex ironman nautica marc ecko and helix timex group luxury watches salvatore ferragamo sequel guess gc and vertime versace timex group built its reputation as the pioneer in timekeeping by harnessing the power and possibility of time from the first clock and wristwatch we produced through data integration – from classic timehonored designs through exclusive luxury collector’s pieces – timex group companies continue to deliver unparalleled quality to highly diverse and global customers,instagram,,facebook,,twitter,,timex india,,uckbqktjdcafsfhxzizhg,jun,india,timex india,198,22588013,,timexgroupindia,,False,False,4710,,timex group designs manufactures and markets innovative timepieces and jewelry globally timex founded in has expanded to become timex group a privatelyheld company with several operating units and over employees worldwide one of the largest watch makers in the world timex group companies include the timex business unit timex timex ironman nautica marc ecko and helix timex group luxury watches salvatore ferragamo sequel guess gc and vertime versace timex group built its reputation as the pioneer in timekeeping by harnessing the power and possibility of time from the first clock and wristwatch we produced through data integration – from classic timehonored designs through exclusive luxury collector’s pieces – timex group companies continue to deliver unparalleled quality to highly diverse and global customers,instagram,,facebook,,twitter,,timex india,,uckbqktjdcafsfhxzizhg,jun,india,timex india,,,,timexgroupindia,,false,tz,pov,,valentine,,loveoclock,,,,helixindia,,helixindia,,helixwatches,,,,,,,,,,,,,,videos,,valentine,pov,loveoclock,xmkyostxam,,,false,false,false,false,,,,,,pov you are your own valentine ​ ​ loveoclock is your reminder to how loving yourself is all that matters everything else can wait ​ ​ happy valentine’s day​ for more information visit us at follow us on instagram facebook twitter,,helix valentines day,pov you are your own valentine ​ ​ loveoclock is your reminder to how loving yourself is all that matters everything else can wait ​ ​ happy valentine’s day​ for more information visit us at follow us on instagram helixindia facebook helixindia twitter helixwatches,,video,,
,timex group designs manufactures and markets innovative timepieces and jewelry globally timex founded in has expanded to become timex group a privatelyheld company with several operating units and over employees worldwide one of the largest watch makers in the world timex group companies include the timex business unit timex timex ironman nautica marc ecko and helix timex group luxury watches salvatore ferragamo sequel guess gc and vertime versace timex group built its reputation as the pioneer in timekeeping by harnessing the power and possibility of time from the first clock and wristwatch we produced through data integration – from classic timehonored designs through exclusive luxury collector’s pieces – timex group companies continue to deliver unparalleled quality to highly diverse and global customers,instagram,,facebook,,twitter,,timex india,,uckbqktjdcafsfhxzizhg,jun,india,timex india,198,22588013,,timexgroupindia,,False,False,4710,,timex group designs manufactures and markets innovative timepieces and jewelry globally timex founded in has expanded to become timex group a privatelyheld company with several operating units and over employees worldwide one of the largest watch makers in the world timex group companies include the timex business unit timex timex ironman nautica marc ecko and helix timex group luxury watches salvatore ferragamo sequel guess gc and vertime versace timex group built its reputation as the pioneer in timekeeping by harnessing the power and possibility of time from the first clock and wristwatch we produced through data integration – from classic timehonored designs through exclusive luxury collector’s pieces – timex group companies continue to deliver unparalleled quality to highly diverse and global customers,instagram,,facebook,,twitter,,timex india,,uckbqktjdcafsfhxzizhg,jun,india,timex india,,,,timexgroupindia,,false,tz,,,,,,,,,,,,,,,,,,,,,,,,,,,videos,,,,,vnkzitjq,,,false,false,false,false,,,,,,heres presenting your perfect fit smart companion helix metalfit the allnew smartwatch comes with an inbuilt spo monitor heart rate monitor full metal case body touch to wake feature sleep activity tracker different sports modes days battery life under normal usage and much more shop now,,helix metalfit,,,video,,
,timex group designs manufactures and markets innovative timepieces and jewelry globally timex founded in has expanded to become timex group a privatelyheld company with several operating units and over employees worldwide one of the largest watch makers in the world timex group companies include the timex business unit timex timex ironman nautica marc ecko and helix timex group luxury watches salvatore ferragamo sequel guess gc and vertime versace timex group built its reputation as the pioneer in timekeeping by harnessing the power and possibility of time from the first clock and wristwatch we produced through data integration – from classic timehonored designs through exclusive luxury collector’s pieces – timex group companies continue to deliver unparalleled quality to highly diverse and global customers,instagram,,facebook,,twitter,,timex india,,uckbqktjdcafsfhxzizhg,jun,india,timex india,198,22588013,,timexgroupindia,,False,False,4710,,timex group designs manufactures and markets innovative timepieces and jewelry globally timex founded in has expanded to become timex group a privatelyheld company with several operating units and over employees worldwide one of the largest watch makers in the world timex group companies include the timex business unit timex timex ironman nautica marc ecko and helix timex group luxury watches salvatore ferragamo sequel guess gc and vertime versace timex group built its reputation as the pioneer in timekeeping by harnessing the power and possibility of time from the first clock and wristwatch we produced through data integration – from classic timehonored designs through exclusive luxury collector’s pieces – timex group companies continue to deliver unparalleled quality to highly diverse and global customers,instagram,,facebook,,twitter,,timex india,,uckbqktjdcafsfhxzizhg,jun,india,timex india,,,,timexgroupindia,,false,tz,,,,,,,,,,,,,,,,,,,,,,,,,,,videos,,,,,hvlkyowbzz,,,false,false,false,false,,,,,,introducing timex fit a smart watch from timex with featues like temperature sensor spo hrm notification activity tracking auto sleep detection and multiple watch faces and dependable service from timex group available on the timex india website shop now,,timex fit,,,video,,
,timex group designs manufactures and markets innovative timepieces and jewelry globally timex founded in has expanded to become timex group a privatelyheld company with several operating units and over employees worldwide one of the largest watch makers in the world timex group companies include the timex business unit timex timex ironman nautica marc ecko and helix timex group luxury watches salvatore ferragamo sequel guess gc and vertime versace timex group built its reputation as the pioneer in timekeeping by harnessing the power and possibility of time from the first clock and wristwatch we produced through data integration – from classic timehonored designs through exclusive luxury collector’s pieces – timex group companies continue to deliver unparalleled quality to highly diverse and global customers,instagram,,facebook,,twitter,,timex india,,uckbqktjdcafsfhxzizhg,jun,india,timex india,198,22588013,,timexgroupindia,,False,False,4710,,timex group designs manufactures and markets innovative timepieces and jewelry globally timex founded in has expanded to become timex group a privatelyheld company with several operating units and over employees worldwide one of the largest watch makers in the world timex group companies include the timex business unit timex timex ironman nautica marc ecko and helix timex group luxury watches salvatore ferragamo sequel guess gc and vertime versace timex group built its reputation as the pioneer in timekeeping by harnessing the power and possibility of time from the first clock and wristwatch we produced through data integration – from classic timehonored designs through exclusive luxury collector’s pieces – timex group companies continue to deliver unparalleled quality to highly diverse and global customers,instagram,,facebook,,twitter,,timex india,,uckbqktjdcafsfhxzizhg,jun,india,timex india,,,,timexgroupindia,,false,tz,,,,,,,,,,,,,,,,,,,,,,,,,,,videos,,,,,vaaevvgsdwa,,,false,false,false,false,,,,,,fitness safety fashion all in one introducing timex blink hr a new activity tracker get ready to manage your active life,,introducing timex blink hr,,,video,,
,timex group designs manufactures and markets innovative timepieces and jewelry globally timex founded in has expanded to become timex group a privatelyheld company with several operating units and over employees worldwide one of the largest watch makers in the world timex group companies include the timex business unit timex timex ironman nautica marc ecko and helix timex group luxury watches salvatore ferragamo sequel guess gc and vertime versace timex group built its reputation as the pioneer in timekeeping by harnessing the power and possibility of time from the first clock and wristwatch we produced through data integration – from classic timehonored designs through exclusive luxury collector’s pieces – timex group companies continue to deliver unparalleled quality to highly diverse and global customers,instagram,,facebook,,twitter,,timex india,,uckbqktjdcafsfhxzizhg,jun,india,timex india,198,22588013,,timexgroupindia,,False,False,4710,,timex group designs manufactures and markets innovative timepieces and jewelry globally timex founded in has expanded to become timex group a privatelyheld company with several operating units and over employees worldwide one of the largest watch makers in the world timex group companies include the timex business unit timex timex ironman nautica marc ecko and helix timex group luxury watches salvatore ferragamo sequel guess gc and vertime versace timex group built its reputation as the pioneer in timekeeping by harnessing the power and possibility of time from the first clock and wristwatch we produced through data integration – from classic timehonored designs through exclusive luxury collector’s pieces – timex group companies continue to deliver unparalleled quality to highly diverse and global customers,instagram,,facebook,,twitter,,timex india,,uckbqktjdcafsfhxzizhg,jun,india,timex india,,,,timexgroupindia,,false,tz,,,,,,,,,,,,,,,,,,,,,,,,,,,videos,,,,,nlrcmpxq,,,false,false,false,false,,,,,,introducing the selfwinding jewel automatic with a full skeleton dial the perfect vintage styling for the modern men grab yours from,,introducing timex automatic,,,video,,
,timex group designs manufactures and markets innovative timepieces and jewelry globally timex founded in has expanded to become timex group a privatelyheld company with several operating units and over employees worldwide one of the largest watch makers in the world timex group companies include the timex business unit timex timex ironman nautica marc ecko and helix timex group luxury watches salvatore ferragamo sequel guess gc and vertime versace timex group built its reputation as the pioneer in timekeeping by harnessing the power and possibility of time from the first clock and wristwatch we produced through data integration – from classic timehonored designs through exclusive luxury collector’s pieces – timex group companies continue to deliver unparalleled quality to highly diverse and global customers,instagram,,facebook,,twitter,,timex india,,uckbqktjdcafsfhxzizhg,jun,india,timex india,198,22588013,,timexgroupindia,,False,False,4710,,timex group designs manufactures and markets innovative timepieces and jewelry globally timex founded in has expanded to become timex group a privatelyheld company with several operating units and over employees worldwide one of the largest watch makers in the world timex group companies include the timex business unit timex timex ironman nautica marc ecko and helix timex group luxury watches salvatore ferragamo sequel guess gc and vertime versace timex group built its reputation as the pioneer in timekeeping by harnessing the power and possibility of time from the first clock and wristwatch we produced through data integration – from classic timehonored designs through exclusive luxury collector’s pieces – timex group companies continue to deliver unparalleled quality to highly diverse and global customers,instagram,,facebook,,twitter,,timex india,,uckbqktjdcafsfhxzizhg,jun,india,timex india,,,,timexgroupindia,,false,tz,,,,,,,,,,,,,,,,,,,,,,,,,,,videos,,,,,dlojyumsyoq,,,false,false,false,false,,,,,,are you ready for exciting offers and assured prizes buy a timex watch and stand a chance to win a trip to london apple i pads silver coins etc for more details visit,,buy a timex win exciting prizes click for offer shoptimexindiacom,,,video,,
,timex group designs manufactures and markets innovative timepieces and jewelry globally timex founded in has expanded to become timex group a privatelyheld company with several operating units and over employees worldwide one of the largest watch makers in the world timex group companies include the timex business unit timex timex ironman nautica marc ecko and helix timex group luxury watches salvatore ferragamo sequel guess gc and vertime versace timex group built its reputation as the pioneer in timekeeping by harnessing the power and possibility of time from the first clock and wristwatch we produced through data integration – from classic timehonored designs through exclusive luxury collector’s pieces – timex group companies continue to deliver unparalleled quality to highly diverse and global customers,instagram,,facebook,,twitter,,timex india,,uckbqktjdcafsfhxzizhg,jun,india,timex india,198,22588013,,timexgroupindia,,False,False,4710,,timex group designs manufactures and markets innovative timepieces and jewelry globally timex founded in has expanded to become timex group a privatelyheld company with several operating units and over employees worldwide one of the largest watch makers in the world timex group companies include the timex business unit timex timex ironman nautica marc ecko and helix timex group luxury watches salvatore ferragamo sequel guess gc and vertime versace timex group built its reputation as the pioneer in timekeeping by harnessing the power and possibility of time from the first clock and wristwatch we produced through data integration – from classic timehonored designs through exclusive luxury collector’s pieces – timex group companies continue to deliver unparalleled quality to highly diverse and global customers,instagram,,facebook,,twitter,,timex india,,uckbqktjdcafsfhxzizhg,jun,india,timex india,,,,timexgroupindia,,false,tz,,,,,,,,,,,,,,,,,,,,,,,,,,,videos,,,,,txzdjlfk,,,false,false,false,false,,,,,,powerful and resilient this watch is everything you are built with both durability and technology in mind the command series can handle it all,,timex command collection built for durability,,,video,,
,timex group designs manufactures and markets innovative timepieces and jewelry globally timex founded in has expanded to become timex group a privatelyheld company with several operating units and over employees worldwide one of the largest watch makers in the world timex group companies include the timex business unit timex timex ironman nautica marc ecko and helix timex group luxury watches salvatore ferragamo sequel guess gc and vertime versace timex group built its reputation as the pioneer in timekeeping by harnessing the power and possibility of time from the first clock and wristwatch we produced through data integration – from classic timehonored designs through exclusive luxury collector’s pieces – timex group companies continue to deliver unparalleled quality to highly diverse and global customers,instagram,,facebook,,twitter,,timex india,,uckbqktjdcafsfhxzizhg,jun,india,timex india,198,22588013,,timexgroupindia,,False,False,4710,,timex group designs manufactures and markets innovative timepieces and jewelry globally timex founded in has expanded to become timex group a privatelyheld company with several operating units and over employees worldwide one of the largest watch makers in the world timex group companies include the timex business unit timex timex ironman nautica marc ecko and helix timex group luxury watches salvatore ferragamo sequel guess gc and vertime versace timex group built its reputation as the pioneer in timekeeping by harnessing the power and possibility of time from the first clock and wristwatch we produced through data integration – from classic timehonored designs through exclusive luxury collector’s pieces – timex group companies continue to deliver unparalleled quality to highly diverse and global customers,instagram,,facebook,,twitter,,timex india,,uckbqktjdcafsfhxzizhg,jun,india,timex india,,,,timexgroupindia,,false,tz,,,,,,,,,,,,,,,,,,,,,,,,,,,videos,,,,,qccrnwias,,,false,false,false,false,,,,,,a tutorial to help you get started with your timex blink get set now… available at an authorized timex store near you to know more,,get started with timex blink,,,video,,
,timex group designs manufactures and markets innovative timepieces and jewelry globally timex founded in has expanded to become timex group a privatelyheld company with several operating units and over employees worldwide one of the largest watch makers in the world timex group companies include the timex business unit timex timex ironman nautica marc ecko and helix timex group luxury watches salvatore ferragamo sequel guess gc and vertime versace timex group built its reputation as the pioneer in timekeeping by harnessing the power and possibility of time from the first clock and wristwatch we produced through data integration – from classic timehonored designs through exclusive luxury collector’s pieces – timex group companies continue to deliver unparalleled quality to highly diverse and global customers,instagram,,facebook,,twitter,,timex india,,uckbqktjdcafsfhxzizhg,jun,india,timex india,198,22588013,,timexgroupindia,,False,False,4710,,timex group designs manufactures and markets innovative timepieces and jewelry globally timex founded in has expanded to become timex group a privatelyheld company with several operating units and over employees worldwide one of the largest watch makers in the world timex group companies include the timex business unit timex timex ironman nautica marc ecko and helix timex group luxury watches salvatore ferragamo sequel guess gc and vertime versace timex group built its reputation as the pioneer in timekeeping by harnessing the power and possibility of time from the first clock and wristwatch we produced through data integration – from classic timehonored designs through exclusive luxury collector’s pieces – timex group companies continue to deliver unparalleled quality to highly diverse and global customers,instagram,,facebook,,twitter,,timex india,,uckbqktjdcafsfhxzizhg,jun,india,timex india,,,,timexgroupindia,,false,tz,,,,,,,,,,,,,,,,,,,,,,,,,,,videos,,,,,dudywwsbfc,,,false,false,false,false,,,,,,introducing mf with cuttingedge designs and state of the art technology it is also available in an exciting range of colors exclusively at flipkart,,introducing mf,,,video,,
,timex group designs manufactures and markets innovative timepieces and jewelry globally timex founded in has expanded to become timex group a privatelyheld company with several operating units and over employees worldwide one of the largest watch makers in the world timex group companies include the timex business unit timex timex ironman nautica marc ecko and helix timex group luxury watches salvatore ferragamo sequel guess gc and vertime versace timex group built its reputation as the pioneer in timekeeping by harnessing the power and possibility of time from the first clock and wristwatch we produced through data integration – from classic timehonored designs through exclusive luxury collector’s pieces – timex group companies continue to deliver unparalleled quality to highly diverse and global customers,instagram,,facebook,,twitter,,timex india,,uckbqktjdcafsfhxzizhg,jun,india,timex india,198,22588013,,timexgroupindia,,False,False,4710,,timex group designs manufactures and markets innovative timepieces and jewelry globally timex founded in has expanded to become timex group a privatelyheld company with several operating units and over employees worldwide one of the largest watch makers in the world timex group companies include the timex business unit timex timex ironman nautica marc ecko and helix timex group luxury watches salvatore ferragamo sequel guess gc and vertime versace timex group built its reputation as the pioneer in timekeeping by harnessing the power and possibility of time from the first clock and wristwatch we produced through data integration – from classic timehonored designs through exclusive luxury collector’s pieces – timex group companies continue to deliver unparalleled quality to highly diverse and global customers,instagram,,facebook,,twitter,,timex india,,uckbqktjdcafsfhxzizhg,jun,india,timex india,,,,timexgroupindia,,false,tz,,,,,,,,,,,,,,,,,,,,,,,,,,,videos,,,,,uxqomszwg,,,false,false,false,false,,,,,,manage your active lifestyle at the tap of a finger with the timex blink app get set with this video on how to manage your fitness with the app available at an authorized timex store near you to know more,,how to download the timex blink app,,,video,,
,timex group designs manufactures and markets innovative timepieces and jewelry globally timex founded in has expanded to become timex group a privatelyheld company with several operating units and over employees worldwide one of the largest watch makers in the world timex group companies include the timex business unit timex timex ironman nautica marc ecko and helix timex group luxury watches salvatore ferragamo sequel guess gc and vertime versace timex group built its reputation as the pioneer in timekeeping by harnessing the power and possibility of time from the first clock and wristwatch we produced through data integration – from classic timehonored designs through exclusive luxury collector’s pieces – timex group companies continue to deliver unparalleled quality to highly diverse and global customers,instagram,,facebook,,twitter,,timex india,,uckbqktjdcafsfhxzizhg,jun,india,timex india,198,22588013,,timexgroupindia,,False,False,4710,,timex group designs manufactures and markets innovative timepieces and jewelry globally timex founded in has expanded to become timex group a privatelyheld company with several operating units and over employees worldwide one of the largest watch makers in the world timex group companies include the timex business unit timex timex ironman nautica marc ecko and helix timex group luxury watches salvatore ferragamo sequel guess gc and vertime versace timex group built its reputation as the pioneer in timekeeping by harnessing the power and possibility of time from the first clock and wristwatch we produced through data integration – from classic timehonored designs through exclusive luxury collector’s pieces – timex group companies continue to deliver unparalleled quality to highly diverse and global customers,instagram,,facebook,,twitter,,timex india,,uckbqktjdcafsfhxzizhg,jun,india,timex india,,,,timexgroupindia,,false,tz,,,,,,,,,,,,,,,,,,,,,,,,,,,videos,,,,,kpshfbvaa,,,false,false,false,false,,,,,,now synch your timex blink to your smartphone and track your active lifestyle here is a tutorial helping you the use application available at an authorized timex store near you to know more,,app introduction of timex blink,,,video,,
,timex group designs manufactures and markets innovative timepieces and jewelry globally timex founded in has expanded to become timex group a privatelyheld company with several operating units and over employees worldwide one of the largest watch makers in the world timex group companies include the timex business unit timex timex ironman nautica marc ecko and helix timex group luxury watches salvatore ferragamo sequel guess gc and vertime versace timex group built its reputation as the pioneer in timekeeping by harnessing the power and possibility of time from the first clock and wristwatch we produced through data integration – from classic timehonored designs through exclusive luxury collector’s pieces – timex group companies continue to deliver unparalleled quality to highly diverse and global customers,instagram,,facebook,,twitter,,timex india,,uckbqktjdcafsfhxzizhg,jun,india,timex india,198,22588013,,timexgroupindia,,False,False,4710,,timex group designs manufactures and markets innovative timepieces and jewelry globally timex founded in has expanded to become timex group a privatelyheld company with several operating units and over employees worldwide one of the largest watch makers in the world timex group companies include the timex business unit timex timex ironman nautica marc ecko and helix timex group luxury watches salvatore ferragamo sequel guess gc and vertime versace timex group built its reputation as the pioneer in timekeeping by harnessing the power and possibility of time from the first clock and wristwatch we produced through data integration – from classic timehonored designs through exclusive luxury collector’s pieces – timex group companies continue to deliver unparalleled quality to highly diverse and global customers,instagram,,facebook,,twitter,,timex india,,uckbqktjdcafsfhxzizhg,jun,india,timex india,,,,timexgroupindia,,false,tz,,,,,,,,,,,,,,,,,,,,,,,,,,,videos,,,,,flhjptmc,,,false,false,false,false,,,,,,latest technology meets the finest craftsmanship introducing the timex blink performance that defines perfection and durability available at an authorized timex store near you to know more,,introducing timex blink,,,video,,
,timex group designs manufactures and markets innovative timepieces and jewelry globally timex founded in has expanded to become timex group a privatelyheld company with several operating units and over employees worldwide one of the largest watch makers in the world timex group companies include the timex business unit timex timex ironman nautica marc ecko and helix timex group luxury watches salvatore ferragamo sequel guess gc and vertime versace timex group built its reputation as the pioneer in timekeeping by harnessing the power and possibility of time from the first clock and wristwatch we produced through data integration – from classic timehonored designs through exclusive luxury collector’s pieces – timex group companies continue to deliver unparalleled quality to highly diverse and global customers,instagram,,facebook,,twitter,,timex india,,uckbqktjdcafsfhxzizhg,jun,india,timex india,198,22588013,,timexgroupindia,,False,False,4710,,timex group designs manufactures and markets innovative timepieces and jewelry globally timex founded in has expanded to become timex group a privatelyheld company with several operating units and over employees worldwide one of the largest watch makers in the world timex group companies include the timex business unit timex timex ironman nautica marc ecko and helix timex group luxury watches salvatore ferragamo sequel guess gc and vertime versace timex group built its reputation as the pioneer in timekeeping by harnessing the power and possibility of time from the first clock and wristwatch we produced through data integration – from classic timehonored designs through exclusive luxury collector’s pieces – timex group companies continue to deliver unparalleled quality to highly diverse and global customers,instagram,,facebook,,twitter,,timex india,,uckbqktjdcafsfhxzizhg,jun,india,timex india,,,,timexgroupindia,,false,tz,mytime,,,,,,,,,,,,,,,,,,,,,,,,,,videos,,mytime,,,fqxsimko,,,false,false,false,false,,,,,,timex is an authentic american classic born of experience and adventure everything you need nothing you don’t the first thing you put on in the morning the last thing you take off at night mytime,,specialists in the art of timekeeping,,,video,,
,timex group designs manufactures and markets innovative timepieces and jewelry globally timex founded in has expanded to become timex group a privatelyheld company with several operating units and over employees worldwide one of the largest watch makers in the world timex group companies include the timex business unit timex timex ironman nautica marc ecko and helix timex group luxury watches salvatore ferragamo sequel guess gc and vertime versace timex group built its reputation as the pioneer in timekeeping by harnessing the power and possibility of time from the first clock and wristwatch we produced through data integration – from classic timehonored designs through exclusive luxury collector’s pieces – timex group companies continue to deliver unparalleled quality to highly diverse and global customers,instagram,,facebook,,twitter,,timex india,,uckbqktjdcafsfhxzizhg,jun,india,timex india,198,22588013,,timexgroupindia,,False,False,4710,,timex group designs manufactures and markets innovative timepieces and jewelry globally timex founded in has expanded to become timex group a privatelyheld company with several operating units and over employees worldwide one of the largest watch makers in the world timex group companies include the timex business unit timex timex ironman nautica marc ecko and helix timex group luxury watches salvatore ferragamo sequel guess gc and vertime versace timex group built its reputation as the pioneer in timekeeping by harnessing the power and possibility of time from the first clock and wristwatch we produced through data integration – from classic timehonored designs through exclusive luxury collector’s pieces – timex group companies continue to deliver unparalleled quality to highly diverse and global customers,instagram,,facebook,,twitter,,timex india,,uckbqktjdcafsfhxzizhg,jun,india,timex india,,,,timexgroupindia,,false,tz,,,,,,,,,,,,,,,,,,,,,,,,,,,videos,,,,,imtmcrrwp,,,false,false,false,false,,,,,,fitness safety fashion all in one introducing timex blink a new activity tracker get ready to manage your active life available at an authorized timex store near you to know more,,watch timex i blink tvc,,,video,,
,timex group designs manufactures and markets innovative timepieces and jewelry globally timex founded in has expanded to become timex group a privatelyheld company with several operating units and over employees worldwide one of the largest watch makers in the world timex group companies include the timex business unit timex timex ironman nautica marc ecko and helix timex group luxury watches salvatore ferragamo sequel guess gc and vertime versace timex group built its reputation as the pioneer in timekeeping by harnessing the power and possibility of time from the first clock and wristwatch we produced through data integration – from classic timehonored designs through exclusive luxury collector’s pieces – timex group companies continue to deliver unparalleled quality to highly diverse and global customers,instagram,,facebook,,twitter,,timex india,,uckbqktjdcafsfhxzizhg,jun,india,timex india,198,22588013,,timexgroupindia,,False,False,4710,,timex group designs manufactures and markets innovative timepieces and jewelry globally timex founded in has expanded to become timex group a privatelyheld company with several operating units and over employees worldwide one of the largest watch makers in the world timex group companies include the timex business unit timex timex ironman nautica marc ecko and helix timex group luxury watches salvatore ferragamo sequel guess gc and vertime versace timex group built its reputation as the pioneer in timekeeping by harnessing the power and possibility of time from the first clock and wristwatch we produced through data integration – from classic timehonored designs through exclusive luxury collector’s pieces – timex group companies continue to deliver unparalleled quality to highly diverse and global customers,instagram,,facebook,,twitter,,timex india,,uckbqktjdcafsfhxzizhg,jun,india,timex india,,,,timexgroupindia,,false,tz,mytime,,,,,,,,,,,,,,,,,,,,,,,,,,videos,,mytime,,,ngczqrk,,,false,false,false,false,,,,,,timex is an authentic american classic born of experience and adventure everything you need nothing you don’t first thing you put on in the morning last thing you take off at night mytime,,specialists in the art of timekeeping,,,video,,
,timex group designs manufactures and markets innovative timepieces and jewelry globally timex founded in has expanded to become timex group a privatelyheld company with several operating units and over employees worldwide one of the largest watch makers in the world timex group companies include the timex business unit timex timex ironman nautica marc ecko and helix timex group luxury watches salvatore ferragamo sequel guess gc and vertime versace timex group built its reputation as the pioneer in timekeeping by harnessing the power and possibility of time from the first clock and wristwatch we produced through data integration – from classic timehonored designs through exclusive luxury collector’s pieces – timex group companies continue to deliver unparalleled quality to highly diverse and global customers,instagram,,facebook,,twitter,,timex india,,uckbqktjdcafsfhxzizhg,jun,india,timex india,198,22588013,,timexgroupindia,,False,False,4710,,timex group designs manufactures and markets innovative timepieces and jewelry globally timex founded in has expanded to become timex group a privatelyheld company with several operating units and over employees worldwide one of the largest watch makers in the world timex group companies include the timex business unit timex timex ironman nautica marc ecko and helix timex group luxury watches salvatore ferragamo sequel guess gc and vertime versace timex group built its reputation as the pioneer in timekeeping by harnessing the power and possibility of time from the first clock and wristwatch we produced through data integration – from classic timehonored designs through exclusive luxury collector’s pieces – timex group companies continue to deliver unparalleled quality to highly diverse and global customers,instagram,,facebook,,twitter,,timex india,,uckbqktjdcafsfhxzizhg,jun,india,timex india,,,,timexgroupindia,,false,tz,,,,,,,,,,,,,,,,,,,,,,,,,,,videos,,,,,gzpxkhljpk,,,false,false,false,false,,,,,,check out how easy it is to change the strap on your new timex weekender watch with a reversible band,,timex weekender how to change timex reversible straps,,,video,,
,timex group designs manufactures and markets innovative timepieces and jewelry globally timex founded in has expanded to become timex group a privatelyheld company with several operating units and over employees worldwide one of the largest watch makers in the world timex group companies include the timex business unit timex timex ironman nautica marc ecko and helix timex group luxury watches salvatore ferragamo sequel guess gc and vertime versace timex group built its reputation as the pioneer in timekeeping by harnessing the power and possibility of time from the first clock and wristwatch we produced through data integration – from classic timehonored designs through exclusive luxury collector’s pieces – timex group companies continue to deliver unparalleled quality to highly diverse and global customers,instagram,,facebook,,twitter,,timex india,,uckbqktjdcafsfhxzizhg,jun,india,timex india,198,22588013,,timexgroupindia,,False,False,4710,,timex group designs manufactures and markets innovative timepieces and jewelry globally timex founded in has expanded to become timex group a privatelyheld company with several operating units and over employees worldwide one of the largest watch makers in the world timex group companies include the timex business unit timex timex ironman nautica marc ecko and helix timex group luxury watches salvatore ferragamo sequel guess gc and vertime versace timex group built its reputation as the pioneer in timekeeping by harnessing the power and possibility of time from the first clock and wristwatch we produced through data integration – from classic timehonored designs through exclusive luxury collector’s pieces – timex group companies continue to deliver unparalleled quality to highly diverse and global customers,instagram,,facebook,,twitter,,timex india,,uckbqktjdcafsfhxzizhg,jun,india,timex india,,,,timexgroupindia,,false,tz,,,,,,,,,,,,,,,,,,,,,,,,,,,videos,,,,,tlaaqpis,,,false,false,false,false,,,,,,hasleen kaur miss india earth chats with us and give us her opinions on the new fitness watches from timex the ironman move x and run x,,timex ironman move x and run x india launch,,,video,,
,timex group designs manufactures and markets innovative timepieces and jewelry globally timex founded in has expanded to become timex group a privatelyheld company with several operating units and over employees worldwide one of the largest watch makers in the world timex group companies include the timex business unit timex timex ironman nautica marc ecko and helix timex group luxury watches salvatore ferragamo sequel guess gc and vertime versace timex group built its reputation as the pioneer in timekeeping by harnessing the power and possibility of time from the first clock and wristwatch we produced through data integration – from classic timehonored designs through exclusive luxury collector’s pieces – timex group companies continue to deliver unparalleled quality to highly diverse and global customers,instagram,,facebook,,twitter,,timex india,,uckbqktjdcafsfhxzizhg,jun,india,timex india,198,22588013,,timexgroupindia,,False,False,4710,,timex group designs manufactures and markets innovative timepieces and jewelry globally timex founded in has expanded to become timex group a privatelyheld company with several operating units and over employees worldwide one of the largest watch makers in the world timex group companies include the timex business unit timex timex ironman nautica marc ecko and helix timex group luxury watches salvatore ferragamo sequel guess gc and vertime versace timex group built its reputation as the pioneer in timekeeping by harnessing the power and possibility of time from the first clock and wristwatch we produced through data integration – from classic timehonored designs through exclusive luxury collector’s pieces – timex group companies continue to deliver unparalleled quality to highly diverse and global customers,instagram,,facebook,,twitter,,timex india,,uckbqktjdcafsfhxzizhg,jun,india,timex india,,,,timexgroupindia,,false,tz,,,,,,,,,,,,,,,,,,,,,,,,,,,videos,,,,,oiskzvduf,,,false,false,false,false,,,,,,the iq move is a smart beauty designed to help people with busy schedule keep a track of their fitness without compromising on their style quotient it is an activity tracker with a traditional watch face,,timex iq be on the move,,,video,,
,timex group designs manufactures and markets innovative timepieces and jewelry globally timex founded in has expanded to become timex group a privatelyheld company with several operating units and over employees worldwide one of the largest watch makers in the world timex group companies include the timex business unit timex timex ironman nautica marc ecko and helix timex group luxury watches salvatore ferragamo sequel guess gc and vertime versace timex group built its reputation as the pioneer in timekeeping by harnessing the power and possibility of time from the first clock and wristwatch we produced through data integration – from classic timehonored designs through exclusive luxury collector’s pieces – timex group companies continue to deliver unparalleled quality to highly diverse and global customers,instagram,,facebook,,twitter,,timex india,,uckbqktjdcafsfhxzizhg,jun,india,timex india,198,22588013,,timexgroupindia,,False,False,4710,,timex group designs manufactures and markets innovative timepieces and jewelry globally timex founded in has expanded to become timex group a privatelyheld company with several operating units and over employees worldwide one of the largest watch makers in the world timex group companies include the timex business unit timex timex ironman nautica marc ecko and helix timex group luxury watches salvatore ferragamo sequel guess gc and vertime versace timex group built its reputation as the pioneer in timekeeping by harnessing the power and possibility of time from the first clock and wristwatch we produced through data integration – from classic timehonored designs through exclusive luxury collector’s pieces – timex group companies continue to deliver unparalleled quality to highly diverse and global customers,instagram,,facebook,,twitter,,timex india,,uckbqktjdcafsfhxzizhg,jun,india,timex india,,,,timexgroupindia,,false,tz,,,,,,,,,,,,,,,,,,,,,,,,,,,videos,,,,,bbtccxqy,,,false,false,false,false,,,,,,years of timex,,history of timex,,,video,,
,timex group designs manufactures and markets innovative timepieces and jewelry globally timex founded in has expanded to become timex group a privatelyheld company with several operating units and over employees worldwide one of the largest watch makers in the world timex group companies include the timex business unit timex timex ironman nautica marc ecko and helix timex group luxury watches salvatore ferragamo sequel guess gc and vertime versace timex group built its reputation as the pioneer in timekeeping by harnessing the power and possibility of time from the first clock and wristwatch we produced through data integration – from classic timehonored designs through exclusive luxury collector’s pieces – timex group companies continue to deliver unparalleled quality to highly diverse and global customers,instagram,,facebook,,twitter,,timex india,,uckbqktjdcafsfhxzizhg,jun,india,timex india,198,22588013,,timexgroupindia,,False,False,4710,,timex group designs manufactures and markets innovative timepieces and jewelry globally timex founded in has expanded to become timex group a privatelyheld company with several operating units and over employees worldwide one of the largest watch makers in the world timex group companies include the timex business unit timex timex ironman nautica marc ecko and helix timex group luxury watches salvatore ferragamo sequel guess gc and vertime versace timex group built its reputation as the pioneer in timekeeping by harnessing the power and possibility of time from the first clock and wristwatch we produced through data integration – from classic timehonored designs through exclusive luxury collector’s pieces – timex group companies continue to deliver unparalleled quality to highly diverse and global customers,instagram,,facebook,,twitter,,timex india,,uckbqktjdcafsfhxzizhg,jun,india,timex india,,,,timexgroupindia,,false,tz,,,,,,,,,,,,,,,,,,,,,,,,,,,videos,,,,,wtyghivss,,,false,false,false,false,,,,,,a sneak peek into what’s coming your way,,timex expedition shock series,,,video,,
,timex group designs manufactures and markets innovative timepieces and jewelry globally timex founded in has expanded to become timex group a privatelyheld company with several operating units and over employees worldwide one of the largest watch makers in the world timex group companies include the timex business unit timex timex ironman nautica marc ecko and helix timex group luxury watches salvatore ferragamo sequel guess gc and vertime versace timex group built its reputation as the pioneer in timekeeping by harnessing the power and possibility of time from the first clock and wristwatch we produced through data integration – from classic timehonored designs through exclusive luxury collector’s pieces – timex group companies continue to deliver unparalleled quality to highly diverse and global customers,instagram,,facebook,,twitter,,timex india,,uckbqktjdcafsfhxzizhg,jun,india,timex india,198,22588013,,timexgroupindia,,False,False,4710,,timex group designs manufactures and markets innovative timepieces and jewelry globally timex founded in has expanded to become timex group a privatelyheld company with several operating units and over employees worldwide one of the largest watch makers in the world timex group companies include the timex business unit timex timex ironman nautica marc ecko and helix timex group luxury watches salvatore ferragamo sequel guess gc and vertime versace timex group built its reputation as the pioneer in timekeeping by harnessing the power and possibility of time from the first clock and wristwatch we produced through data integration – from classic timehonored designs through exclusive luxury collector’s pieces – timex group companies continue to deliver unparalleled quality to highly diverse and global customers,instagram,,facebook,,twitter,,timex india,,uckbqktjdcafsfhxzizhg,jun,india,timex india,,,,timexgroupindia,,false,tz,,,,,,,,,,,,,,,,,,,,,,,,,,,videos,,,,,voernhvmc,,,false,false,false,false,,,,,,timex command™ x red bull® cliff diving mm resin strap watch featuring italian cliff diver alessandro de rose,,timex command x red bull timex,,,video,,
,timex group designs manufactures and markets innovative timepieces and jewelry globally timex founded in has expanded to become timex group a privatelyheld company with several operating units and over employees worldwide one of the largest watch makers in the world timex group companies include the timex business unit timex timex ironman nautica marc ecko and helix timex group luxury watches salvatore ferragamo sequel guess gc and vertime versace timex group built its reputation as the pioneer in timekeeping by harnessing the power and possibility of time from the first clock and wristwatch we produced through data integration – from classic timehonored designs through exclusive luxury collector’s pieces – timex group companies continue to deliver unparalleled quality to highly diverse and global customers,instagram,,facebook,,twitter,,timex india,,uckbqktjdcafsfhxzizhg,jun,india,timex india,198,22588013,,timexgroupindia,,False,False,4710,,timex group designs manufactures and markets innovative timepieces and jewelry globally timex founded in has expanded to become timex group a privatelyheld company with several operating units and over employees worldwide one of the largest watch makers in the world timex group companies include the timex business unit timex timex ironman nautica marc ecko and helix timex group luxury watches salvatore ferragamo sequel guess gc and vertime versace timex group built its reputation as the pioneer in timekeeping by harnessing the power and possibility of time from the first clock and wristwatch we produced through data integration – from classic timehonored designs through exclusive luxury collector’s pieces – timex group companies continue to deliver unparalleled quality to highly diverse and global customers,instagram,,facebook,,twitter,,timex india,,uckbqktjdcafsfhxzizhg,jun,india,timex india,,,,timexgroupindia,,false,tz,iamironman,,,,,,,,,,,,,,,,,,,,,,,,,,videos,,iamironman,,,snnmriddxji,,,false,false,false,false,,,,,,time your workout crosstrain with interval timers or set up a runwalk routine with our ironman run x iamironman,,timex ironman run x gps,,,video,,
,timex group designs manufactures and markets innovative timepieces and jewelry globally timex founded in has expanded to become timex group a privatelyheld company with several operating units and over employees worldwide one of the largest watch makers in the world timex group companies include the timex business unit timex timex ironman nautica marc ecko and helix timex group luxury watches salvatore ferragamo sequel guess gc and vertime versace timex group built its reputation as the pioneer in timekeeping by harnessing the power and possibility of time from the first clock and wristwatch we produced through data integration – from classic timehonored designs through exclusive luxury collector’s pieces – timex group companies continue to deliver unparalleled quality to highly diverse and global customers,instagram,,facebook,,twitter,,timex india,,uckbqktjdcafsfhxzizhg,jun,india,timex india,198,22588013,,timexgroupindia,,False,False,4710,,timex group designs manufactures and markets innovative timepieces and jewelry globally timex founded in has expanded to become timex group a privatelyheld company with several operating units and over employees worldwide one of the largest watch makers in the world timex group companies include the timex business unit timex timex ironman nautica marc ecko and helix timex group luxury watches salvatore ferragamo sequel guess gc and vertime versace timex group built its reputation as the pioneer in timekeeping by harnessing the power and possibility of time from the first clock and wristwatch we produced through data integration – from classic timehonored designs through exclusive luxury collector’s pieces – timex group companies continue to deliver unparalleled quality to highly diverse and global customers,instagram,,facebook,,twitter,,timex india,,uckbqktjdcafsfhxzizhg,jun,india,timex india,,,,timexgroupindia,,false,tz,,,,,,,,,,,,,,,,,,,,,,,,,,,videos,,,,,cjxogctlw,,,false,false,false,false,,,,,,the future of digital stay connected while living your best life and reaching every goal iconnect by timex smartwatches,,introducing iconnect by timex,,,video,,
,timex group designs manufactures and markets innovative timepieces and jewelry globally timex founded in has expanded to become timex group a privatelyheld company with several operating units and over employees worldwide one of the largest watch makers in the world timex group companies include the timex business unit timex timex ironman nautica marc ecko and helix timex group luxury watches salvatore ferragamo sequel guess gc and vertime versace timex group built its reputation as the pioneer in timekeeping by harnessing the power and possibility of time from the first clock and wristwatch we produced through data integration – from classic timehonored designs through exclusive luxury collector’s pieces – timex group companies continue to deliver unparalleled quality to highly diverse and global customers,instagram,,facebook,,twitter,,timex india,,uckbqktjdcafsfhxzizhg,jun,india,timex india,198,22588013,,timexgroupindia,,False,False,4710,,timex group designs manufactures and markets innovative timepieces and jewelry globally timex founded in has expanded to become timex group a privatelyheld company with several operating units and over employees worldwide one of the largest watch makers in the world timex group companies include the timex business unit timex timex ironman nautica marc ecko and helix timex group luxury watches salvatore ferragamo sequel guess gc and vertime versace timex group built its reputation as the pioneer in timekeeping by harnessing the power and possibility of time from the first clock and wristwatch we produced through data integration – from classic timehonored designs through exclusive luxury collector’s pieces – timex group companies continue to deliver unparalleled quality to highly diverse and global customers,instagram,,facebook,,twitter,,timex india,,uckbqktjdcafsfhxzizhg,jun,india,timex india,,,,timexgroupindia,,false,tz,,,,,,,,,,,,,,,,,,,,,,,,,,,videos,,,,,aniymiljb,,,false,false,false,false,,,,,,a new definition of cool strap on a timex intelligent quartz watch and wear it well,,timex wearitwell intelligent quartz,,,video,,
,timex group designs manufactures and markets innovative timepieces and jewelry globally timex founded in has expanded to become timex group a privatelyheld company with several operating units and over employees worldwide one of the largest watch makers in the world timex group companies include the timex business unit timex timex ironman nautica marc ecko and helix timex group luxury watches salvatore ferragamo sequel guess gc and vertime versace timex group built its reputation as the pioneer in timekeeping by harnessing the power and possibility of time from the first clock and wristwatch we produced through data integration – from classic timehonored designs through exclusive luxury collector’s pieces – timex group companies continue to deliver unparalleled quality to highly diverse and global customers,instagram,,facebook,,twitter,,timex india,,uckbqktjdcafsfhxzizhg,jun,india,timex india,198,22588013,,timexgroupindia,,False,False,4710,,timex group designs manufactures and markets innovative timepieces and jewelry globally timex founded in has expanded to become timex group a privatelyheld company with several operating units and over employees worldwide one of the largest watch makers in the world timex group companies include the timex business unit timex timex ironman nautica marc ecko and helix timex group luxury watches salvatore ferragamo sequel guess gc and vertime versace timex group built its reputation as the pioneer in timekeeping by harnessing the power and possibility of time from the first clock and wristwatch we produced through data integration – from classic timehonored designs through exclusive luxury collector’s pieces – timex group companies continue to deliver unparalleled quality to highly diverse and global customers,instagram,,facebook,,twitter,,timex india,,uckbqktjdcafsfhxzizhg,jun,india,timex india,,,,timexgroupindia,,false,tz,,,,,,,,,,,,,,,,,,,,,,,,,,,videos,,,,,jkqwtunfb,,,false,false,false,false,,,,,,timex is an authentic american classic born of experience and adventure timex jumped out of airplanes hopped trains and stormed the beaches timex is your wingman your handsome confidant everything you need nothing you dont first thing you put on in the morning last thing you take off at night,,timex true since,,,video,,
,timex group designs manufactures and markets innovative timepieces and jewelry globally timex founded in has expanded to become timex group a privatelyheld company with several operating units and over employees worldwide one of the largest watch makers in the world timex group companies include the timex business unit timex timex ironman nautica marc ecko and helix timex group luxury watches salvatore ferragamo sequel guess gc and vertime versace timex group built its reputation as the pioneer in timekeeping by harnessing the power and possibility of time from the first clock and wristwatch we produced through data integration – from classic timehonored designs through exclusive luxury collector’s pieces – timex group companies continue to deliver unparalleled quality to highly diverse and global customers,instagram,,facebook,,twitter,,timex india,,uckbqktjdcafsfhxzizhg,jun,india,timex india,198,22588013,,timexgroupindia,,False,False,4710,,timex group designs manufactures and markets innovative timepieces and jewelry globally timex founded in has expanded to become timex group a privatelyheld company with several operating units and over employees worldwide one of the largest watch makers in the world timex group companies include the timex business unit timex timex ironman nautica marc ecko and helix timex group luxury watches salvatore ferragamo sequel guess gc and vertime versace timex group built its reputation as the pioneer in timekeeping by harnessing the power and possibility of time from the first clock and wristwatch we produced through data integration – from classic timehonored designs through exclusive luxury collector’s pieces – timex group companies continue to deliver unparalleled quality to highly diverse and global customers,instagram,,facebook,,twitter,,timex india,,uckbqktjdcafsfhxzizhg,jun,india,timex india,,,,timexgroupindia,,false,tz,,,,,,,,,,,,,,,,,,,,,,,,,,,videos,,,,,ezfesbljw,,,false,false,false,false,,,,,,we are thrilled to present gusto a range of cool fitness bands from helix that are designed for those who enjoy being fit healthy and live life to the fullest heres a video on how to use this watch,,helix gusto how to use guide,,,video,,
,timex group designs manufactures and markets innovative timepieces and jewelry globally timex founded in has expanded to become timex group a privatelyheld company with several operating units and over employees worldwide one of the largest watch makers in the world timex group companies include the timex business unit timex timex ironman nautica marc ecko and helix timex group luxury watches salvatore ferragamo sequel guess gc and vertime versace timex group built its reputation as the pioneer in timekeeping by harnessing the power and possibility of time from the first clock and wristwatch we produced through data integration – from classic timehonored designs through exclusive luxury collector’s pieces – timex group companies continue to deliver unparalleled quality to highly diverse and global customers,instagram,,facebook,,twitter,,timex india,,uckbqktjdcafsfhxzizhg,jun,india,timex india,198,22588013,,timexgroupindia,,False,False,4710,,timex group designs manufactures and markets innovative timepieces and jewelry globally timex founded in has expanded to become timex group a privatelyheld company with several operating units and over employees worldwide one of the largest watch makers in the world timex group companies include the timex business unit timex timex ironman nautica marc ecko and helix timex group luxury watches salvatore ferragamo sequel guess gc and vertime versace timex group built its reputation as the pioneer in timekeeping by harnessing the power and possibility of time from the first clock and wristwatch we produced through data integration – from classic timehonored designs through exclusive luxury collector’s pieces – timex group companies continue to deliver unparalleled quality to highly diverse and global customers,instagram,,facebook,,twitter,,timex india,,uckbqktjdcafsfhxzizhg,jun,india,timex india,,,,timexgroupindia,,false,tz,,,,,,,,,,,,,,,,,,,,,,,,,,,videos,,,,,zfvsiryui,,,false,false,false,false,,,,,,a touch of class sport a timex watch and wear it well,,you believe in running after trains wearitwell,,,video,,
,timex group designs manufactures and markets innovative timepieces and jewelry globally timex founded in has expanded to become timex group a privatelyheld company with several operating units and over employees worldwide one of the largest watch makers in the world timex group companies include the timex business unit timex timex ironman nautica marc ecko and helix timex group luxury watches salvatore ferragamo sequel guess gc and vertime versace timex group built its reputation as the pioneer in timekeeping by harnessing the power and possibility of time from the first clock and wristwatch we produced through data integration – from classic timehonored designs through exclusive luxury collector’s pieces – timex group companies continue to deliver unparalleled quality to highly diverse and global customers,instagram,,facebook,,twitter,,timex india,,uckbqktjdcafsfhxzizhg,jun,india,timex india,198,22588013,,timexgroupindia,,False,False,4710,,timex group designs manufactures and markets innovative timepieces and jewelry globally timex founded in has expanded to become timex group a privatelyheld company with several operating units and over employees worldwide one of the largest watch makers in the world timex group companies include the timex business unit timex timex ironman nautica marc ecko and helix timex group luxury watches salvatore ferragamo sequel guess gc and vertime versace timex group built its reputation as the pioneer in timekeeping by harnessing the power and possibility of time from the first clock and wristwatch we produced through data integration – from classic timehonored designs through exclusive luxury collector’s pieces – timex group companies continue to deliver unparalleled quality to highly diverse and global customers,instagram,,facebook,,twitter,,timex india,,uckbqktjdcafsfhxzizhg,jun,india,timex india,,,,timexgroupindia,,false,tz,,,,,,,,,,,,,,,,,,,,,,,,,,,videos,,,,,ycnzvrttu,,,false,false,false,false,,,,,,a little over years ago we did a crazy thing we took the clock off the finish line and put it on your wrist and timex ironman became your coach your motivation a symbol of your journey to your own finish line what we never expected is where youd take us timex ironman show yourself what you can do,,timex ironman anthem,,,video,,
,timex group designs manufactures and markets innovative timepieces and jewelry globally timex founded in has expanded to become timex group a privatelyheld company with several operating units and over employees worldwide one of the largest watch makers in the world timex group companies include the timex business unit timex timex ironman nautica marc ecko and helix timex group luxury watches salvatore ferragamo sequel guess gc and vertime versace timex group built its reputation as the pioneer in timekeeping by harnessing the power and possibility of time from the first clock and wristwatch we produced through data integration – from classic timehonored designs through exclusive luxury collector’s pieces – timex group companies continue to deliver unparalleled quality to highly diverse and global customers,instagram,,facebook,,twitter,,timex india,,uckbqktjdcafsfhxzizhg,jun,india,timex india,198,22588013,,timexgroupindia,,False,False,4710,,timex group designs manufactures and markets innovative timepieces and jewelry globally timex founded in has expanded to become timex group a privatelyheld company with several operating units and over employees worldwide one of the largest watch makers in the world timex group companies include the timex business unit timex timex ironman nautica marc ecko and helix timex group luxury watches salvatore ferragamo sequel guess gc and vertime versace timex group built its reputation as the pioneer in timekeeping by harnessing the power and possibility of time from the first clock and wristwatch we produced through data integration – from classic timehonored designs through exclusive luxury collector’s pieces – timex group companies continue to deliver unparalleled quality to highly diverse and global customers,instagram,,facebook,,twitter,,timex india,,uckbqktjdcafsfhxzizhg,jun,india,timex india,,,,timexgroupindia,,false,tz,,,,,,,,,,,,,,,,,,,,,,,,,,,videos,,,,,xuzugy,,,false,false,false,false,,,,,,presenting you the brand new ferragamo chronograph with iq that no other timepiece can match with clean tasteful and chic check ferragamo chronograph commercial and share it if it stole your heart,,salvatore ferragamo chronograph,,,video,,
,timex group designs manufactures and markets innovative timepieces and jewelry globally timex founded in has expanded to become timex group a privatelyheld company with several operating units and over employees worldwide one of the largest watch makers in the world timex group companies include the timex business unit timex timex ironman nautica marc ecko and helix timex group luxury watches salvatore ferragamo sequel guess gc and vertime versace timex group built its reputation as the pioneer in timekeeping by harnessing the power and possibility of time from the first clock and wristwatch we produced through data integration – from classic timehonored designs through exclusive luxury collector’s pieces – timex group companies continue to deliver unparalleled quality to highly diverse and global customers,instagram,,facebook,,twitter,,timex india,,uckbqktjdcafsfhxzizhg,jun,india,timex india,198,22588013,,timexgroupindia,,False,False,4710,,timex group designs manufactures and markets innovative timepieces and jewelry globally timex founded in has expanded to become timex group a privatelyheld company with several operating units and over employees worldwide one of the largest watch makers in the world timex group companies include the timex business unit timex timex ironman nautica marc ecko and helix timex group luxury watches salvatore ferragamo sequel guess gc and vertime versace timex group built its reputation as the pioneer in timekeeping by harnessing the power and possibility of time from the first clock and wristwatch we produced through data integration – from classic timehonored designs through exclusive luxury collector’s pieces – timex group companies continue to deliver unparalleled quality to highly diverse and global customers,instagram,,facebook,,twitter,,timex india,,uckbqktjdcafsfhxzizhg,jun,india,timex india,,,,timexgroupindia,,false,tz,,,,,,,,,,,,,,,,,,,,,,,,,,,videos,,,,,zuiuomne,,,false,false,false,false,,,,,,check out how timex tells more than just time people who wear timex win marathons climb mountains and are some of the hottest people in town after all timex is more than just a watch,,timex tells more than just time,,,video,,
,timex group designs manufactures and markets innovative timepieces and jewelry globally timex founded in has expanded to become timex group a privatelyheld company with several operating units and over employees worldwide one of the largest watch makers in the world timex group companies include the timex business unit timex timex ironman nautica marc ecko and helix timex group luxury watches salvatore ferragamo sequel guess gc and vertime versace timex group built its reputation as the pioneer in timekeeping by harnessing the power and possibility of time from the first clock and wristwatch we produced through data integration – from classic timehonored designs through exclusive luxury collector’s pieces – timex group companies continue to deliver unparalleled quality to highly diverse and global customers,instagram,,facebook,,twitter,,timex india,,uckbqktjdcafsfhxzizhg,jun,india,timex india,198,22588013,,timexgroupindia,,False,False,4710,,timex group designs manufactures and markets innovative timepieces and jewelry globally timex founded in has expanded to become timex group a privatelyheld company with several operating units and over employees worldwide one of the largest watch makers in the world timex group companies include the timex business unit timex timex ironman nautica marc ecko and helix timex group luxury watches salvatore ferragamo sequel guess gc and vertime versace timex group built its reputation as the pioneer in timekeeping by harnessing the power and possibility of time from the first clock and wristwatch we produced through data integration – from classic timehonored designs through exclusive luxury collector’s pieces – timex group companies continue to deliver unparalleled quality to highly diverse and global customers,instagram,,facebook,,twitter,,timex india,,uckbqktjdcafsfhxzizhg,jun,india,timex india,,,,timexgroupindia,,false,tz,,,,,,,,,,,,,,,,,,,,,,,,,,,videos,,,,,czdqxsrk,,,false,false,false,false,,,,,,timex fashion trend director and wear this toss that author amy e goodman shows how timex helps you in dressing for your figure after all it is essential to looking your best every single day,,timex helps you dressing for your figure,,,video,,
,timex group designs manufactures and markets innovative timepieces and jewelry globally timex founded in has expanded to become timex group a privatelyheld company with several operating units and over employees worldwide one of the largest watch makers in the world timex group companies include the timex business unit timex timex ironman nautica marc ecko and helix timex group luxury watches salvatore ferragamo sequel guess gc and vertime versace timex group built its reputation as the pioneer in timekeeping by harnessing the power and possibility of time from the first clock and wristwatch we produced through data integration – from classic timehonored designs through exclusive luxury collector’s pieces – timex group companies continue to deliver unparalleled quality to highly diverse and global customers,instagram,,facebook,,twitter,,timex india,,uckbqktjdcafsfhxzizhg,jun,india,timex india,198,22588013,,timexgroupindia,,False,False,4710,,timex group designs manufactures and markets innovative timepieces and jewelry globally timex founded in has expanded to become timex group a privatelyheld company with several operating units and over employees worldwide one of the largest watch makers in the world timex group companies include the timex business unit timex timex ironman nautica marc ecko and helix timex group luxury watches salvatore ferragamo sequel guess gc and vertime versace timex group built its reputation as the pioneer in timekeeping by harnessing the power and possibility of time from the first clock and wristwatch we produced through data integration – from classic timehonored designs through exclusive luxury collector’s pieces – timex group companies continue to deliver unparalleled quality to highly diverse and global customers,instagram,,facebook,,twitter,,timex india,,uckbqktjdcafsfhxzizhg,jun,india,timex india,,,,timexgroupindia,,false,tz,,,,,,,,,,,,,,,,,,,,,,,,,,,videos,,,,,kqvrhyds,,,false,false,false,false,,,,,,check out how timex perfected the intelligent quartz technology and how there are no limits to the things it can do,,a true watchmaker,,,video,,
,timex group designs manufactures and markets innovative timepieces and jewelry globally timex founded in has expanded to become timex group a privatelyheld company with several operating units and over employees worldwide one of the largest watch makers in the world timex group companies include the timex business unit timex timex ironman nautica marc ecko and helix timex group luxury watches salvatore ferragamo sequel guess gc and vertime versace timex group built its reputation as the pioneer in timekeeping by harnessing the power and possibility of time from the first clock and wristwatch we produced through data integration – from classic timehonored designs through exclusive luxury collector’s pieces – timex group companies continue to deliver unparalleled quality to highly diverse and global customers,instagram,,facebook,,twitter,,timex india,,uckbqktjdcafsfhxzizhg,jun,india,timex india,198,22588013,,timexgroupindia,,False,False,4710,,timex group designs manufactures and markets innovative timepieces and jewelry globally timex founded in has expanded to become timex group a privatelyheld company with several operating units and over employees worldwide one of the largest watch makers in the world timex group companies include the timex business unit timex timex ironman nautica marc ecko and helix timex group luxury watches salvatore ferragamo sequel guess gc and vertime versace timex group built its reputation as the pioneer in timekeeping by harnessing the power and possibility of time from the first clock and wristwatch we produced through data integration – from classic timehonored designs through exclusive luxury collector’s pieces – timex group companies continue to deliver unparalleled quality to highly diverse and global customers,instagram,,facebook,,twitter,,timex india,,uckbqktjdcafsfhxzizhg,jun,india,timex india,,,,timexgroupindia,,false,tz,,,,,,,,,,,,,,,,,,,,,,,,,,,videos,,,,,cuffkzgba,,,false,false,false,false,,,,,,the timex health touch heart rate monitor is a comfortable water resistant everyday watch its equipped with timers and alarms along with a heart rate sensor to monitor your heart rate this video explains how to set it up and use it,,setting up the timex health touch heart rate monitor watch,,,video,,
,timex group designs manufactures and markets innovative timepieces and jewelry globally timex founded in has expanded to become timex group a privatelyheld company with several operating units and over employees worldwide one of the largest watch makers in the world timex group companies include the timex business unit timex timex ironman nautica marc ecko and helix timex group luxury watches salvatore ferragamo sequel guess gc and vertime versace timex group built its reputation as the pioneer in timekeeping by harnessing the power and possibility of time from the first clock and wristwatch we produced through data integration – from classic timehonored designs through exclusive luxury collector’s pieces – timex group companies continue to deliver unparalleled quality to highly diverse and global customers,instagram,,facebook,,twitter,,timex india,,uckbqktjdcafsfhxzizhg,jun,india,timex india,198,22588013,,timexgroupindia,,False,False,4710,,timex group designs manufactures and markets innovative timepieces and jewelry globally timex founded in has expanded to become timex group a privatelyheld company with several operating units and over employees worldwide one of the largest watch makers in the world timex group companies include the timex business unit timex timex ironman nautica marc ecko and helix timex group luxury watches salvatore ferragamo sequel guess gc and vertime versace timex group built its reputation as the pioneer in timekeeping by harnessing the power and possibility of time from the first clock and wristwatch we produced through data integration – from classic timehonored designs through exclusive luxury collector’s pieces – timex group companies continue to deliver unparalleled quality to highly diverse and global customers,instagram,,facebook,,twitter,,timex india,,uckbqktjdcafsfhxzizhg,jun,india,timex india,,,,timexgroupindia,,false,tz,,,,,,,,,,,,,,,,,,,,,,,,,,,videos,,,,,eciexqkayki,,,false,false,false,false,,,,,,timex fashion trend director and wear this toss that author amy e goodman advises what kind of dress to wear if you are plussized she says the beauty is in the details and recommends a timex sports chronograph,,we at timex believe beauty is in the details,,,video,,
,timex group designs manufactures and markets innovative timepieces and jewelry globally timex founded in has expanded to become timex group a privatelyheld company with several operating units and over employees worldwide one of the largest watch makers in the world timex group companies include the timex business unit timex timex ironman nautica marc ecko and helix timex group luxury watches salvatore ferragamo sequel guess gc and vertime versace timex group built its reputation as the pioneer in timekeeping by harnessing the power and possibility of time from the first clock and wristwatch we produced through data integration – from classic timehonored designs through exclusive luxury collector’s pieces – timex group companies continue to deliver unparalleled quality to highly diverse and global customers,instagram,,facebook,,twitter,,timex india,,uckbqktjdcafsfhxzizhg,jun,india,timex india,198,22588013,,timexgroupindia,,False,False,4710,,timex group designs manufactures and markets innovative timepieces and jewelry globally timex founded in has expanded to become timex group a privatelyheld company with several operating units and over employees worldwide one of the largest watch makers in the world timex group companies include the timex business unit timex timex ironman nautica marc ecko and helix timex group luxury watches salvatore ferragamo sequel guess gc and vertime versace timex group built its reputation as the pioneer in timekeeping by harnessing the power and possibility of time from the first clock and wristwatch we produced through data integration – from classic timehonored designs through exclusive luxury collector’s pieces – timex group companies continue to deliver unparalleled quality to highly diverse and global customers,instagram,,facebook,,twitter,,timex india,,uckbqktjdcafsfhxzizhg,jun,india,timex india,,,,timexgroupindia,,false,tz,,,,,,,,,,,,,,,,,,,,,,,,,,,videos,,,,,tmkrbthwmi,,,false,false,false,false,,,,,,timex fashion trend director and wear this toss that author amy e goodman tells us what looks good on curvy women a bold timex for the modern bold woman add a little flower power to your closet with the bold timex,,dress smart with the bold timex,,,video,,
,timex group designs manufactures and markets innovative timepieces and jewelry globally timex founded in has expanded to become timex group a privatelyheld company with several operating units and over employees worldwide one of the largest watch makers in the world timex group companies include the timex business unit timex timex ironman nautica marc ecko and helix timex group luxury watches salvatore ferragamo sequel guess gc and vertime versace timex group built its reputation as the pioneer in timekeeping by harnessing the power and possibility of time from the first clock and wristwatch we produced through data integration – from classic timehonored designs through exclusive luxury collector’s pieces – timex group companies continue to deliver unparalleled quality to highly diverse and global customers,instagram,,facebook,,twitter,,timex india,,uckbqktjdcafsfhxzizhg,jun,india,timex india,198,22588013,,timexgroupindia,,False,False,4710,,timex group designs manufactures and markets innovative timepieces and jewelry globally timex founded in has expanded to become timex group a privatelyheld company with several operating units and over employees worldwide one of the largest watch makers in the world timex group companies include the timex business unit timex timex ironman nautica marc ecko and helix timex group luxury watches salvatore ferragamo sequel guess gc and vertime versace timex group built its reputation as the pioneer in timekeeping by harnessing the power and possibility of time from the first clock and wristwatch we produced through data integration – from classic timehonored designs through exclusive luxury collector’s pieces – timex group companies continue to deliver unparalleled quality to highly diverse and global customers,instagram,,facebook,,twitter,,timex india,,uckbqktjdcafsfhxzizhg,jun,india,timex india,,,,timexgroupindia,,false,tz,,,,,,,,,,,,,,,,,,,,,,,,,,,videos,,,,,ytkzhbo,,,false,false,false,false,,,,,,the timex intelligent quartz also features a nifty compass learn how to use it in this video amazing isnt it,,never be lost with the timex intelligent quartz,,,video,,
,timex group designs manufactures and markets innovative timepieces and jewelry globally timex founded in has expanded to become timex group a privatelyheld company with several operating units and over employees worldwide one of the largest watch makers in the world timex group companies include the timex business unit timex timex ironman nautica marc ecko and helix timex group luxury watches salvatore ferragamo sequel guess gc and vertime versace timex group built its reputation as the pioneer in timekeeping by harnessing the power and possibility of time from the first clock and wristwatch we produced through data integration – from classic timehonored designs through exclusive luxury collector’s pieces – timex group companies continue to deliver unparalleled quality to highly diverse and global customers,instagram,,facebook,,twitter,,timex india,,uckbqktjdcafsfhxzizhg,jun,india,timex india,198,22588013,,timexgroupindia,,False,False,4710,,timex group designs manufactures and markets innovative timepieces and jewelry globally timex founded in has expanded to become timex group a privatelyheld company with several operating units and over employees worldwide one of the largest watch makers in the world timex group companies include the timex business unit timex timex ironman nautica marc ecko and helix timex group luxury watches salvatore ferragamo sequel guess gc and vertime versace timex group built its reputation as the pioneer in timekeeping by harnessing the power and possibility of time from the first clock and wristwatch we produced through data integration – from classic timehonored designs through exclusive luxury collector’s pieces – timex group companies continue to deliver unparalleled quality to highly diverse and global customers,instagram,,facebook,,twitter,,timex india,,uckbqktjdcafsfhxzizhg,jun,india,timex india,,,,timexgroupindia,,false,tz,,,,,,,,,,,,,,,,,,,,,,,,,,,videos,,,,,jstcrzu,,,false,false,false,false,,,,,,check out how the intelligent quartz technology uses a unique fourth center hand to display digital information on the analog dial,,timex intelligent quartz with the fourth hand,,,video,,
,timex group designs manufactures and markets innovative timepieces and jewelry globally timex founded in has expanded to become timex group a privatelyheld company with several operating units and over employees worldwide one of the largest watch makers in the world timex group companies include the timex business unit timex timex ironman nautica marc ecko and helix timex group luxury watches salvatore ferragamo sequel guess gc and vertime versace timex group built its reputation as the pioneer in timekeeping by harnessing the power and possibility of time from the first clock and wristwatch we produced through data integration – from classic timehonored designs through exclusive luxury collector’s pieces – timex group companies continue to deliver unparalleled quality to highly diverse and global customers,instagram,,facebook,,twitter,,timex india,,uckbqktjdcafsfhxzizhg,jun,india,timex india,198,22588013,,timexgroupindia,,False,False,4710,,timex group designs manufactures and markets innovative timepieces and jewelry globally timex founded in has expanded to become timex group a privatelyheld company with several operating units and over employees worldwide one of the largest watch makers in the world timex group companies include the timex business unit timex timex ironman nautica marc ecko and helix timex group luxury watches salvatore ferragamo sequel guess gc and vertime versace timex group built its reputation as the pioneer in timekeeping by harnessing the power and possibility of time from the first clock and wristwatch we produced through data integration – from classic timehonored designs through exclusive luxury collector’s pieces – timex group companies continue to deliver unparalleled quality to highly diverse and global customers,instagram,,facebook,,twitter,,timex india,,uckbqktjdcafsfhxzizhg,jun,india,timex india,,,,timexgroupindia,,false,tz,,,,,,,,,,,,,,,,,,,,,,,,,,,videos,,,,,krurqyey,,,false,false,false,false,,,,,,they say love is a strange feeling where you lose control of yourself and yet feel blissful about it have you ever felt such an emotion,,find your prince charming helix,,,video,,
,timex group designs manufactures and markets innovative timepieces and jewelry globally timex founded in has expanded to become timex group a privatelyheld company with several operating units and over employees worldwide one of the largest watch makers in the world timex group companies include the timex business unit timex timex ironman nautica marc ecko and helix timex group luxury watches salvatore ferragamo sequel guess gc and vertime versace timex group built its reputation as the pioneer in timekeeping by harnessing the power and possibility of time from the first clock and wristwatch we produced through data integration – from classic timehonored designs through exclusive luxury collector’s pieces – timex group companies continue to deliver unparalleled quality to highly diverse and global customers,instagram,,facebook,,twitter,,timex india,,uckbqktjdcafsfhxzizhg,jun,india,timex india,198,22588013,,timexgroupindia,,False,False,4710,,timex group designs manufactures and markets innovative timepieces and jewelry globally timex founded in has expanded to become timex group a privatelyheld company with several operating units and over employees worldwide one of the largest watch makers in the world timex group companies include the timex business unit timex timex ironman nautica marc ecko and helix timex group luxury watches salvatore ferragamo sequel guess gc and vertime versace timex group built its reputation as the pioneer in timekeeping by harnessing the power and possibility of time from the first clock and wristwatch we produced through data integration – from classic timehonored designs through exclusive luxury collector’s pieces – timex group companies continue to deliver unparalleled quality to highly diverse and global customers,instagram,,facebook,,twitter,,timex india,,uckbqktjdcafsfhxzizhg,jun,india,timex india,,,,timexgroupindia,,false,tz,,,,,,,,,,,,,,,,,,,,,,,,,,,videos,,,,,ozmwygeko,,,false,false,false,false,,,,,,presenting the allnew timex with altimeter and depth meter the cool new conversation starter,,the new timex with altimeter and depth meter,,,video,,
,timex group designs manufactures and markets innovative timepieces and jewelry globally timex founded in has expanded to become timex group a privatelyheld company with several operating units and over employees worldwide one of the largest watch makers in the world timex group companies include the timex business unit timex timex ironman nautica marc ecko and helix timex group luxury watches salvatore ferragamo sequel guess gc and vertime versace timex group built its reputation as the pioneer in timekeeping by harnessing the power and possibility of time from the first clock and wristwatch we produced through data integration – from classic timehonored designs through exclusive luxury collector’s pieces – timex group companies continue to deliver unparalleled quality to highly diverse and global customers,instagram,,facebook,,twitter,,timex india,,uckbqktjdcafsfhxzizhg,jun,india,timex india,198,22588013,,timexgroupindia,,False,False,4710,,timex group designs manufactures and markets innovative timepieces and jewelry globally timex founded in has expanded to become timex group a privatelyheld company with several operating units and over employees worldwide one of the largest watch makers in the world timex group companies include the timex business unit timex timex ironman nautica marc ecko and helix timex group luxury watches salvatore ferragamo sequel guess gc and vertime versace timex group built its reputation as the pioneer in timekeeping by harnessing the power and possibility of time from the first clock and wristwatch we produced through data integration – from classic timehonored designs through exclusive luxury collector’s pieces – timex group companies continue to deliver unparalleled quality to highly diverse and global customers,instagram,,facebook,,twitter,,timex india,,uckbqktjdcafsfhxzizhg,jun,india,timex india,,,,timexgroupindia,,false,tz,,,,,,,,,,,,,,,,,,,,,,,,,,,videos,,,,,zuhzkntqha,,,false,false,false,false,,,,,,the versace style demonstrates a perfect balance between the classical and the modern attention to details and commitment to the finest quality coexist in every versace creation,,timex presents the versace dvone cruise collection,,,video,,
,timex group designs manufactures and markets innovative timepieces and jewelry globally timex founded in has expanded to become timex group a privatelyheld company with several operating units and over employees worldwide one of the largest watch makers in the world timex group companies include the timex business unit timex timex ironman nautica marc ecko and helix timex group luxury watches salvatore ferragamo sequel guess gc and vertime versace timex group built its reputation as the pioneer in timekeeping by harnessing the power and possibility of time from the first clock and wristwatch we produced through data integration – from classic timehonored designs through exclusive luxury collector’s pieces – timex group companies continue to deliver unparalleled quality to highly diverse and global customers,instagram,,facebook,,twitter,,timex india,,uckbqktjdcafsfhxzizhg,jun,india,timex india,198,22588013,,timexgroupindia,,False,False,4710,,timex group designs manufactures and markets innovative timepieces and jewelry globally timex founded in has expanded to become timex group a privatelyheld company with several operating units and over employees worldwide one of the largest watch makers in the world timex group companies include the timex business unit timex timex ironman nautica marc ecko and helix timex group luxury watches salvatore ferragamo sequel guess gc and vertime versace timex group built its reputation as the pioneer in timekeeping by harnessing the power and possibility of time from the first clock and wristwatch we produced through data integration – from classic timehonored designs through exclusive luxury collector’s pieces – timex group companies continue to deliver unparalleled quality to highly diverse and global customers,instagram,,facebook,,twitter,,timex india,,uckbqktjdcafsfhxzizhg,jun,india,timex india,,,,timexgroupindia,,false,tz,,,,,,,,,,,,,,,,,,,,,,,,,,,videos,,,,,mzbeaoezc,,,false,false,false,false,,,,,,we have all heard that newton discovered gravity under an apple tree wanna know what else we can discover,,dream with helix apple tree,,,video,,
,timex group designs manufactures and markets innovative timepieces and jewelry globally timex founded in has expanded to become timex group a privatelyheld company with several operating units and over employees worldwide one of the largest watch makers in the world timex group companies include the timex business unit timex timex ironman nautica marc ecko and helix timex group luxury watches salvatore ferragamo sequel guess gc and vertime versace timex group built its reputation as the pioneer in timekeeping by harnessing the power and possibility of time from the first clock and wristwatch we produced through data integration – from classic timehonored designs through exclusive luxury collector’s pieces – timex group companies continue to deliver unparalleled quality to highly diverse and global customers,instagram,,facebook,,twitter,,timex india,,uckbqktjdcafsfhxzizhg,jun,india,timex india,198,22588013,,timexgroupindia,,False,False,4710,,timex group designs manufactures and markets innovative timepieces and jewelry globally timex founded in has expanded to become timex group a privatelyheld company with several operating units and over employees worldwide one of the largest watch makers in the world timex group companies include the timex business unit timex timex ironman nautica marc ecko and helix timex group luxury watches salvatore ferragamo sequel guess gc and vertime versace timex group built its reputation as the pioneer in timekeeping by harnessing the power and possibility of time from the first clock and wristwatch we produced through data integration – from classic timehonored designs through exclusive luxury collector’s pieces – timex group companies continue to deliver unparalleled quality to highly diverse and global customers,instagram,,facebook,,twitter,,timex india,,uckbqktjdcafsfhxzizhg,jun,india,timex india,,,,timexgroupindia,,false,tz,,,,,,,,,,,,,,,,,,,,,,,,,,,videos,,,,,nwbpbnvixl,,,false,false,false,false,,,,,,wow almost people on facebook like wasting time and doing nothing we are sure you are gonna love our new video which is all about nothing,,waste time youll never be young again,,,video,,
,timex group designs manufactures and markets innovative timepieces and jewelry globally timex founded in has expanded to become timex group a privatelyheld company with several operating units and over employees worldwide one of the largest watch makers in the world timex group companies include the timex business unit timex timex ironman nautica marc ecko and helix timex group luxury watches salvatore ferragamo sequel guess gc and vertime versace timex group built its reputation as the pioneer in timekeeping by harnessing the power and possibility of time from the first clock and wristwatch we produced through data integration – from classic timehonored designs through exclusive luxury collector’s pieces – timex group companies continue to deliver unparalleled quality to highly diverse and global customers,instagram,,facebook,,twitter,,timex india,,uckbqktjdcafsfhxzizhg,jun,india,timex india,198,22588013,,timexgroupindia,,False,False,4710,,timex group designs manufactures and markets innovative timepieces and jewelry globally timex founded in has expanded to become timex group a privatelyheld company with several operating units and over employees worldwide one of the largest watch makers in the world timex group companies include the timex business unit timex timex ironman nautica marc ecko and helix timex group luxury watches salvatore ferragamo sequel guess gc and vertime versace timex group built its reputation as the pioneer in timekeeping by harnessing the power and possibility of time from the first clock and wristwatch we produced through data integration – from classic timehonored designs through exclusive luxury collector’s pieces – timex group companies continue to deliver unparalleled quality to highly diverse and global customers,instagram,,facebook,,twitter,,timex india,,uckbqktjdcafsfhxzizhg,jun,india,timex india,,,,timexgroupindia,,false,tz,,,,,,,,,,,,,,,,,,,,,,,,,,,videos,,,,,ksxeinhwhm,,,false,false,false,false,,,,,,sometimes when faced with an opposing view its best to change your viewing angle does it make sense,,stand on your head helix,,,video,,
,timex group designs manufactures and markets innovative timepieces and jewelry globally timex founded in has expanded to become timex group a privatelyheld company with several operating units and over employees worldwide one of the largest watch makers in the world timex group companies include the timex business unit timex timex ironman nautica marc ecko and helix timex group luxury watches salvatore ferragamo sequel guess gc and vertime versace timex group built its reputation as the pioneer in timekeeping by harnessing the power and possibility of time from the first clock and wristwatch we produced through data integration – from classic timehonored designs through exclusive luxury collector’s pieces – timex group companies continue to deliver unparalleled quality to highly diverse and global customers,instagram,,facebook,,twitter,,timex india,,uckbqktjdcafsfhxzizhg,jun,india,timex india,198,22588013,,timexgroupindia,,False,False,4710,,timex group designs manufactures and markets innovative timepieces and jewelry globally timex founded in has expanded to become timex group a privatelyheld company with several operating units and over employees worldwide one of the largest watch makers in the world timex group companies include the timex business unit timex timex ironman nautica marc ecko and helix timex group luxury watches salvatore ferragamo sequel guess gc and vertime versace timex group built its reputation as the pioneer in timekeeping by harnessing the power and possibility of time from the first clock and wristwatch we produced through data integration – from classic timehonored designs through exclusive luxury collector’s pieces – timex group companies continue to deliver unparalleled quality to highly diverse and global customers,instagram,,facebook,,twitter,,timex india,,uckbqktjdcafsfhxzizhg,jun,india,timex india,,,,timexgroupindia,,false,tz,,,,,,,,,,,,,,,,,,,,,,,,,,,videos,,,,,ldiedbfdbg,,,false,false,false,false,,,,,,have a look at how timex can be used as the new pickup line with tide temperature and compass all rolled into this sleek timepiece itll surely be the ultimate conversation starter,,the new timex with tide temperature and compass,,,video,,
,timex group designs manufactures and markets innovative timepieces and jewelry globally timex founded in has expanded to become timex group a privatelyheld company with several operating units and over employees worldwide one of the largest watch makers in the world timex group companies include the timex business unit timex timex ironman nautica marc ecko and helix timex group luxury watches salvatore ferragamo sequel guess gc and vertime versace timex group built its reputation as the pioneer in timekeeping by harnessing the power and possibility of time from the first clock and wristwatch we produced through data integration – from classic timehonored designs through exclusive luxury collector’s pieces – timex group companies continue to deliver unparalleled quality to highly diverse and global customers,instagram,,facebook,,twitter,,timex india,,uckbqktjdcafsfhxzizhg,jun,india,timex india,198,22588013,,timexgroupindia,,False,False,4710,,timex group designs manufactures and markets innovative timepieces and jewelry globally timex founded in has expanded to become timex group a privatelyheld company with several operating units and over employees worldwide one of the largest watch makers in the world timex group companies include the timex business unit timex timex ironman nautica marc ecko and helix timex group luxury watches salvatore ferragamo sequel guess gc and vertime versace timex group built its reputation as the pioneer in timekeeping by harnessing the power and possibility of time from the first clock and wristwatch we produced through data integration – from classic timehonored designs through exclusive luxury collector’s pieces – timex group companies continue to deliver unparalleled quality to highly diverse and global customers,instagram,,facebook,,twitter,,timex india,,uckbqktjdcafsfhxzizhg,jun,india,timex india,,,,timexgroupindia,,false,tz,,,,,,,,,,,,,,,,,,,,,,,,,,,videos,,,,,gjldfdbgk,,,false,false,false,false,,,,,,when we were toddlers trying to catch our shadow was a favourite pasttime but hey who says we cant still do it find out how you can relive your childhood memories,,beat your shadow helix,,,video,,
,timex group designs manufactures and markets innovative timepieces and jewelry globally timex founded in has expanded to become timex group a privatelyheld company with several operating units and over employees worldwide one of the largest watch makers in the world timex group companies include the timex business unit timex timex ironman nautica marc ecko and helix timex group luxury watches salvatore ferragamo sequel guess gc and vertime versace timex group built its reputation as the pioneer in timekeeping by harnessing the power and possibility of time from the first clock and wristwatch we produced through data integration – from classic timehonored designs through exclusive luxury collector’s pieces – timex group companies continue to deliver unparalleled quality to highly diverse and global customers,instagram,,facebook,,twitter,,timex india,,uckbqktjdcafsfhxzizhg,jun,india,timex india,198,22588013,,timexgroupindia,,False,False,4710,,timex group designs manufactures and markets innovative timepieces and jewelry globally timex founded in has expanded to become timex group a privatelyheld company with several operating units and over employees worldwide one of the largest watch makers in the world timex group companies include the timex business unit timex timex ironman nautica marc ecko and helix timex group luxury watches salvatore ferragamo sequel guess gc and vertime versace timex group built its reputation as the pioneer in timekeeping by harnessing the power and possibility of time from the first clock and wristwatch we produced through data integration – from classic timehonored designs through exclusive luxury collector’s pieces – timex group companies continue to deliver unparalleled quality to highly diverse and global customers,instagram,,facebook,,twitter,,timex india,,uckbqktjdcafsfhxzizhg,jun,india,timex india,,,,timexgroupindia,,false,tz,,,,,,,,,,,,,,,,,,,,,,,,,,,videos,,,,,sykswbiftw,,,false,false,false,false,,,,,,sometimes its best to close your eyes and see everything at once,,helix goggles,,,video,,
,timex group designs manufactures and markets innovative timepieces and jewelry globally timex founded in has expanded to become timex group a privatelyheld company with several operating units and over employees worldwide one of the largest watch makers in the world timex group companies include the timex business unit timex timex ironman nautica marc ecko and helix timex group luxury watches salvatore ferragamo sequel guess gc and vertime versace timex group built its reputation as the pioneer in timekeeping by harnessing the power and possibility of time from the first clock and wristwatch we produced through data integration – from classic timehonored designs through exclusive luxury collector’s pieces – timex group companies continue to deliver unparalleled quality to highly diverse and global customers,instagram,,facebook,,twitter,,timex india,,uckbqktjdcafsfhxzizhg,jun,india,timex india,198,22588013,,timexgroupindia,,False,False,4710,,timex group designs manufactures and markets innovative timepieces and jewelry globally timex founded in has expanded to become timex group a privatelyheld company with several operating units and over employees worldwide one of the largest watch makers in the world timex group companies include the timex business unit timex timex ironman nautica marc ecko and helix timex group luxury watches salvatore ferragamo sequel guess gc and vertime versace timex group built its reputation as the pioneer in timekeeping by harnessing the power and possibility of time from the first clock and wristwatch we produced through data integration – from classic timehonored designs through exclusive luxury collector’s pieces – timex group companies continue to deliver unparalleled quality to highly diverse and global customers,instagram,,facebook,,twitter,,timex india,,uckbqktjdcafsfhxzizhg,jun,india,timex india,,,,timexgroupindia,,false,tz,,,,,,,,,,,,,,,,,,,,,,,,,,,videos,,,,,rkwzlzgps,,,false,false,false,false,,,,,,ever since watches moved from the pocket to the wrist timex has defined how the world tells time,,timex redefining time since,,,video,,
,timex group designs manufactures and markets innovative timepieces and jewelry globally timex founded in has expanded to become timex group a privatelyheld company with several operating units and over employees worldwide one of the largest watch makers in the world timex group companies include the timex business unit timex timex ironman nautica marc ecko and helix timex group luxury watches salvatore ferragamo sequel guess gc and vertime versace timex group built its reputation as the pioneer in timekeeping by harnessing the power and possibility of time from the first clock and wristwatch we produced through data integration – from classic timehonored designs through exclusive luxury collector’s pieces – timex group companies continue to deliver unparalleled quality to highly diverse and global customers,instagram,,facebook,,twitter,,timex india,,uckbqktjdcafsfhxzizhg,jun,india,timex india,198,22588013,,timexgroupindia,,False,False,4710,,timex group designs manufactures and markets innovative timepieces and jewelry globally timex founded in has expanded to become timex group a privatelyheld company with several operating units and over employees worldwide one of the largest watch makers in the world timex group companies include the timex business unit timex timex ironman nautica marc ecko and helix timex group luxury watches salvatore ferragamo sequel guess gc and vertime versace timex group built its reputation as the pioneer in timekeeping by harnessing the power and possibility of time from the first clock and wristwatch we produced through data integration – from classic timehonored designs through exclusive luxury collector’s pieces – timex group companies continue to deliver unparalleled quality to highly diverse and global customers,instagram,,facebook,,twitter,,timex india,,uckbqktjdcafsfhxzizhg,jun,india,timex india,,,,timexgroupindia,,false,tz,,,,,,,,,,,,,,,,,,,,,,,,,,,videos,,,,,fhjivztqcai,,,false,false,false,false,,,,,,every great achievement was once a dream so go back to sleep and keep dreaming,,live every dream with helix,,,video,,
,timex group designs manufactures and markets innovative timepieces and jewelry globally timex founded in has expanded to become timex group a privatelyheld company with several operating units and over employees worldwide one of the largest watch makers in the world timex group companies include the timex business unit timex timex ironman nautica marc ecko and helix timex group luxury watches salvatore ferragamo sequel guess gc and vertime versace timex group built its reputation as the pioneer in timekeeping by harnessing the power and possibility of time from the first clock and wristwatch we produced through data integration – from classic timehonored designs through exclusive luxury collector’s pieces – timex group companies continue to deliver unparalleled quality to highly diverse and global customers,instagram,,facebook,,twitter,,timex india,,uckbqktjdcafsfhxzizhg,jun,india,timex india,198,22588013,,timexgroupindia,,False,False,4710,,timex group designs manufactures and markets innovative timepieces and jewelry globally timex founded in has expanded to become timex group a privatelyheld company with several operating units and over employees worldwide one of the largest watch makers in the world timex group companies include the timex business unit timex timex ironman nautica marc ecko and helix timex group luxury watches salvatore ferragamo sequel guess gc and vertime versace timex group built its reputation as the pioneer in timekeeping by harnessing the power and possibility of time from the first clock and wristwatch we produced through data integration – from classic timehonored designs through exclusive luxury collector’s pieces – timex group companies continue to deliver unparalleled quality to highly diverse and global customers,instagram,,facebook,,twitter,,timex india,,uckbqktjdcafsfhxzizhg,jun,india,timex india,,,,timexgroupindia,,false,tz,,,,,,,,,,,,,,,,,,,,,,,,,,,videos,,,,,rgsesis,,,false,false,false,false,,,,,,ever since watches moved from the pocket to the wrist timex has defined how the world tells time enjoy this look back at years of watchmaking,,timex years of precision watchmaking,,,video,,
,timex group designs manufactures and markets innovative timepieces and jewelry globally timex founded in has expanded to become timex group a privatelyheld company with several operating units and over employees worldwide one of the largest watch makers in the world timex group companies include the timex business unit timex timex ironman nautica marc ecko and helix timex group luxury watches salvatore ferragamo sequel guess gc and vertime versace timex group built its reputation as the pioneer in timekeeping by harnessing the power and possibility of time from the first clock and wristwatch we produced through data integration – from classic timehonored designs through exclusive luxury collector’s pieces – timex group companies continue to deliver unparalleled quality to highly diverse and global customers,instagram,,facebook,,twitter,,timex india,,uckbqktjdcafsfhxzizhg,jun,india,timex india,198,22588013,,timexgroupindia,,False,False,4710,,timex group designs manufactures and markets innovative timepieces and jewelry globally timex founded in has expanded to become timex group a privatelyheld company with several operating units and over employees worldwide one of the largest watch makers in the world timex group companies include the timex business unit timex timex ironman nautica marc ecko and helix timex group luxury watches salvatore ferragamo sequel guess gc and vertime versace timex group built its reputation as the pioneer in timekeeping by harnessing the power and possibility of time from the first clock and wristwatch we produced through data integration – from classic timehonored designs through exclusive luxury collector’s pieces – timex group companies continue to deliver unparalleled quality to highly diverse and global customers,instagram,,facebook,,twitter,,timex india,,uckbqktjdcafsfhxzizhg,jun,india,timex india,,,,timexgroupindia,,false,tz,,,,,,,,,,,,,,,,,,,,,,,,,,,videos,,,,,pkybyuddka,,,false,false,false,false,,,,,,our t is a throwback to the decade that gave us big hair big music and big dreams it also pays homage to our first digital watches some of the first to hit the market to honor those early hits we’re proudly reintroducing the t for a whole new generation – a watch that’s both a stylish accessory and a serious timekeeping device the fun retro design packs a date display a stopwatch and an alarm into something that looks great no matter where you’re going from here rock your t on an expansion band a bracelet or even a strap of your choice – we don’t mind as long as you rock it,,timex t x pacman™,,,video,,
,timex group designs manufactures and markets innovative timepieces and jewelry globally timex founded in has expanded to become timex group a privatelyheld company with several operating units and over employees worldwide one of the largest watch makers in the world timex group companies include the timex business unit timex timex ironman nautica marc ecko and helix timex group luxury watches salvatore ferragamo sequel guess gc and vertime versace timex group built its reputation as the pioneer in timekeeping by harnessing the power and possibility of time from the first clock and wristwatch we produced through data integration – from classic timehonored designs through exclusive luxury collector’s pieces – timex group companies continue to deliver unparalleled quality to highly diverse and global customers,instagram,,facebook,,twitter,,timex india,,uckbqktjdcafsfhxzizhg,jun,india,timex india,198,22588013,,timexgroupindia,,False,False,4710,,timex group designs manufactures and markets innovative timepieces and jewelry globally timex founded in has expanded to become timex group a privatelyheld company with several operating units and over employees worldwide one of the largest watch makers in the world timex group companies include the timex business unit timex timex ironman nautica marc ecko and helix timex group luxury watches salvatore ferragamo sequel guess gc and vertime versace timex group built its reputation as the pioneer in timekeeping by harnessing the power and possibility of time from the first clock and wristwatch we produced through data integration – from classic timehonored designs through exclusive luxury collector’s pieces – timex group companies continue to deliver unparalleled quality to highly diverse and global customers,instagram,,facebook,,twitter,,timex india,,uckbqktjdcafsfhxzizhg,jun,india,timex india,,,,timexgroupindia,,false,tz,,,,,helixindia,,helixindia,,helixwatches,,,,,,,,,,,,,,,,,,videos,,,,,wywjtbyul,,,false,false,false,false,,,,,,we bring you the perfect smart style companion helix metalfit ⌚ the allnew improved smartwatch comes with bluetooth calling spo monitor heart rate monitor temperature sensor stress monitor sleep activity tracker different sports modes days battery life under normal usage and much more available in colour variants you can also enjoy multiple watch faces on your wrist to compliment all your moods and styles shop now for more information visit our website follow us on instagram helixindia facebook helixindia twitter helixwatches,,helix metalfit,,,video,,
,timex group designs manufactures and markets innovative timepieces and jewelry globally timex founded in has expanded to become timex group a privatelyheld company with several operating units and over employees worldwide one of the largest watch makers in the world timex group companies include the timex business unit timex timex ironman nautica marc ecko and helix timex group luxury watches salvatore ferragamo sequel guess gc and vertime versace timex group built its reputation as the pioneer in timekeeping by harnessing the power and possibility of time from the first clock and wristwatch we produced through data integration – from classic timehonored designs through exclusive luxury collector’s pieces – timex group companies continue to deliver unparalleled quality to highly diverse and global customers,instagram,,facebook,,twitter,,timex india,,uckbqktjdcafsfhxzizhg,jun,india,timex india,198,22588013,,timexgroupindia,,False,False,4710,,timex group designs manufactures and markets innovative timepieces and jewelry globally timex founded in has expanded to become timex group a privatelyheld company with several operating units and over employees worldwide one of the largest watch makers in the world timex group companies include the timex business unit timex timex ironman nautica marc ecko and helix timex group luxury watches salvatore ferragamo sequel guess gc and vertime versace timex group built its reputation as the pioneer in timekeeping by harnessing the power and possibility of time from the first clock and wristwatch we produced through data integration – from classic timehonored designs through exclusive luxury collector’s pieces – timex group companies continue to deliver unparalleled quality to highly diverse and global customers,instagram,,facebook,,twitter,,timex india,,uckbqktjdcafsfhxzizhg,jun,india,timex india,,,,timexgroupindia,,false,tz,,,,,,,,,,,,,,,,,,,,,,,,,,,videos,,,,,ywieyzcry,,,false,false,false,false,,,,,,features • color touchscreen display with customizable watch face easytouse app available for ios and android • make receive calls with builtin speaker receive notifications for facebook whatsapp email text • optical heart rate monitor sleep activity tracker steps calories distance • recharge battery with microusb cable,,iconnect by timex square case,,,video,,
,timex group designs manufactures and markets innovative timepieces and jewelry globally timex founded in has expanded to become timex group a privatelyheld company with several operating units and over employees worldwide one of the largest watch makers in the world timex group companies include the timex business unit timex timex ironman nautica marc ecko and helix timex group luxury watches salvatore ferragamo sequel guess gc and vertime versace timex group built its reputation as the pioneer in timekeeping by harnessing the power and possibility of time from the first clock and wristwatch we produced through data integration – from classic timehonored designs through exclusive luxury collector’s pieces – timex group companies continue to deliver unparalleled quality to highly diverse and global customers,instagram,,facebook,,twitter,,timex india,,uckbqktjdcafsfhxzizhg,jun,india,timex india,198,22588013,,timexgroupindia,,False,False,4710,,timex group designs manufactures and markets innovative timepieces and jewelry globally timex founded in has expanded to become timex group a privatelyheld company with several operating units and over employees worldwide one of the largest watch makers in the world timex group companies include the timex business unit timex timex ironman nautica marc ecko and helix timex group luxury watches salvatore ferragamo sequel guess gc and vertime versace timex group built its reputation as the pioneer in timekeeping by harnessing the power and possibility of time from the first clock and wristwatch we produced through data integration – from classic timehonored designs through exclusive luxury collector’s pieces – timex group companies continue to deliver unparalleled quality to highly diverse and global customers,instagram,,facebook,,twitter,,timex india,,uckbqktjdcafsfhxzizhg,jun,india,timex india,,,,timexgroupindia,,false,tz,,,,,,,,,,,,,,,,,,,,,,,,,,,videos,,,,,dkpkfkyoa,,,false,false,false,false,,,,,,,,making of the art of time,,,video,,
,timex group designs manufactures and markets innovative timepieces and jewelry globally timex founded in has expanded to become timex group a privatelyheld company with several operating units and over employees worldwide one of the largest watch makers in the world timex group companies include the timex business unit timex timex ironman nautica marc ecko and helix timex group luxury watches salvatore ferragamo sequel guess gc and vertime versace timex group built its reputation as the pioneer in timekeeping by harnessing the power and possibility of time from the first clock and wristwatch we produced through data integration – from classic timehonored designs through exclusive luxury collector’s pieces – timex group companies continue to deliver unparalleled quality to highly diverse and global customers,instagram,,facebook,,twitter,,timex india,,uckbqktjdcafsfhxzizhg,jun,india,timex india,198,22588013,,timexgroupindia,,False,False,4710,,timex group designs manufactures and markets innovative timepieces and jewelry globally timex founded in has expanded to become timex group a privatelyheld company with several operating units and over employees worldwide one of the largest watch makers in the world timex group companies include the timex business unit timex timex ironman nautica marc ecko and helix timex group luxury watches salvatore ferragamo sequel guess gc and vertime versace timex group built its reputation as the pioneer in timekeeping by harnessing the power and possibility of time from the first clock and wristwatch we produced through data integration – from classic timehonored designs through exclusive luxury collector’s pieces – timex group companies continue to deliver unparalleled quality to highly diverse and global customers,instagram,,facebook,,twitter,,timex india,,uckbqktjdcafsfhxzizhg,jun,india,timex india,,,,timexgroupindia,,false,tz,wedontstop,,timex,,timexindia,,,,,,,,,,,,,,,,,,,,,,videos,,,,,ocovuwnqy,,,false,false,false,false,,,,,,efrain is a yearold midﬁelder for the la galaxy and a soccer phenom taking the world of major league soccer by storm the la native became the galaxy’s youngest player with his mls debut game that included two goals in the last period of play alvarez was also named to the mexican u fifa world cup team wedontstop timex timexindia,,wedontstop efrain elvarez,,,video,,
,timex group designs manufactures and markets innovative timepieces and jewelry globally timex founded in has expanded to become timex group a privatelyheld company with several operating units and over employees worldwide one of the largest watch makers in the world timex group companies include the timex business unit timex timex ironman nautica marc ecko and helix timex group luxury watches salvatore ferragamo sequel guess gc and vertime versace timex group built its reputation as the pioneer in timekeeping by harnessing the power and possibility of time from the first clock and wristwatch we produced through data integration – from classic timehonored designs through exclusive luxury collector’s pieces – timex group companies continue to deliver unparalleled quality to highly diverse and global customers,instagram,,facebook,,twitter,,timex india,,uckbqktjdcafsfhxzizhg,jun,india,timex india,198,22588013,,timexgroupindia,,False,False,4710,,timex group designs manufactures and markets innovative timepieces and jewelry globally timex founded in has expanded to become timex group a privatelyheld company with several operating units and over employees worldwide one of the largest watch makers in the world timex group companies include the timex business unit timex timex ironman nautica marc ecko and helix timex group luxury watches salvatore ferragamo sequel guess gc and vertime versace timex group built its reputation as the pioneer in timekeeping by harnessing the power and possibility of time from the first clock and wristwatch we produced through data integration – from classic timehonored designs through exclusive luxury collector’s pieces – timex group companies continue to deliver unparalleled quality to highly diverse and global customers,instagram,,facebook,,twitter,,timex india,,uckbqktjdcafsfhxzizhg,jun,india,timex india,,,,timexgroupindia,,false,tz,,,,,,,,,,,,,,,,,,,,,,,,,,,videos,,,,,hwcrkkaujc,,,false,false,false,false,,,,,,your ex is a loser and our q timex x secondeseconde loser collection agrees this update to our ‘s q timex is complete with a customized second hand and unique dial markings clearly branding your ‘ex’ as the ‘loser’ but beware while this watch can definitely be some sort of a remedy for a hard breakup just be warned that aside from soothing the wound it could also hurt a bit the ‘l’ hand takes an unexpected turn pointing towards you every minute get yours now at,,timex x secondeseconde loser,,,video,,
,timex group designs manufactures and markets innovative timepieces and jewelry globally timex founded in has expanded to become timex group a privatelyheld company with several operating units and over employees worldwide one of the largest watch makers in the world timex group companies include the timex business unit timex timex ironman nautica marc ecko and helix timex group luxury watches salvatore ferragamo sequel guess gc and vertime versace timex group built its reputation as the pioneer in timekeeping by harnessing the power and possibility of time from the first clock and wristwatch we produced through data integration – from classic timehonored designs through exclusive luxury collector’s pieces – timex group companies continue to deliver unparalleled quality to highly diverse and global customers,instagram,,facebook,,twitter,,timex india,,uckbqktjdcafsfhxzizhg,jun,india,timex india,198,22588013,,timexgroupindia,,False,False,4710,,timex group designs manufactures and markets innovative timepieces and jewelry globally timex founded in has expanded to become timex group a privatelyheld company with several operating units and over employees worldwide one of the largest watch makers in the world timex group companies include the timex business unit timex timex ironman nautica marc ecko and helix timex group luxury watches salvatore ferragamo sequel guess gc and vertime versace timex group built its reputation as the pioneer in timekeeping by harnessing the power and possibility of time from the first clock and wristwatch we produced through data integration – from classic timehonored designs through exclusive luxury collector’s pieces – timex group companies continue to deliver unparalleled quality to highly diverse and global customers,instagram,,facebook,,twitter,,timex india,,uckbqktjdcafsfhxzizhg,jun,india,timex india,,,,timexgroupindia,,false,tz,,,,,,,,,,,,,,,,,,,,,,,,,,,videos,,,,,okwxvbpfg,,,false,false,false,false,,,,,,latest technology meets the finest craftsmanship introducing the timex blink hr a performance that defines perfection and durability,,get started with timex blink hr,,,video,,
,timex group designs manufactures and markets innovative timepieces and jewelry globally timex founded in has expanded to become timex group a privatelyheld company with several operating units and over employees worldwide one of the largest watch makers in the world timex group companies include the timex business unit timex timex ironman nautica marc ecko and helix timex group luxury watches salvatore ferragamo sequel guess gc and vertime versace timex group built its reputation as the pioneer in timekeeping by harnessing the power and possibility of time from the first clock and wristwatch we produced through data integration – from classic timehonored designs through exclusive luxury collector’s pieces – timex group companies continue to deliver unparalleled quality to highly diverse and global customers,instagram,,facebook,,twitter,,timex india,,uckbqktjdcafsfhxzizhg,jun,india,timex india,198,22588013,,timexgroupindia,,False,False,4710,,timex group designs manufactures and markets innovative timepieces and jewelry globally timex founded in has expanded to become timex group a privatelyheld company with several operating units and over employees worldwide one of the largest watch makers in the world timex group companies include the timex business unit timex timex ironman nautica marc ecko and helix timex group luxury watches salvatore ferragamo sequel guess gc and vertime versace timex group built its reputation as the pioneer in timekeeping by harnessing the power and possibility of time from the first clock and wristwatch we produced through data integration – from classic timehonored designs through exclusive luxury collector’s pieces – timex group companies continue to deliver unparalleled quality to highly diverse and global customers,instagram,,facebook,,twitter,,timex india,,uckbqktjdcafsfhxzizhg,jun,india,timex india,,,,timexgroupindia,,false,tz,,,,,,,,,,,,,,,,,,,,,,,,,,,videos,,,,,vswrdnrlvym,,,false,false,false,false,,,,,,features adjustable mm silicone strap fits up to inch wrist circumference lightweight alloy mm round case • color touchscreen display with customizable watch face easytouse app available for ios and android • make receive calls with builtin speaker receive notifications for facebook whatsapp email text • optical heart rate monitor sleep activity tracker steps calories distance • recharge battery with microusb cable,,iconnect by timex round case,,,video,,
,timex group designs manufactures and markets innovative timepieces and jewelry globally timex founded in has expanded to become timex group a privatelyheld company with several operating units and over employees worldwide one of the largest watch makers in the world timex group companies include the timex business unit timex timex ironman nautica marc ecko and helix timex group luxury watches salvatore ferragamo sequel guess gc and vertime versace timex group built its reputation as the pioneer in timekeeping by harnessing the power and possibility of time from the first clock and wristwatch we produced through data integration – from classic timehonored designs through exclusive luxury collector’s pieces – timex group companies continue to deliver unparalleled quality to highly diverse and global customers,instagram,,facebook,,twitter,,timex india,,uckbqktjdcafsfhxzizhg,jun,india,timex india,198,22588013,,timexgroupindia,,False,False,4710,,timex group designs manufactures and markets innovative timepieces and jewelry globally timex founded in has expanded to become timex group a privatelyheld company with several operating units and over employees worldwide one of the largest watch makers in the world timex group companies include the timex business unit timex timex ironman nautica marc ecko and helix timex group luxury watches salvatore ferragamo sequel guess gc and vertime versace timex group built its reputation as the pioneer in timekeeping by harnessing the power and possibility of time from the first clock and wristwatch we produced through data integration – from classic timehonored designs through exclusive luxury collector’s pieces – timex group companies continue to deliver unparalleled quality to highly diverse and global customers,instagram,,facebook,,twitter,,timex india,,uckbqktjdcafsfhxzizhg,jun,india,timex india,,,,timexgroupindia,,false,tz,,,,,,,,,,,,,,,,,,,,,,,,,,,videos,,,,,zboezds,,,false,false,false,false,,,,,,presenting stateoftheart timex health tracker watches with walk sensor and diet dairy it knows you and understands your way of life it walks with you at every step to keep you aware of your health your digital health companion is on the mission to keep you healthy timex health tracker watches keeps on ticking,,timex health tracker,,,video,,
,timex group designs manufactures and markets innovative timepieces and jewelry globally timex founded in has expanded to become timex group a privatelyheld company with several operating units and over employees worldwide one of the largest watch makers in the world timex group companies include the timex business unit timex timex ironman nautica marc ecko and helix timex group luxury watches salvatore ferragamo sequel guess gc and vertime versace timex group built its reputation as the pioneer in timekeeping by harnessing the power and possibility of time from the first clock and wristwatch we produced through data integration – from classic timehonored designs through exclusive luxury collector’s pieces – timex group companies continue to deliver unparalleled quality to highly diverse and global customers,instagram,,facebook,,twitter,,timex india,,uckbqktjdcafsfhxzizhg,jun,india,timex india,198,22588013,,timexgroupindia,,False,False,4710,,timex group designs manufactures and markets innovative timepieces and jewelry globally timex founded in has expanded to become timex group a privatelyheld company with several operating units and over employees worldwide one of the largest watch makers in the world timex group companies include the timex business unit timex timex ironman nautica marc ecko and helix timex group luxury watches salvatore ferragamo sequel guess gc and vertime versace timex group built its reputation as the pioneer in timekeeping by harnessing the power and possibility of time from the first clock and wristwatch we produced through data integration – from classic timehonored designs through exclusive luxury collector’s pieces – timex group companies continue to deliver unparalleled quality to highly diverse and global customers,instagram,,facebook,,twitter,,timex india,,uckbqktjdcafsfhxzizhg,jun,india,timex india,,,,timexgroupindia,,false,tz,,,,,,,,,,,,,,,,,,,,,,,,,,,videos,,,,,vkcizwgwwy,,,false,false,false,false,,,,,,timex has its manufacturing plant in baddi himachal pradesh ndtv prime took a trip to the hills to check out how timex puts together its lineup of watches and came back very surprised,,gadget gurus timex watch factory visit,,,video,,
,timex group designs manufactures and markets innovative timepieces and jewelry globally timex founded in has expanded to become timex group a privatelyheld company with several operating units and over employees worldwide one of the largest watch makers in the world timex group companies include the timex business unit timex timex ironman nautica marc ecko and helix timex group luxury watches salvatore ferragamo sequel guess gc and vertime versace timex group built its reputation as the pioneer in timekeeping by harnessing the power and possibility of time from the first clock and wristwatch we produced through data integration – from classic timehonored designs through exclusive luxury collector’s pieces – timex group companies continue to deliver unparalleled quality to highly diverse and global customers,instagram,,facebook,,twitter,,timex india,,uckbqktjdcafsfhxzizhg,jun,india,timex india,198,22588013,,timexgroupindia,,False,False,4710,,timex group designs manufactures and markets innovative timepieces and jewelry globally timex founded in has expanded to become timex group a privatelyheld company with several operating units and over employees worldwide one of the largest watch makers in the world timex group companies include the timex business unit timex timex ironman nautica marc ecko and helix timex group luxury watches salvatore ferragamo sequel guess gc and vertime versace timex group built its reputation as the pioneer in timekeeping by harnessing the power and possibility of time from the first clock and wristwatch we produced through data integration – from classic timehonored designs through exclusive luxury collector’s pieces – timex group companies continue to deliver unparalleled quality to highly diverse and global customers,instagram,,facebook,,twitter,,timex india,,uckbqktjdcafsfhxzizhg,jun,india,timex india,,,,timexgroupindia,,false,tz,,,,,,,,,,,,,,,,,,,,,,,,,,,videos,,,,,yscovuayvhc,,,false,false,false,false,,,,,,charged by any light with a twomonth power reserve our expedition ranger solar is a sustainable adventureready companion powered by natural energy,,expedition ranger solar collection timex,,,video,,
,timex group designs manufactures and markets innovative timepieces and jewelry globally timex founded in has expanded to become timex group a privatelyheld company with several operating units and over employees worldwide one of the largest watch makers in the world timex group companies include the timex business unit timex timex ironman nautica marc ecko and helix timex group luxury watches salvatore ferragamo sequel guess gc and vertime versace timex group built its reputation as the pioneer in timekeeping by harnessing the power and possibility of time from the first clock and wristwatch we produced through data integration – from classic timehonored designs through exclusive luxury collector’s pieces – timex group companies continue to deliver unparalleled quality to highly diverse and global customers,instagram,,facebook,,twitter,,timex india,,uckbqktjdcafsfhxzizhg,jun,india,timex india,198,22588013,,timexgroupindia,,False,False,4710,,timex group designs manufactures and markets innovative timepieces and jewelry globally timex founded in has expanded to become timex group a privatelyheld company with several operating units and over employees worldwide one of the largest watch makers in the world timex group companies include the timex business unit timex timex ironman nautica marc ecko and helix timex group luxury watches salvatore ferragamo sequel guess gc and vertime versace timex group built its reputation as the pioneer in timekeeping by harnessing the power and possibility of time from the first clock and wristwatch we produced through data integration – from classic timehonored designs through exclusive luxury collector’s pieces – timex group companies continue to deliver unparalleled quality to highly diverse and global customers,instagram,,facebook,,twitter,,timex india,,uckbqktjdcafsfhxzizhg,jun,india,timex india,,,,timexgroupindia,,false,tz,,,,,,,,,,,,,,,,,,,,,,,,,,,videos,,,,,gntkoti,,,false,false,false,false,,,,,,keep yourself moving track steps distance calories burned set goals follow your improvement,,timex move x,,,video,,
,timex group designs manufactures and markets innovative timepieces and jewelry globally timex founded in has expanded to become timex group a privatelyheld company with several operating units and over employees worldwide one of the largest watch makers in the world timex group companies include the timex business unit timex timex ironman nautica marc ecko and helix timex group luxury watches salvatore ferragamo sequel guess gc and vertime versace timex group built its reputation as the pioneer in timekeeping by harnessing the power and possibility of time from the first clock and wristwatch we produced through data integration – from classic timehonored designs through exclusive luxury collector’s pieces – timex group companies continue to deliver unparalleled quality to highly diverse and global customers,instagram,,facebook,,twitter,,timex india,,uckbqktjdcafsfhxzizhg,jun,india,timex india,198,22588013,,timexgroupindia,,False,False,4710,,timex group designs manufactures and markets innovative timepieces and jewelry globally timex founded in has expanded to become timex group a privatelyheld company with several operating units and over employees worldwide one of the largest watch makers in the world timex group companies include the timex business unit timex timex ironman nautica marc ecko and helix timex group luxury watches salvatore ferragamo sequel guess gc and vertime versace timex group built its reputation as the pioneer in timekeeping by harnessing the power and possibility of time from the first clock and wristwatch we produced through data integration – from classic timehonored designs through exclusive luxury collector’s pieces – timex group companies continue to deliver unparalleled quality to highly diverse and global customers,instagram,,facebook,,twitter,,timex india,,uckbqktjdcafsfhxzizhg,jun,india,timex india,,,,timexgroupindia,,false,tz,,,,,,,,,,,,,,,,,,,,,,,,,,,videos,,,,,ykgdekhgtm,,,false,false,false,false,,,,,,built for the outdoor adventures its sturdy clean structure is inspired from classic militarystyle watches of the past it has a durable stainlesssteel case a soft synthetic rubber strap with recycled cotton overlay shop be ready to answer when the wilderness calls​,,watch out for the wilderness timex expedition north range,,,video,,
,timex group designs manufactures and markets innovative timepieces and jewelry globally timex founded in has expanded to become timex group a privatelyheld company with several operating units and over employees worldwide one of the largest watch makers in the world timex group companies include the timex business unit timex timex ironman nautica marc ecko and helix timex group luxury watches salvatore ferragamo sequel guess gc and vertime versace timex group built its reputation as the pioneer in timekeeping by harnessing the power and possibility of time from the first clock and wristwatch we produced through data integration – from classic timehonored designs through exclusive luxury collector’s pieces – timex group companies continue to deliver unparalleled quality to highly diverse and global customers,instagram,,facebook,,twitter,,timex india,,uckbqktjdcafsfhxzizhg,jun,india,timex india,198,22588013,,timexgroupindia,,False,False,4710,,timex group designs manufactures and markets innovative timepieces and jewelry globally timex founded in has expanded to become timex group a privatelyheld company with several operating units and over employees worldwide one of the largest watch makers in the world timex group companies include the timex business unit timex timex ironman nautica marc ecko and helix timex group luxury watches salvatore ferragamo sequel guess gc and vertime versace timex group built its reputation as the pioneer in timekeeping by harnessing the power and possibility of time from the first clock and wristwatch we produced through data integration – from classic timehonored designs through exclusive luxury collector’s pieces – timex group companies continue to deliver unparalleled quality to highly diverse and global customers,instagram,,facebook,,twitter,,timex india,,uckbqktjdcafsfhxzizhg,jun,india,timex india,,,,timexgroupindia,,false,tz,,,,,,,,,,,,,,,,,,,,,,,,,,,videos,,,,,bhjhiqsqo,,,false,false,false,false,,,,,,it all started in … see mr q’s dangerous mission and daring escape via speedboat down the river thames in ’s london first released in our original diverinspired q timex gave a new generation a modern timex® watch with quartz technology a true reissue we recreated every detail—including the truetotheera woven stainlesssteel bracelet functional battery hatch rotating top ring luminescent paint and ticking inside is a modern quartz movement,,q timex reissue,,,video,,
,timex group designs manufactures and markets innovative timepieces and jewelry globally timex founded in has expanded to become timex group a privatelyheld company with several operating units and over employees worldwide one of the largest watch makers in the world timex group companies include the timex business unit timex timex ironman nautica marc ecko and helix timex group luxury watches salvatore ferragamo sequel guess gc and vertime versace timex group built its reputation as the pioneer in timekeeping by harnessing the power and possibility of time from the first clock and wristwatch we produced through data integration – from classic timehonored designs through exclusive luxury collector’s pieces – timex group companies continue to deliver unparalleled quality to highly diverse and global customers,instagram,,facebook,,twitter,,timex india,,uckbqktjdcafsfhxzizhg,jun,india,timex india,198,22588013,,timexgroupindia,,False,False,4710,,timex group designs manufactures and markets innovative timepieces and jewelry globally timex founded in has expanded to become timex group a privatelyheld company with several operating units and over employees worldwide one of the largest watch makers in the world timex group companies include the timex business unit timex timex ironman nautica marc ecko and helix timex group luxury watches salvatore ferragamo sequel guess gc and vertime versace timex group built its reputation as the pioneer in timekeeping by harnessing the power and possibility of time from the first clock and wristwatch we produced through data integration – from classic timehonored designs through exclusive luxury collector’s pieces – timex group companies continue to deliver unparalleled quality to highly diverse and global customers,instagram,,facebook,,twitter,,timex india,,uckbqktjdcafsfhxzizhg,jun,india,timex india,,,,timexgroupindia,,false,tz,,,,,,,,,,,,,,,,,,,,,,,,,,,shorts,,,,,mtygxanc,,,false,false,false,false,,,,,,,,time to collect them all which one is your favoritetimexindia timextoytrend aitrend chatgpt,,,shorts,,
